SEQ,Year,Region,Nights,Date,From,To,Itinerary,Cruise Line,Ship,Sale,RetailOut,RetailBalc,RetailSuite,Inside,Oceanview,Balcony,Suite,Shipmap,Cruise Offer URL,User ID,Tick if Promo applies: (label),Tick if Promo applies:,Promo Description,DisplayPromoFrom,DisplayPromoUntil,Timestamp,Last Updated,Created By,Updated By,Entry Status,IP,ID,Key
86254,2025,Europe,7,07-Jul-25,"Budapest, Hungary","Vilshofen, Germany",Melodies of the Danube 2025 ,AmaWaterways,AmaBella,29-Mar-25,,,,"$3,440.00","$4,040.00","$4,640.00",Quote Available,https://www.amawaterways.au/Assets/Desktop/Cruises/melodiesofthedanube_bud_vil_map_2020.jpg,https://www.amawaterways.au/destination/europe-river-cruises/2025/melodies-of-the-danube,,,,,,,,,,,,,,
86252,2025,Europe,14,07-Jul-25,"Geneva, Switzerland","Nice, France",Essence of Burgundy & Provence 2025 (Wine Cruise),AmaWaterways,AmaCello,29-Mar-25,,,,Quote Available,Quote Available,Quote Available,Quote Available,https://www.amawaterways.au/Assets/Desktop/Cruises/MAP_2025_Essence%20of%20Burgundy_CL-GN.jpg,https://www.amawaterways.au/destination/europe-river-cruises/2025/essence-of-burgundy-provence-wine-cruise#reverse-direction_1,,,,,,,,,,,,,,
86256,2025,Europe,7,07-Jul-25,"Basel, Switzerland","Amsterdam, Netherlands",Swiss Alps & Rhine Castles (Basel to Amsterdam),AmaWaterways,AmaSerena,29-Mar-25,,,,"$3,440.00","$4,040.00","$4,640.00",Quote Available,https://www.amawaterways.au/Assets/Desktop/Cruises/MAP_2025_Swiss%20Alps%20&%20Rhine%20Castles_CO.jpg,https://www.amawaterways.au/destination/europe-river-cruises/2025/swiss-alps-rhine-castles/itinerary,,,,,,,,,,,,,,
86255,2025,Europe,7,07-Jul-25,"Amsterdam, Netherlands","Basel, Switzerland",Rhine Castles & Swiss Alps 2025 ,AmaWaterways,AmaVenita,29-Mar-25,,,,"$3,440.00","$4,040.00",Quote Available,Quote Available,https://www.amawaterways.au/Assets/Desktop/Cruises/MAP_2025_Rhine%20Castles%20&%20Swiss%20Alps_CO.jpg,https://www.amawaterways.au/destination/europe-river-cruises/2025/rhine-castles-swiss-alps,,,,,,,,,,,,,,
86253,2025,Europe,7,07-Jul-25,"Budapest, Hungary","Giurgiu, Romania",Gems of Southeast Europe 2025 ,AmaWaterways,AmaVerde,29-Mar-25,,,,Quote Available,"$4,040.00",Quote Available,Quote Available,https://www.amawaterways.au/Assets/Desktop/Cruises/MAP_2025_Gems_of_SE_Eur_CO_BG.jpg,https://www.amawaterways.au/destination/europe-river-cruises/2025/gems-of-southeast-europe,,,,,,,,,,,,,,
86257,2025,Europe,7,08-Jul-25,"Porto, Portugal","Porto, Portugal",Enticing Douro 2025 ,AmaWaterways,AmaDouro,30-Mar-25,,,,"$3,440.00","$4,040.00",Quote Available,Quote Available,https://www.amawaterways.au/Assets/Desktop/Cruises/MAP_2025_Enticing%20Douro_CO.jpg,https://www.amawaterways.au/destination/europe-river-cruises/2025/enticing-douro,,,,,,,,,,,,,,
86258,2025,Europe,7,09-Jul-25,"Budapest, Hungary","Budapest, Hungary",Best of the Danube 2025 ,AmaWaterways,AmaReina,31-Mar-25,,,,Quote Available,"$4,040.00",Quote Available,Quote Available,https://www.amawaterways.au/Assets/Desktop/Cruises/MAP_2026-Celebration-of-music-cruise-only.jpg,https://www.amawaterways.au/destination/europe-river-cruises/2025/best-of-the-danube/itinerary,,,,,,,,,,,,,,
86260,2025,Europe,7,09-Jul-25,"Nuremberg, Germany","Luxembourg, Luxembourg",Europe's Rivers & Castles 2025 ,AmaWaterways,AmaCerto,31-Mar-25,,,,"$3,440.00","$4,040.00","$4,640.00",Quote Available,https://www.amawaterways.au/Assets/Desktop/Cruises/MAP_2025_Eur%20Rivers&Castles_CO-NW.jpg,https://www.amawaterways.au/destination/europe-river-cruises/2025/europe-rivers-castles,,,,,,,,,,,,,,
86259,2025,Europe,7,09-Jul-25,"Budapest, Hungary","Nuremberg, Germany",Blue Danube Discovery 2025 ,AmaWaterways,AmaSonata,31-Mar-25,,,,"$3,440.00","$4,040.00",Quote Available,Quote Available,https://www.amawaterways.au/destination/europe-river-cruises/2025/blue-danube-discovery/itinerary,https://www.amawaterways.au/Assets/Desktop/Cruises/MAP_2025_Blue_Danube_Discovery_CO.jpg,,,,,,,,,,,,,,
86263,2025,Europe,7,10-Jul-25,"Dijon, France","Arles, France","Essence of Burgundy & Provence 2025 (Wine Cruise, Cruise Only)",AmaWaterways,AmaCello,1-Apr-25,,,,"$3,440.00","$4,040.00",Quote Available,Quote Available,https://www.amawaterways.au/Assets/Desktop/Cruises/MAP_2025_Essence%20of%20Burgundy_CO-DA.jpg,https://www.amawaterways.au/destination/europe-river-cruises/2025/essence-of-burgundy-provence-wine-cruise#reverse-direction_1,,,,,,,,,,,,,,
86265,2025,Europe,7,10-Jul-25,"Bordeaux, France","Bordeaux, France","Taste of Bordeaux 2025 (Wine Cruise, Cruise Only)",AmaWaterways,AmaDolce,1-Apr-25,,,,"$3,440.00","$4,040.00","$4,640.00",Quote Available,https://www.amawaterways.au/Assets/Desktop/Cruises/bordeaux_bod_bod_map_2020.jpg,https://www.amawaterways.au/destination/europe-river-cruises/2025/taste-of-bordeaux-wine-cruise,,,,,,,,,,,,,,
86262,2025,Europe,7,10-Jul-25,"Arles, France","Lyon, France",Colors of Provence 2025 ,AmaWaterways,AmaKristina,1-Apr-25,,,,Quote Available,"$4,040.00",Quote Available,Quote Available,https://www.amawaterways.au/Assets/Desktop/Cruises/MAP_2025_Colors%20of%20Provence_CO-LA.jpg,https://www.amawaterways.au/destination/europe-river-cruises/2025/colors-of-provence#reverse-direction_0,,,,,,,,,,,,,,
86261,2025,Europe,7,10-Jul-25,"Amsterdam, Netherlands","Basel, Switzerland",Captivating Rhine 2025 ,AmaWaterways,AmaLucia,1-Apr-25,,,,"$3,440.00","$4,040.00",Quote Available,Quote Available,https://www.amawaterways.au/Assets/Desktop/Cruises/MAP_2025_Captivating%20Rhine_CO.jpg,https://www.amawaterways.au/destination/europe-river-cruises/2025/captivating-rhine,,,,,,,,,,,,,,
86264,2025,Europe,7,10-Jul-25,"Paris, France","Paris, France",Paris & Normandy 2025 ,AmaWaterways,AmaLyra,1-Apr-25,,,,"$3,440.00","$4,040.00",Quote Available,Quote Available,https://www.amawaterways.au/Assets/Desktop/Cruises/MAP_2025_Paris%20&%20Normandy_CO.jpg,https://www.amawaterways.au/destination/europe-river-cruises/2025/paris-normandy,,,,,,,,,,,,,,
86267,2025,Europe,10,11-Jul-25,"Munich, Germany","Budapest, Hungary",Romantic Danube 2025 (Wine Cruise),AmaWaterways,AmaBella,2-Apr-25,,,,Quote Available,Quote Available,Quote Available,Quote Available,https://www.amawaterways.au/Assets/Desktop/Cruises/MAP_2025_Romantic_Danube_mun.jpg,https://www.amawaterways.au/destination/europe-river-cruises/2025/romantic-danube-wine-cruise,,,,,,,,,,,,,,
86266,2025,Europe,22,11-Jul-25,"Prague, Czech Republic","Bucharest, Romania",Grand Danube Cruise 2025 (Wine Cruise),AmaWaterways,AmaBella,2-Apr-25,,,,Quote Available,Quote Available,Quote Available,Quote Available,https://www.amawaterways.au/Assets/Desktop/Cruises/MAP_2025_Grand_Danube_CL-PB.jpg,https://www.amawaterways.au/destination/europe-river-cruises/2025/grand-danube-cruise-wine-cruise,,,,,,,,,,,,,,
86272,2025,Europe,7,12-Jul-25,"Paris, France","Paris, France",Paris & Normandy (Paris to Paris),AmaWaterways,AmaDante,3-Apr-25,,,,Quote Available,"$4,040.00","$4,640.00",Quote Available,https://www.amawaterways.au/Assets/Desktop/Cruises/MAP_2025_Paris%20&%20Normandy_CO.jpg,https://www.amawaterways.au/destination/europe-river-cruises/2025/paris-normandy/itinerary,,,,,,,,,,,,,,
86271,2025,Europe,7,12-Jul-25,"Budapest, Hungary","Vilshofen, Germany",Melodies of the Danube 2025 ,AmaWaterways,AmaMora,3-Apr-25,,,,"$3,440.00","$4,040.00","$4,640.00",Quote Available,https://www.amawaterways.au/Assets/Desktop/Cruises/melodiesofthedanube_bud_vil_map_2020.jpg,https://www.amawaterways.au/destination/europe-river-cruises/2025/melodies-of-the-danube,,,,,,,,,,,,,,
86268,2025,Europe,7,12-Jul-25,"Amsterdam, Netherlands","Basel, Switzerland",Captivating Rhine 2025 ,AmaWaterways,AmaStella,3-Apr-25,,,,"$3,440.00","$4,040.00",Quote Available,Quote Available,https://www.amawaterways.au/Assets/Desktop/Cruises/MAP_2025_Captivating%20Rhine_CO.jpg,https://www.amawaterways.au/destination/europe-river-cruises/2025/captivating-rhine,,,,,,,,,,,,,,
86270,2025,Europe,7,12-Jul-25,"Porto, Portugal","Vega Terrón, Spain",Flavors of Portugal & Spain 2025 ,AmaWaterways,AmaVida,3-Apr-25,,,,"$3,440.00","$4,040.00","$4,640.00",Quote Available,https://www.amawaterways.au/Assets/Desktop/Cruises/MAP_2025_Flavors%20of%20Port&Spain_CO-PV.jpg,https://www.amawaterways.au/destination/europe-river-cruises/2025/flavors-of-portugal-spain#reverse-direction_0,,,,,,,,,,,,,,
86269,2025,Europe,7,12-Jul-25,"Basel, Switzerland","Amsterdam, Netherlands",Enchanting Rhine 2025 ,AmaWaterways,AmaViola,3-Apr-25,,,,"$3,440.00","$4,040.00",Quote Available,Quote Available,https://www.amawaterways.au/Assets/Desktop/Cruises/MAP_2025_Enchanting%20Rhine_CO.jpg,https://www.amawaterways.au/destination/europe-river-cruises/2025/enchanting-rhine,,,,,,,,,,,,,,
86275,2025,Europe,14,13-Jul-25,"Bilbao, Spain","Paris, France",Taste of Bordeaux 2025 (Wine Cruise),AmaWaterways,AmaDolce,4-Apr-25,,,,Quote Available,Quote Available,Quote Available,Quote Available,https://www.amawaterways.au/destination/europe-river-cruises/2025/taste-of-bordeaux-wine-cruise,https://www.amawaterways.au/Assets/Desktop/Cruises/bordeaux_bil_par_map_2020.jpg,,,,,,,,,,,,,,
86274,2025,Europe,7,13-Jul-25,"Budapest, Hungary","Vilshofen, Germany",Magna On The Danube 2025 ,AmaWaterways,AmaMagna,4-Apr-25,,,,"$3,624.00","$4,823.00","$6,023.00",Quote Available,https://www.amawaterways.au/Assets/Desktop/Cruises/magna_on_the_danube_BE_BUD-VIL_cruise_only_2025.jpg,https://www.amawaterways.au/destination/europe-river-cruises/2025/magna-on-the-danube#reverse-direction_0,,,,,,,,,,,,,,
86273,2025,Europe,10,13-Jul-25,"Basel, Switzerland","Amsterdam, Netherlands",Rhine & Moselle Delights Wine Cruise (Basel to Amsterdam),AmaWaterways,AmaPrima,4-Apr-25,,,,"$4,442.00",Quote Available,Quote Available,Quote Available,https://www.amawaterways.au/Assets/Desktop/Cruises/MAP_2025_Rhine%20&%20Mos%20Delights_CO.jpg,https://www.amawaterways.au/destination/europe-river-cruises/2025/rhine-moselle-delights/itinerary,,,,,,,,,,,,,,
86283,2025,Europe,7,14-Jul-25,"Vilshofen, Germany","Budapest, Hungary","Romantic Danube 2025 (Wine Cruise, Cruise Only)",AmaWaterways,AmaBella,5-Apr-25,,,,"$3,440.00","$4,040.00","$4,640.00",Quote Available,https://www.amawaterways.au/Assets/Desktop/Cruises/MAP_2025_Romantic_Danube_cruise-only.jpg,https://www.amawaterways.au/destination/europe-river-cruises/2025/romantic-danube-wine-cruise,,,,,,,,,,,,,,
86280,2025,Europe,14,14-Jul-25,"Vilshofen, Germany","Giurgiu, Romania","Grand Danube Cruise 2025 (Wine Cruise, Cruise Only)",AmaWaterways,AmaBella,5-Apr-25,,,,"$6,277.00",Quote Available,Quote Available,Quote Available,https://www.amawaterways.au/Assets/Desktop/Cruises/MAP_2025_Grand_Danube_CO-VG.jpg,https://www.amawaterways.au/destination/europe-river-cruises/2025/grand-danube-cruise-wine-cruise,,,,,,,,,,,,,,
86277,2025,Europe,14,14-Jul-25,"Nice, France","Geneva, Switzerland",Essence of Burgundy & Provence 2025 (Nice to Geneva),AmaWaterways,AmaCello,5-Apr-25,,,,Quote Available,Quote Available,Quote Available,Quote Available,https://www.amawaterways.au/Assets/Desktop/Cruises/MAP_2025_Essence%20of%20Burgundy_CL-GN.jpg,https://www.amawaterways.au/destination/europe-river-cruises/2025/essence-of-burgundy-provence,,,,,,,,,,,,,,
86276,2025,Europe,14,14-Jul-25,"Paris, France","Barcelona, Spain",Colors of Provence 2025 (Wine Cruise),AmaWaterways,AmaKristina,5-Apr-25,,,,Quote Available,Quote Available,Quote Available,Quote Available,https://www.amawaterways.au/Assets/Desktop/Cruises/MAP_2025_Colors%20of%20Provence_CL-PB.jpg,https://www.amawaterways.au/destination/europe-river-cruises/2025/colors-of-provence-wine-cruise,,,,,,,,,,,,,,
86282,2025,Europe,7,14-Jul-25,"Amsterdam, Netherlands","Basel, Switzerland",Rhine Castles & Swiss Alps 2025 ,AmaWaterways,AmaSerena,5-Apr-25,,,,"$3,440.00","$4,040.00",Quote Available,Quote Available,https://www.amawaterways.au/Assets/Desktop/Cruises/MAP_2025_Rhine%20Castles%20&%20Swiss%20Alps_CO.jpg,https://www.amawaterways.au/destination/europe-river-cruises/2025/rhine-castles-swiss-alps,,,,,,,,,,,,,,
86281,2025,Europe,7,14-Jul-25,"Basel, Switzerland","Amsterdam, Netherlands",Swiss Alps & Rhine Castles (Basel to Amsterdam),AmaWaterways,AmaVenita,5-Apr-25,,,,"$3,440.00","$4,040.00",Quote Available,Quote Available,https://www.amawaterways.au/Assets/Desktop/Cruises/MAP_2025_Swiss%20Alps%20&%20Rhine%20Castles_CO.jpg,https://www.amawaterways.au/destination/europe-river-cruises/2025/swiss-alps-rhine-castles/itinerary,,,,,,,,,,,,,,
86278,2025,Europe,7,14-Jul-25,"Giurgiu, Romania","Budapest, Hungary",Gems of Southeast Europe 2025 ,AmaWaterways,AmaVerde,5-Apr-25,,,,Quote Available,"$4,040.00","$4,640.00",Quote Available,https://www.amawaterways.au/Assets/Desktop/Cruises/MAP_2025_Gems_of_SE_Eur_CO_BG.jpg,https://www.amawaterways.au/destination/europe-river-cruises/2025/gems-of-southeast-europe,,,,,,,,,,,,,,
86279,2025,Europe,14,14-Jul-25,"Giurgiu, Romania","Vilshofen, Germany",Grand Danube Cruise 2025 ,AmaWaterways,AmaVerde,5-Apr-25,,,,Quote Available,"$7,477.00",Quote Available,Quote Available,https://www.amawaterways.au/Assets/Desktop/Cruises/MAP_2025_Grand_Danube_CO-VG.jpg,https://www.amawaterways.au/destination/europe-river-cruises/2025/grand-danube-cruise,,,,,,,,,,,,,,
86284,2025,Europe,7,15-Jul-25,"Porto, Portugal","Porto, Portugal",Enticing Douro 2025 ,AmaWaterways,AmaDouro,6-Apr-25,,,,"$3,440.00","$4,040.00",Quote Available,Quote Available,https://www.amawaterways.au/Assets/Desktop/Cruises/MAP_2025_Enticing%20Douro_CO.jpg,https://www.amawaterways.au/destination/europe-river-cruises/2025/enticing-douro,,,,,,,,,,,,,,
86287,2025,Europe,7,16-Jul-25,"Luxembourg, Luxembourg","Basel, Switzerland",Rhine & Moselle Splendors 2025 ,AmaWaterways,AmaCerto,7-Apr-25,,,,"$3,440.00","$4,040.00","$4,640.00",Quote Available,https://www.amawaterways.au/Assets/Desktop/Cruises/rhinemoselsplendors_lux_bsl_map_2020.jpg,https://www.amawaterways.au/destination/europe-river-cruises/2025/rhine-moselle-splendors,,,,,,,,,,,,,,
86286,2025,Europe,7,16-Jul-25,"Budapest, Hungary","Vilshofen, Germany",Melodies of the Danube 2025 ,AmaWaterways,AmaReina,7-Apr-25,,,,"$3,440.00","$4,040.00",Quote Available,Quote Available,https://www.amawaterways.au/Assets/Desktop/Cruises/melodiesofthedanube_bud_vil_map_2020.jpg,https://www.amawaterways.au/destination/europe-river-cruises/2025/melodies-of-the-danube,,,,,,,,,,,,,,
86285,2025,Europe,7,16-Jul-25,"Prague, Czech Republic","Budapest, Hungary",Legendary Danube 2025 ,AmaWaterways,AmaSonata,7-Apr-25,,,,"$3,440.00","$4,040.00",Quote Available,Quote Available,https://www.amawaterways.au/Assets/Desktop/Cruises/MAP_2025_Legendary_Danube_CO.jpg,https://www.amawaterways.au/destination/europe-river-cruises/2025/legendary-danube/itinerary,,,,,,,,,,,,,,
86291,2025,Europe,7,17-Jul-25,"Arles, France","Dijon, France",Essence of Burgundy & Provence 2025 ,AmaWaterways,AmaCello,8-Apr-25,,,,Quote Available,"$4,040.00",Quote Available,Quote Available,https://www.amawaterways.au/Assets/Desktop/Cruises/MAP_2025_Essence%20of%20Burgundy_CO-DA.jpg,https://www.amawaterways.au/destination/europe-river-cruises/2025/essence-of-burgundy-provence,,,,,,,,,,,,,,
86293,2025,Europe,7,17-Jul-25,"Bordeaux, France","Bordeaux, France","Taste of Bordeaux 2025 (Wine Cruise, Cruise Only)",AmaWaterways,AmaDolce,8-Apr-25,,,,"$3,440.00","$4,040.00",Quote Available,Quote Available,https://www.amawaterways.au/Assets/Desktop/Cruises/bordeaux_bod_bod_map_2020.jpg,https://www.amawaterways.au/destination/europe-river-cruises/2025/taste-of-bordeaux-wine-cruise,,,,,,,,,,,,,,
86289,2025,Europe,7,17-Jul-25,"Lyon, France","Arles, France","Colors of Provence 2025 (Wine Cruise, Cruise Only)",AmaWaterways,AmaKristina,8-Apr-25,,,,"$3,440.00","$4,040.00",Quote Available,Quote Available,https://www.amawaterways.au/Assets/Desktop/Cruises/MAP_2025_Colors%20of%20Provence_CO-LA.jpg,https://www.amawaterways.au/destination/europe-river-cruises/2025/colors-of-provence-wine-cruise#forward-direction_0,,,,,,,,,,,,,,
86290,2025,Europe,7,17-Jul-25,"Basel, Switzerland","Amsterdam, Netherlands",Enchanting Rhine 2025 ,AmaWaterways,AmaLucia,8-Apr-25,,,,Quote Available,"$4,040.00",Quote Available,Quote Available,https://www.amawaterways.au/Assets/Desktop/Cruises/MAP_2025_Enchanting%20Rhine_CO.jpg,https://www.amawaterways.au/destination/europe-river-cruises/2025/enchanting-rhine,,,,,,,,,,,,,,
86292,2025,Europe,7,17-Jul-25,"Paris, France","Paris, France",Paris & Normandy 2025 ,AmaWaterways,AmaLyra,8-Apr-25,,,,"$3,440.00","$4,040.00",Quote Available,Quote Available,https://www.amawaterways.au/Assets/Desktop/Cruises/MAP_2025_Paris%20&%20Normandy_CO.jpg,https://www.amawaterways.au/destination/europe-river-cruises/2025/paris-normandy,,,,,,,,,,,,,,
86288,2025,Europe,7,17-Jul-25,"Amsterdam, Netherlands","Basel, Switzerland",Captivating Rhine 2025 ,AmaWaterways,AmaSiena,8-Apr-25,,,,"$3,440.00","$4,040.00","$4,640.00",Quote Available,https://www.amawaterways.au/Assets/Desktop/Cruises/MAP_2025_Captivating%20Rhine_CO.jpg,https://www.amawaterways.au/destination/europe-river-cruises/2025/captivating-rhine,,,,,,,,,,,,,,
86294,2025,Europe,7,18-Jul-25,"Porto, Portugal","Porto, Portugal",Enticing Douro 2025 ,AmaWaterways,AmaSintra,9-Apr-25,,,,"$3,440.00","$4,040.00",Quote Available,Quote Available,https://www.amawaterways.au/Assets/Desktop/Cruises/MAP_2025_Enticing%20Douro_CO.jpg,https://www.amawaterways.au/destination/europe-river-cruises/2025/enticing-douro,,,,,,,,,,,,,,
86298,2025,Europe,7,19-Jul-25,"Paris, France","Le Havre, France",Impressions of the Seine & Paris 2025 ,AmaWaterways,AmaDante,10-Apr-25,,,,"$3,440.00","$4,040.00",Quote Available,Quote Available,https://www.amawaterways.au/Assets/Desktop/Cruises/Impressions_of_the_Seine_paris_st.malo_2021.jpg,https://www.amawaterways.au/destination/europe-river-cruises/2025/impressions-of-the-seine-paris,,,,,,,,,,,,,,
86299,2025,Europe,7,19-Jul-25,"Budapest, Hungary","Vilshofen, Germany",Melodies of the Danube 2025 ,AmaWaterways,AmaLea,10-Apr-25,,,,Quote Available,"$4,040.00","$4,640.00",Quote Available,https://www.amawaterways.au/Assets/Desktop/Cruises/melodiesofthedanube_bud_vil_map_2020.jpg,https://www.amawaterways.au/destination/europe-river-cruises/2025/melodies-of-the-danube,,,,,,,,,,,,,,
86300,2025,Europe,7,19-Jul-25,"Vilshofen, Germany","Budapest, Hungary",Romantic Danube 2025 ,AmaWaterways,AmaMora,10-Apr-25,,,,"$3,440.00","$4,040.00","$4,640.00",Quote Available,https://www.amawaterways.au/Assets/Desktop/Cruises/romanticdanube_vil_bud_map_2020.jpg,https://www.amawaterways.au/destination/europe-river-cruises/2025/romantic-danube,,,,,,,,,,,,,,
86296,2025,Europe,7,19-Jul-25,"Basel, Switzerland","Amsterdam, Netherlands",Enchanting Rhine 2025 ,AmaWaterways,AmaStella,10-Apr-25,,,,"$3,440.00","$4,040.00",Quote Available,Quote Available,https://www.amawaterways.au/Assets/Desktop/Cruises/MAP_2025_Enchanting%20Rhine_CO.jpg,https://www.amawaterways.au/destination/europe-river-cruises/2025/enchanting-rhine,,,,,,,,,,,,,,
86297,2025,Europe,7,19-Jul-25,"Vega Terrón, Spain","Porto, Portugal",Flavors of Portugal & Spain 2025 ,AmaWaterways,AmaVida,10-Apr-25,,,,"$3,440.00","$4,040.00","$4,640.00",Quote Available,https://www.amawaterways.au/Assets/Desktop/Cruises/MAP_2025_Flavors%20of%20Port&Spain_CO-PV.jpg,https://www.amawaterways.au/destination/europe-river-cruises/2025/flavors-of-portugal-spain#reverse-direction_0,,,,,,,,,,,,,,
86295,2025,Europe,7,19-Jul-25,"Amsterdam, Netherlands","Basel, Switzerland",Captivating Rhine 2025 ,AmaWaterways,AmaViola,10-Apr-25,,,,Quote Available,"$4,040.00",Quote Available,Quote Available,https://www.amawaterways.au/Assets/Desktop/Cruises/MAP_2025_Captivating%20Rhine_CO.jpg,https://www.amawaterways.au/destination/europe-river-cruises/2025/captivating-rhine,,,,,,,,,,,,,,
86301,2025,Europe,7,20-Jul-25,"Vilshofen, Germany","Budapest, Hungary",Magna On The Danube 2025 ,AmaWaterways,AmaMagna,11-Apr-25,,,,Quote Available,"$4,823.00","$6,023.00",Quote Available,https://www.amawaterways.au/Assets/Desktop/Cruises/magna_on_the_danube_BE_BUD-VIL_cruise_only_2025.jpg,https://www.amawaterways.au/destination/europe-river-cruises/2025/magna-on-the-danube#reverse-direction_0,,,,,,,,,,,,,,
86302,2025,Europe,14,20-Jul-25,"Bilbao, Spain","Paris, France",Taste of Bordeaux 2025 (Wine Cruise),AmaWaterways,AmaDolce,11-Apr-25,,,,Quote Available,Quote Available,Quote Available,Quote Available,https://www.amawaterways.au/destination/europe-river-cruises/2025/taste-of-bordeaux-wine-cruise,https://www.amawaterways.au/Assets/Desktop/Cruises/bordeaux_bil_par_map_2020.jpg,,,,,,,,,,,,,,
86304,2025,Europe,7,21-Jul-25,"Budapest, Hungary","Giurgiu, Romania",Gems of Southeast Europe 2025 ,AmaWaterways,AmaBella,12-Apr-25,,,,"$3,440.00",Quote Available,Quote Available,Quote Available,https://www.amawaterways.au/Assets/Desktop/Cruises/MAP_2025_Gems_of_SE_Eur_CO_BG.jpg,https://www.amawaterways.au/destination/europe-river-cruises/2025/gems-of-southeast-europe,,,,,,,,,,,,,,
86303,2025,Europe,14,21-Jul-25,"Paris, France","Geneva, Switzerland",Flavors of Burgundy 2025 (Wine Cruise),AmaWaterways,AmaCello,12-Apr-25,,,,Quote Available,Quote Available,Quote Available,Quote Available,https://www.amawaterways.au/Assets/Desktop/Cruises/flavors_of_burgundy_2024.jpg,https://www.amawaterways.au/destination/europe-river-cruises/2025/flavors-of-burgundy-wine-cruise,,,,,,,,,,,,,,
86305,2025,Europe,7,21-Jul-25,"Basel, Switzerland","Amsterdam, Netherlands",Swiss Alps & Rhine Castles (Basel to Amsterdam),AmaWaterways,AmaSerena,12-Apr-25,,,,"$3,440.00","$4,040.00","$4,640.00",Quote Available,https://www.amawaterways.au/Assets/Desktop/Cruises/MAP_2025_Swiss%20Alps%20&%20Rhine%20Castles_CO.jpg,https://www.amawaterways.au/destination/europe-river-cruises/2025/swiss-alps-rhine-castles,,,,,,,,,,,,,,
86307,2025,Europe,7,21-Jul-25,"Amsterdam, Netherlands","Basel, Switzerland",Rhine Castles & Swiss Alps 2025 ,AmaWaterways,AmaVenita,12-Apr-25,,,,"$3,440.00","$4,040.00",Quote Available,Quote Available,https://www.amawaterways.au/Assets/Desktop/Cruises/MAP_2025_Rhine%20Castles%20&%20Swiss%20Alps_CO.jpg,https://www.amawaterways.au/destination/europe-river-cruises/2025/rhine-castles-swiss-alps,,,,,,,,,,,,,,
86306,2025,Europe,7,21-Jul-25,"Budapest, Hungary","Vilshofen, Germany",Melodies of the Danube 2025 ,AmaWaterways,AmaVerde,12-Apr-25,,,,"$3,440.00","$4,040.00",Quote Available,Quote Available,https://www.amawaterways.au/Assets/Desktop/Cruises/melodiesofthedanube_bud_vil_map_2020.jpg,https://www.amawaterways.au/destination/europe-river-cruises/2025/melodies-of-the-danube,,,,,,,,,,,,,,
86308,2025,Europe,7,22-Jul-25,"Porto, Portugal","Porto, Portugal",Enticing Douro 2025 ,AmaWaterways,AmaDouro,13-Apr-25,,,,"$3,440.00","$4,040.00","$4,640.00",Quote Available,https://www.amawaterways.au/Assets/Desktop/Cruises/MAP_2025_Enticing%20Douro_CO.jpg,https://www.amawaterways.au/destination/europe-river-cruises/2025/enticing-douro,,,,,,,,,,,,,,
86309,2025,Europe,7,23-Jul-25,"Basel, Switzerland","Amsterdam, Netherlands",Enchanting Rhine 2025 ,AmaWaterways,AmaCerto,14-Apr-25,,,,"$3,440.00","$4,040.00","$4,640.00",Quote Available,https://www.amawaterways.au/Assets/Desktop/Cruises/MAP_2025_Enchanting%20Rhine_CO.jpg,https://www.amawaterways.au/destination/europe-river-cruises/2025/enchanting-rhine,,,,,,,,,,,,,,
86312,2025,Europe,7,23-Jul-25,"Amsterdam, Netherlands","Luxembourg, Luxembourg",Vineyards of the Rhine & Moselle 2025 ,AmaWaterways,AmaPrima,14-Apr-25,,,,"$3,440.00","$4,040.00",Quote Available,Quote Available,https://www.amawaterways.au/Assets/Desktop/Cruises/MAP_2025_Vineyards%20Rhine%20&%20Mos_CO.jpg,https://www.amawaterways.au/destination/europe-river-cruises/2025/vineyards-of-the-rhine-moselle,,,,,,,,,,,,,,
86311,2025,Europe,7,23-Jul-25,"Vilshofen, Germany","Budapest, Hungary",Romantic Danube 2025 ,AmaWaterways,AmaReina,14-Apr-25,,,,"$3,440.00","$4,040.00","$4,640.00",Quote Available,https://www.amawaterways.au/Assets/Desktop/Cruises/romanticdanube_vil_bud_map_2020.jpg,https://www.amawaterways.au/destination/europe-river-cruises/2025/romantic-danube,,,,,,,,,,,,,,
86310,2025,Europe,7,23-Jul-25,"Budapest, Hungary","Vilshofen, Germany",Melodies of the Danube 2025 ,AmaWaterways,AmaSonata,14-Apr-25,,,,"$3,440.00","$4,040.00","$4,640.00",Quote Available,https://www.amawaterways.au/Assets/Desktop/Cruises/melodiesofthedanube_bud_vil_map_2020.jpg,https://www.amawaterways.au/destination/europe-river-cruises/2025/melodies-of-the-danube,,,,,,,,,,,,,,
86318,2025,Europe,7,24-Jul-25,"Bordeaux, France","Bordeaux, France","Taste of Bordeaux 2025 (Wine Cruise, Cruise Only)",AmaWaterways,AmaDolce,15-Apr-25,,,,"$3,440.00","$4,040.00",Quote Available,Quote Available,https://www.amawaterways.au/Assets/Desktop/Cruises/bordeaux_bod_bod_map_2020.jpg,https://www.amawaterways.au/destination/europe-river-cruises/2025/taste-of-bordeaux-wine-cruise,,,,,,,,,,,,,,
86314,2025,Europe,7,24-Jul-25,"Arles, France","Lyon, France",Colors of Provence 2025 ,AmaWaterways,AmaKristina,15-Apr-25,,,,Quote Available,"$4,040.00",Quote Available,Quote Available,https://www.amawaterways.au/Assets/Desktop/Cruises/MAP_2025_Colors%20of%20Provence_CO-LA.jpg,https://www.amawaterways.au/destination/europe-river-cruises/2025/colors-of-provence#reverse-direction_0,,,,,,,,,,,,,,
86316,2025,Europe,7,24-Jul-25,"Dijon, France","Lyon, France","Flavors of Burgundy 2025 (Wine Cruise, Cruise Only)",AmaWaterways,AmaCello,15-Apr-25,,,,"$3,440.00","$4,040.00",Quote Available,Quote Available,https://www.amawaterways.au/Assets/Desktop/Cruises/flavors_of_burgundy_dl_2024_co.jpg,https://www.amawaterways.au/destination/europe-river-cruises/2025/flavors-of-burgundy-wine-cruise,,,,,,,,,,,,,,
86313,2025,Europe,7,24-Jul-25,"Amsterdam, Netherlands","Basel, Switzerland",Captivating Rhine 2025 ,AmaWaterways,AmaLucia,15-Apr-25,,,,"$3,440.00","$4,040.00",Quote Available,Quote Available,https://www.amawaterways.au/Assets/Desktop/Cruises/MAP_2025_Captivating%20Rhine_CO.jpg,https://www.amawaterways.au/destination/europe-river-cruises/2025/captivating-rhine,,,,,,,,,,,,,,
86317,2025,Europe,7,24-Jul-25,"Paris, France","Paris, France",Paris & Normandy 2025 ,AmaWaterways,AmaLyra,15-Apr-25,,,,"$3,440.00","$4,040.00",Quote Available,Quote Available,https://www.amawaterways.au/Assets/Desktop/Cruises/MAP_2025_Paris%20&%20Normandy_CO.jpg,https://www.amawaterways.au/destination/europe-river-cruises/2025/paris-normandy,,,,,,,,,,,,,,
86315,2025,Europe,7,24-Jul-25,"Basel, Switzerland","Amsterdam, Netherlands",Enchanting Rhine 2025 ,AmaWaterways,AmaSiena,15-Apr-25,,,,"$3,440.00","$4,040.00","$4,640.00",Quote Available,https://www.amawaterways.au/Assets/Desktop/Cruises/MAP_2025_Enchanting%20Rhine_CO.jpg,https://www.amawaterways.au/destination/europe-river-cruises/2025/enchanting-rhine,,,,,,,,,,,,,,
86319,2025,Europe,14,25-Jul-25,"Budapest, Hungary","Prague, Czech Republic",Magna on the Danube 2025 (Wine Cruise),AmaWaterways,AmaMagna,16-Apr-25,,,,Quote Available,Quote Available,Quote Available,Quote Available,https://www.amawaterways.au/Assets/Desktop/Cruises/magna_on_the_danube_BE_BUD-VIL_full_land_2025.jpg,https://www.amawaterways.au/destination/europe-river-cruises/2025/magna-on-the-danube-wine-cruise,,,,,,,,,,,,,,
86320,2025,Europe,7,25-Jul-25,"Porto, Portugal","Porto, Portugal",Enticing Douro (Porto to Porto),AmaWaterways,AmaSintra,16-Apr-25,,,,"$3,440.00","$4,040.00",Quote Available,Quote Available,https://www.amawaterways.au/Assets/Desktop/Cruises/MAP_2025_Enticing%20Douro_CO.jpg,https://www.amawaterways.au/destination/europe-river-cruises/2025/enticing-douro,,,,,,,,,,,,,,
86323,2025,Europe,7,26-Jul-25,"Le Havre, France","Paris, France",Impressions of the Seine & Paris 2025 ,AmaWaterways,AmaDante,17-Apr-25,,,,"$3,440.00","$4,040.00","$4,640.00",Quote Available,https://www.amawaterways.au/Assets/Desktop/Cruises/Impressions_of_the_Seine_paris_st.malo_2021.jpg,https://www.amawaterways.au/destination/europe-river-cruises/2025/impressions-of-the-seine-paris,,,,,,,,,,,,,,
86325,2025,Europe,7,26-Jul-25,"Vilshofen, Germany","Budapest, Hungary",Romantic Danube 2025 ,AmaWaterways,AmaLea,17-Apr-25,,,,"$3,440.00","$4,040.00",Quote Available,Quote Available,https://www.amawaterways.au/Assets/Desktop/Cruises/romanticdanube_vil_bud_map_2020.jpg,https://www.amawaterways.au/destination/europe-river-cruises/2025/romantic-danube,,,,,,,,,,,,,,
86324,2025,Europe,7,26-Jul-25,"Budapest, Hungary","Vilshofen, Germany",Melodies of the Danube 2025 ,AmaWaterways,AmaMora,17-Apr-25,,,,Quote Available,"$4,040.00","$4,640.00",Quote Available,https://www.amawaterways.au/Assets/Desktop/Cruises/melodiesofthedanube_bud_vil_map_2020.jpg,https://www.amawaterways.au/destination/europe-river-cruises/2025/melodies-of-the-danube,,,,,,,,,,,,,,
86322,2025,Europe,7,26-Jul-25,"Porto, Portugal","Vega Terrón, Spain",Flavors of Portugal & Spain 2025 ,AmaWaterways,AmaVida,17-Apr-25,,,,"$3,440.00","$4,040.00",Quote Available,Quote Available,https://www.amawaterways.au/Assets/Desktop/Cruises/MAP_2025_Flavors%20of%20Port&Spain_CO-PV.jpg,https://www.amawaterways.au/destination/europe-river-cruises/2025/flavors-of-portugal-spain#reverse-direction_0,,,,,,,,,,,,,,
86321,2025,Europe,7,26-Jul-25,"Basel, Switzerland","Amsterdam, Netherlands",Enchanting Rhine 2025 ,AmaWaterways,AmaViola,17-Apr-25,,,,Quote Available,"$4,040.00",Quote Available,Quote Available,https://www.amawaterways.au/Assets/Desktop/Cruises/MAP_2025_Enchanting%20Rhine_CO.jpg,https://www.amawaterways.au/destination/europe-river-cruises/2025/enchanting-rhine,,,,,,,,,,,,,,
86326,2025,Europe,7,27-Jul-25,"Budapest, Hungary","Vilshofen, Germany","Magna on the Danube 2025 (Wine Cruise, Cruise Only)",AmaWaterways,AmaMagna,18-Apr-25,,,,"$3,624.00","$4,823.00","$6,023.00",Quote Available,https://www.amawaterways.au/Assets/Desktop/Cruises/magna_on_the_danube_BE_BUD-VIL_cruise_only_2025.jpg,https://www.amawaterways.au/destination/europe-river-cruises/2025/magna-on-the-danube-wine-cruise,,,,,,,,,,,,,,
86329,2025,Europe,7,28-Jul-25,"Giurgiu, Romania","Budapest, Hungary",Gems of Southeast Europe 2025 ,AmaWaterways,AmaBella,19-Apr-25,,,,"$3,440.00","$4,040.00",Quote Available,Quote Available,https://www.amawaterways.au/Assets/Desktop/Cruises/MAP_2025_Gems_of_SE_Eur_CO_BG.jpg,https://www.amawaterways.au/destination/europe-river-cruises/2025/gems-of-southeast-europe,,,,,,,,,,,,,,
86330,2025,Europe,14,28-Jul-25,"Giurgiu, Romania","Vilshofen, Germany",Grand Danube Cruise 2025 ,AmaWaterways,AmaBella,19-Apr-25,,,,"$6,277.00","$7,477.00",Quote Available,Quote Available,https://www.amawaterways.au/Assets/Desktop/Cruises/MAP_2025_Grand_Danube_CO-VG.jpg,https://www.amawaterways.au/destination/europe-river-cruises/2025/grand-danube-cruise,,,,,,,,,,,,,,
86328,2025,Europe,14,28-Jul-25,"Geneva, Switzerland","Paris, France",Flavors of Burgundy 2025 (Wine Cruise),AmaWaterways,AmaCello,19-Apr-25,,,,Quote Available,Quote Available,Quote Available,Quote Available,https://www.amawaterways.au/Assets/Desktop/Cruises/flavors_of_burgundy_2024.jpg,https://www.amawaterways.au/destination/europe-river-cruises/2025/flavors-of-burgundy-wine-cruise,,,,,,,,,,,,,,
86327,2025,Europe,14,28-Jul-25,"Paris, France","Barcelona, Spain",Colors of Provence 2025 (Wine Cruise),AmaWaterways,AmaKristina,19-Apr-25,,,,Quote Available,Quote Available,Quote Available,Quote Available,https://www.amawaterways.au/Assets/Desktop/Cruises/MAP_2025_Colors%20of%20Provence_CL-PB.jpg,https://www.amawaterways.au/destination/europe-river-cruises/2025/colors-of-provence-wine-cruise,,,,,,,,,,,,,,
86332,2025,Europe,7,28-Jul-25,"Amsterdam, Netherlands","Basel, Switzerland",Rhine Castles & Swiss Alps 2025 ,AmaWaterways,AmaSerena,19-Apr-25,,,,"$3,440.00","$4,040.00",Quote Available,Quote Available,https://www.amawaterways.au/Assets/Desktop/Cruises/MAP_2025_Rhine%20Castles%20&%20Swiss%20Alps_CO.jpg,https://www.amawaterways.au/destination/europe-river-cruises/2025/rhine-castles-swiss-alps,,,,,,,,,,,,,,
86334,2025,Europe,7,28-Jul-25,"Basel, Switzerland","Amsterdam, Netherlands",Swiss Alps & Rhine Castles (Basel to Amsterdam),AmaWaterways,AmaVenita,19-Apr-25,,,,"$3,440.00","$4,040.00",Quote Available,Quote Available,https://www.amawaterways.au/Assets/Desktop/Cruises/MAP_2025_Swiss%20Alps%20&%20Rhine%20Castles_CL.jpg,https://www.amawaterways.au/destination/europe-river-cruises/2025/swiss-alps-rhine-castles,,,,,,,,,,,,,,
86333,2025,Europe,7,28-Jul-25,"Vilshofen, Germany","Budapest, Hungary",Romantic Danube 2025 ,AmaWaterways,AmaVerde,19-Apr-25,,,,"$3,440.00","$4,040.00","$4,640.00",Quote Available,https://www.amawaterways.au/Assets/Desktop/Cruises/romanticdanube_vil_bud_map_2020.jpg,https://www.amawaterways.au/destination/europe-river-cruises/2025/romantic-danube,,,,,,,,,,,,,,
86331,2025,Europe,14,28-Jul-25,"Vilshofen, Germany","Giurgiu, Romania",Grand Danube Cruise 2025 ,AmaWaterways,AmaVerde,19-Apr-25,,,,"$6,277.00","$7,477.00",Quote Available,Quote Available,https://www.amawaterways.au/Assets/Desktop/Cruises/MAP_2025_Grand_Danube_CO-VG.jpg,https://www.amawaterways.au/destination/europe-river-cruises/2025/grand-danube-cruise,,,,,,,,,,,,,,
86335,2025,Europe,7,29-Jul-25,"Porto, Portugal","Porto, Portugal",Enticing Douro 2025 ,AmaWaterways,AmaDouro,20-Apr-25,,,,"$3,440.00","$4,040.00","$4,640.00",Quote Available,https://www.amawaterways.au/Assets/Desktop/Cruises/MAP_2025_Enticing%20Douro_CO.jpg,https://www.amawaterways.au/destination/europe-river-cruises/2025/enticing-douro,,,,,,,,,,,,,,
86339,2025,Europe,7,30-Jul-25,"Vilshofen, Germany","Budapest, Hungary",Romantic Danube 2025 ,AmaWaterways,AmaSonata,21-Apr-25,,,,"$3,440.00","$4,040.00","$4,640.00",Quote Available,https://www.amawaterways.au/Assets/Desktop/Cruises/romanticdanube_vil_bud_map_2020.jpg,https://www.amawaterways.au/destination/europe-river-cruises/2025/romantic-danube,,,,,,,,,,,,,,
86338,2025,Europe,11,30-Jul-25,"Amsterdam, Netherlands","Basel, Switzerland",Rhine & Moselle Fairytales 2025 ,AmaWaterways,AmaCerto,21-Apr-25,,,,"$6,277.00","$7,477.00","$8,676.00",Quote Available,https://www.amawaterways.au/Assets/Desktop/Cruises/MAP_2025_Rhine%20&%20Mos%20Fairytales_CO.jpg,https://www.amawaterways.au/destination/europe-river-cruises/2025/rhine-moselle-fairytales,,,,,,,,,,,,,,
86336,2025,Europe,7,30-Jul-25,"Luxembourg, Luxembourg","Nuremberg, Germany",Europe's Rivers & Castles 2025 ,AmaWaterways,AmaPrima,21-Apr-25,,,,Quote Available,"$4,040.00",Quote Available,Quote Available,https://www.amawaterways.au/Assets/Desktop/Cruises/MAP_2025_Eur%20Rivers&Castles_CO-NW.jpg,https://www.amawaterways.au/destination/europe-river-cruises/2025/europe-rivers-castles,,,,,,,,,,,,,,
86337,2025,Europe,7,30-Jul-25,"Budapest, Hungary","Vilshofen, Germany",Melodies of the Danube 2025 ,AmaWaterways,AmaReina,21-Apr-25,,,,"$3,440.00","$4,040.00","$4,640.00",Quote Available,https://www.amawaterways.au/Assets/Desktop/Cruises/melodiesofthedanube_bud_vil_map_2020.jpg,https://www.amawaterways.au/destination/europe-river-cruises/2025/melodies-of-the-danube,,,,,,,,,,,,,,
86343,2025,Europe,7,31-Jul-25,"Lyon, France","Dijon, France","Flavors of Burgundy 2025 (Wine Cruise, Cruise Only)",AmaWaterways,AmaCello,22-Apr-25,,,,"$3,440.00","$4,040.00","$4,640.00",Quote Available,https://www.amawaterways.au/Assets/Desktop/Cruises/flavors_of_burgundy_dl_2024_co.jpg,https://www.amawaterways.au/destination/europe-river-cruises/2025/flavors-of-burgundy-wine-cruise,,,,,,,,,,,,,,
86345,2025,Europe,7,31-Jul-25,"Bordeaux, France","Bordeaux, France",Taste of Bordeaux (Bordeaux to Bordeaux),AmaWaterways,AmaDolce,22-Apr-25,,,,"$3,440.00","$4,040.00",Quote Available,Quote Available,https://www.amawaterways.au/Assets/Desktop/Cruises/MAP_Taste%20of%20Bordeaux_2026_CO.png,https://www.amawaterways.au/destination/europe-river-cruises/2025/taste-of-bordeaux,,,,,,,,,,,,,,
86341,2025,Europe,7,31-Jul-25,"Lyon, France","Arles, France","Colors of Provence 2025 (Wine Cruise, Cruise Only)",AmaWaterways,AmaKristina,22-Apr-25,,,,"$3,440.00","$4,040.00",Quote Available,Quote Available,https://www.amawaterways.au/Assets/Desktop/Cruises/MAP_2025_Colors%20of%20Provence_CO-LA.jpg,https://www.amawaterways.au/destination/europe-river-cruises/2025/colors-of-provence-wine-cruise#forward-direction_0,,,,,,,,,,,,,,
86342,2025,Europe,7,31-Jul-25,"Basel, Switzerland","Amsterdam, Netherlands",Enchanting Rhine 2025 ,AmaWaterways,AmaLucia,22-Apr-25,,,,"$3,440.00","$4,040.00",Quote Available,Quote Available,https://www.amawaterways.au/Assets/Desktop/Cruises/MAP_2025_Enchanting%20Rhine_CO.jpg,https://www.amawaterways.au/destination/europe-river-cruises/2025/enchanting-rhine,,,,,,,,,,,,,,
86344,2025,Europe,7,31-Jul-25,"Paris, France","Paris, France",Paris & Normandy 2025 ,AmaWaterways,AmaLyra,22-Apr-25,,,,"$3,440.00","$4,040.00",Quote Available,Quote Available,https://www.amawaterways.au/Assets/Desktop/Cruises/MAP_2025_Paris%20&%20Normandy_CO.jpg,https://www.amawaterways.au/destination/europe-river-cruises/2025/paris-normandy,,,,,,,,,,,,,,
86340,2025,Europe,7,31-Jul-25,"Amsterdam, Netherlands","Basel, Switzerland",Captivating Rhine 2025 ,AmaWaterways,AmaSiena,22-Apr-25,,,,"$3,440.00","$4,040.00",Quote Available,Quote Available,https://www.amawaterways.au/Assets/Desktop/Cruises/MAP_2025_Captivating%20Rhine_CO.jpg,https://www.amawaterways.au/destination/europe-river-cruises/2025/captivating-rhine,,,,,,,,,,,,,,
169181,2025,Europe,7,01-Aug-25,"Porto, Portugal","Porto, Portugal",Enticing Douro  ,AmaWaterways,AmaSintra,23-Apr-25,,,,Quote Available,Quote Available,"$4,640.00",Quote Available,https://www.amawaterways.au/Assets/Desktop/Cruises/MAP_2025_Enticing%20Douro_CO.jpg,https://www.amawaterways.au/destination/europe-river-cruises/2025/enticing-douro,,,,,,,,,,,,,,
227903,2025,Europe,7,02-Aug-25,"Budapest, Hungary","Vilshofen, Germany",Melodies of the Danube  ,AmaWaterways,AmaLea,24-Apr-25,,,,"$3,440.00","$4,040.00",Quote Available,Quote Available,https://www.amawaterways.au/Assets/Desktop/Cruises/melodiesofthedanube_bud_vil_map_2020.jpg,https://www.amawaterways.au/destination/europe-river-cruises/2025/melodies-of-the-danube,,,,,,,,,,,,,,
141150,2025,Europe,7,02-Aug-25,"Vilshofen, Germany","Budapest, Hungary",Romantic Danube  ,AmaWaterways,AmaMora,24-Apr-25,,,,Quote Available,"$4,040.00","$4,640.00",Quote Available,https://www.amawaterways.au/Assets/Desktop/Cruises/romanticdanube_vil_bud_map_2020.jpg,https://www.amawaterways.au/destination/europe-river-cruises/2025/romantic-danube#forward-direction_0,,,,,,,,,,,,,,
232087,2025,Europe,7,02-Aug-25,"Paris, France","Paris, France",Paris & Normandy  ,AmaWaterways,AmaDante,24-Apr-25,,,,Quote Available,"$4,040.00",Quote Available,Quote Available,https://www.amawaterways.au/Assets/Desktop/Cruises/MAP_2025_Paris%20&%20Normandy_CO.jpg,https://www.amawaterways.au/destination/europe-river-cruises/2025/paris-normandy#forward-direction_0,,,,,,,,,,,,,,
186450,2025,Europe,15,02-Aug-25,"Amsterdam, Netherlands","Basel, Switzerland",Grand Rhine & Dutch Canals  ,AmaWaterways,AmaStella,24-Apr-25,,,,"$6,277.00","$7,477.00",Quote Available,Quote Available,https://www.amawaterways.au/Assets/Desktop/Cruises/grand_rhine_dutch_canals_CE_cruise_only_2025.jpg,https://www.amawaterways.au/destination/europe-river-cruises/2025/grand-rhine-dutch-canals#forward-direction_0,,,,,,,,,,,,,,
230286,2025,Europe,7,02-Aug-25,"Amsterdam, Netherlands","Amsterdam, Netherlands",Best of Holland & Belgium  ,AmaWaterways,AmaStella,24-Apr-25,,,,"$3,440.00","$4,040.00",Quote Available,Quote Available,https://www.amawaterways.au/Assets/Desktop/Cruises/MAP_2025_BestofHolland_CO.jpg,https://www.amawaterways.au/destination/europe-river-cruises/2025/best-of-holland-belgium,,,,,,,,,,,,,,
29115,2025,Europe,15,02-Aug-25,"Basel, Switzerland","Amsterdam, Netherlands",Grand Rhine & Dutch Canals  ,AmaWaterways,AmaStella,24-Apr-25,,,,Quote Available,Quote Available,Quote Available,Quote Available,https://www.amawaterways.au/Assets/Desktop/Cruises/grand_rhine_dutch_canals_CE_cruise_only_2025.jpg,https://www.amawaterways.au/destination/europe-river-cruises/2025/grand-rhine-dutch-canals#reverse-direction_0,,,,,,,,,,,,,,
36239,2025,Europe,7,02-Aug-25,"Vega Terrón, Spain","Porto, Portugal",Flavors of Portugal & Spain  ,AmaWaterways,AmaVida,24-Apr-25,,,,Quote Available,"$4,040.00",Quote Available,Quote Available,https://www.amawaterways.au/Assets/Desktop/Cruises/MAP_2025_Flavors%20of%20Port&Spain_CO-PV.jpg,https://www.amawaterways.au/destination/europe-river-cruises/2025/flavors-of-portugal-spain#reverse-direction_0,,,,,,,,,,,,,,
213350,2025,Europe,7,02-Aug-25,"Amsterdam, Netherlands","Basel, Switzerland",Captivating Rhine  ,AmaWaterways,AmaViola,24-Apr-25,,,,Quote Available,"$4,040.00","$4,640.00",Quote Available,https://www.amawaterways.au/Assets/Desktop/Cruises/MAP_2025_Captivating%20Rhine_CO.jpg,https://www.amawaterways.au/destination/europe-river-cruises/2025/captivating-rhine,,,,,,,,,,,,,,
227994,2025,Europe,7,03-Aug-25,"Vilshofen, Germany","Budapest, Hungary",Magna On The Danube  ,AmaWaterways,AmaMagna,25-Apr-25,,,,"$3,624.00","$4,823.00","$6,023.00",Quote Available,https://www.amawaterways.au/Assets/Desktop/Cruises/magna_on_the_danube_BE_BUD-VIL_cruise_only_2025.jpg,https://www.amawaterways.au/destination/europe-river-cruises/2025/magna-on-the-danube#reverse-direction_0,,,,,,,,,,,,,,
278156,2025,Europe,7,04-Aug-25,"Budapest, Hungary","Vilshofen, Germany",Melodies of the Danube  ,AmaWaterways,AmaBella,26-Apr-25,,,,"$3,440.00","$4,040.00","$4,640.00",Quote Available,https://www.amawaterways.au/Assets/Desktop/Cruises/melodiesofthedanube_bud_vil_map_2020.jpg,https://www.amawaterways.au/destination/europe-river-cruises/2025/melodies-of-the-danube,,,,,,,,,,,,,,
183238,2025,Europe,7,04-Aug-25,"Budapest, Hungary","Giurgiu, Romania",Gems of Southeast Europe  ,AmaWaterways,AmaVerde,26-Apr-25,,,,"$3,440.00","$4,040.00",Quote Available,Quote Available,https://www.amawaterways.au/Assets/Desktop/Cruises/MAP_2025_Gems_of_SE_Eur_CO_BG.jpg,https://www.amawaterways.au/destination/europe-river-cruises/2025/gems-of-southeast-europe#forward-direction_0,,,,,,,,,,,,,,
193804,2025,Europe,7,05-Aug-25,"Porto, Portugal","Porto, Portugal",Enticing Douro  ,AmaWaterways,AmaDouro,27-Apr-25,,,,"$3,440.00",Quote Available,"$4,640.00",Quote Available,https://www.amawaterways.au/Assets/Desktop/Cruises/MAP_2025_Enticing%20Douro_CO.jpg,https://www.amawaterways.au/destination/europe-river-cruises/2025/enticing-douro,,,,,,,,,,,,,,
167382,2025,Europe,7,06-Aug-25,"Nuremberg, Germany","Luxembourg, Luxembourg",Europe's Rivers & Castles  ,AmaWaterways,AmaPrima,28-Apr-25,,,,"$3,440.00","$4,040.00","$4,640.00",Quote Available,https://www.amawaterways.au/Assets/Desktop/Cruises/MAP_2025_Eur%20Rivers&Castles_CO-NW.jpg,https://www.amawaterways.au/destination/europe-river-cruises/2025/europe-rivers-castles#reverse-direction_0,,,,,,,,,,,,,,
228070,2025,Europe,7,06-Aug-25,"Vilshofen, Germany","Budapest, Hungary",Romantic Danube  ,AmaWaterways,AmaReina,28-Apr-25,,,,Quote Available,"$4,040.00","$4,640.00",Quote Available,https://www.amawaterways.au/Assets/Desktop/Cruises/romanticdanube_vil_bud_map_2020.jpg,https://www.amawaterways.au/destination/europe-river-cruises/2025/romantic-danube#forward-direction_0,,,,,,,,,,,,,,
227904,2025,Europe,7,06-Aug-25,"Budapest, Hungary","Vilshofen, Germany",Melodies of the Danube  ,AmaWaterways,AmaSonata,28-Apr-25,,,,"$3,440.00","$4,040.00","$4,640.00",Quote Available,https://www.amawaterways.au/Assets/Desktop/Cruises/melodiesofthedanube_bud_vil_map_2020.jpg,https://www.amawaterways.au/destination/europe-river-cruises/2025/melodies-of-the-danube,,,,,,,,,,,,,,
13277,2025,Europe,7,07-Aug-25,"Dijon, France","Arles, France",Essence of Burgundy & Provence  ,AmaWaterways,AmaCello,29-Apr-25,,,,Quote Available,"$4,040.00",Quote Available,Quote Available,https://www.amawaterways.au/Assets/Desktop/Cruises/MAP_2025_Essence%20of%20Burgundy_CO-DA.jpg,https://www.amawaterways.au/destination/europe-river-cruises/2025/essence-of-burgundy-provence#forward-direction_0,,,,,,,,,,,,,,
226574,2025,Europe,7,07-Aug-25,"Bordeaux, France","Bordeaux, France",Taste of Bordeaux  ,AmaWaterways,AmaDolce,29-Apr-25,,,,Quote Available,"$4,040.00",Quote Available,Quote Available,https://www.amawaterways.au/Assets/Desktop/Cruises/MAP_Taste%20of%20Bordeaux_2026_CO.png,https://www.amawaterways.au/destination/europe-river-cruises/2025/taste-of-bordeaux,,,,,,,,,,,,,,
231263,2025,Europe,7,07-Aug-25,"Arles, France","Lyon, France",Colors of Provence  ,AmaWaterways,AmaKristina,29-Apr-25,,,,"$3,440.00","$4,040.00",Quote Available,Quote Available,https://www.amawaterways.au/Assets/Desktop/Cruises/MAP_2025_Colors%20of%20Provence_CO-LA.jpg,https://www.amawaterways.au/destination/europe-river-cruises/2025/colors-of-provence#reverse-direction_0,,,,,,,,,,,,,,
213351,2025,Europe,7,07-Aug-25,"Amsterdam, Netherlands","Basel, Switzerland",Captivating Rhine  ,AmaWaterways,AmaLucia,29-Apr-25,,,,Quote Available,"$4,040.00",Quote Available,Quote Available,https://www.amawaterways.au/Assets/Desktop/Cruises/MAP_2025_Captivating%20Rhine_CO.jpg,https://www.amawaterways.au/destination/europe-river-cruises/2025/captivating-rhine,,,,,,,,,,,,,,
56455,2025,Europe,7,07-Aug-25,"Paris, France","Paris, France",Paris & Normandy  ,AmaWaterways,AmaLyra,29-Apr-25,,,,Quote Available,"$4,040.00",Quote Available,Quote Available,https://www.amawaterways.au/Assets/Desktop/Cruises/MAP_2025_Paris%20&%20Normandy_CO.jpg,https://www.amawaterways.au/destination/europe-river-cruises/2025/paris-normandy#forward-direction_0,,,,,,,,,,,,,,
195832,2025,Europe,7,07-Aug-25,"Basel, Switzerland","Amsterdam, Netherlands",Enchanting Rhine  ,AmaWaterways,AmaSiena,29-Apr-25,,,,Quote Available,"$4,040.00",Quote Available,Quote Available,https://www.amawaterways.au/Assets/Desktop/Cruises/MAP_2025_Enchanting%20Rhine_CO.jpg,https://www.amawaterways.au/destination/europe-river-cruises/2025/enchanting-rhine,,,,,,,,,,,,,,
193860,2025,Europe,7,08-Aug-25,"Porto, Portugal","Porto, Portugal",Enticing Douro  ,AmaWaterways,AmaSintra,30-Apr-25,,,,"$3,440.00","$4,040.00",Quote Available,Quote Available,https://www.amawaterways.au/Assets/Desktop/Cruises/MAP_2025_Enticing%20Douro_CO.jpg,https://www.amawaterways.au/destination/europe-river-cruises/2025/enticing-douro,,,,,,,,,,,,,,
232089,2025,Europe,7,09-Aug-25,"Paris, France","Paris, France",Paris & Normandy  ,AmaWaterways,AmaDante,1-May-25,,,,Quote Available,"$4,040.00","$4,640.00",Quote Available,https://www.amawaterways.au/Assets/Desktop/Cruises/MAP_2025_Paris%20&%20Normandy_CO.jpg,https://www.amawaterways.au/destination/europe-river-cruises/2025/paris-normandy#forward-direction_0,,,,,,,,,,,,,,
227905,2025,Europe,7,09-Aug-25,"Budapest, Hungary","Vilshofen, Germany",Melodies of the Danube  ,AmaWaterways,AmaMora,1-May-25,,,,Quote Available,"$4,040.00",Quote Available,Quote Available,https://www.amawaterways.au/Assets/Desktop/Cruises/melodiesofthedanube_bud_vil_map_2020.jpg,https://www.amawaterways.au/destination/europe-river-cruises/2025/melodies-of-the-danube,,,,,,,,,,,,,,
37124,2025,Asia,16,09-Aug-25,"Ho Chi Minh City, Vietnam","Hanoi, Vietnam",Charms of the Mekong,AmaWaterways, AmaDara,1-May-25,,,,Quote Available,Quote Available,Quote Available,Quote Available,https://www.amawaterways.au/Assets/Desktop/Cruises/charmsofthemekong_hcmc_hanoi_map_2018.jpg,https://www.amawaterways.au/destination/vietnam-cambodia-river-cruises/2025/charms-of-the-mekong#forward-direction_1,,,,,,,,,,,,,,
228071,2025,Europe,7,09-Aug-25,"Vilshofen, Germany","Budapest, Hungary",Romantic Danube  ,AmaWaterways,AmaLea,1-May-25,,,,Quote Available,"$4,040.00","$4,640.00",Quote Available,https://www.amawaterways.au/Assets/Desktop/Cruises/romanticdanube_vil_bud_map_2020.jpg,https://www.amawaterways.au/destination/europe-river-cruises/2025/romantic-danube#forward-direction_0,,,,,,,,,,,,,,
213354,2025,Europe,7,09-Aug-25,"Amsterdam, Netherlands","Basel, Switzerland",Captivating Rhine  ,AmaWaterways,AmaStella,1-May-25,,,,"$3,440.00","$4,040.00",Quote Available,Quote Available,https://www.amawaterways.au/Assets/Desktop/Cruises/MAP_2025_Captivating%20Rhine_CO.jpg,https://www.amawaterways.au/destination/europe-river-cruises/2025/captivating-rhine,,,,,,,,,,,,,,
76051,2025,Europe,7,09-Aug-25,"Porto, Portugal","Vega Terrón, Spain",Flavors of Portugal & Spain  ,AmaWaterways,AmaVida,1-May-25,,,,"$3,440.00","$4,040.00",Quote Available,Quote Available,https://www.amawaterways.au/Assets/Desktop/Cruises/MAP_2025_Flavors%20of%20Port&Spain_CO-PV.jpg,https://www.amawaterways.au/destination/europe-river-cruises/2025/flavors-of-portugal-spain#forward-direction_0,,,,,,,,,,,,,,
195833,2025,Europe,7,09-Aug-25,"Basel, Switzerland","Amsterdam, Netherlands",Enchanting Rhine  ,AmaWaterways,AmaViola,1-May-25,,,,"$3,440.00","$4,040.00","$4,640.00",Quote Available,https://www.amawaterways.au/Assets/Desktop/Cruises/MAP_2025_Enchanting%20Rhine_CO.jpg,https://www.amawaterways.au/destination/europe-river-cruises/2025/enchanting-rhine,,,,,,,,,,,,,,
212456,2025,Europe,11,10-Aug-25,"Basel, Switzerland","Amsterdam, Netherlands",Rhine & Moselle Delights  ,AmaWaterways,AmaCerto,2-May-25,,,,"$4,442.00","$5,341.00",Quote Available,Quote Available,https://www.amawaterways.au/Assets/Desktop/Cruises/MAP_2025_Rhine%20&%20Mos%20Delights_CO.jpg,https://www.amawaterways.au/destination/europe-river-cruises/2025/rhine-moselle-delights#forward-direction_0,,,,,,,,,,,,,,
228026,2025,Europe,7,10-Aug-25,"Budapest, Hungary","Vilshofen, Germany",Magna On The Danube  ,AmaWaterways,AmaMagna,2-May-25,,,,Quote Available,"$4,823.00","$6,023.00",Quote Available,https://www.amawaterways.au/Assets/Desktop/Cruises/magna_on_the_danube_BE_BUD-VIL_cruise_only_2025.jpg,https://www.amawaterways.au/destination/europe-river-cruises/2025/magna-on-the-danube#forward-direction_0,,,,,,,,,,,,,,
48153,2025,Asia,7,11-Aug-25,"Ho Chi Minh City, Vietnam","Siem Reap, Cambodia",Charms of the Mekong ,AmaWaterways, AmaDara,3-May-25,,,,Quote Available,"$3,637.00","$3,937.00",Quote Available,https://www.amawaterways.au/Assets/Desktop/Cruises/charmsofthemekong_hcmc_prekkdam_map_2018.jpg,https://www.amawaterways.au/destination/vietnam-cambodia-river-cruises/2025/charms-of-the-mekong#forward-direction_0,,,,,,,,,,,,,,
141291,2025,Europe,7,11-Aug-25,"Vilshofen, Germany","Budapest, Hungary",Romantic Danube  ,AmaWaterways,AmaBella,3-May-25,,,,"$3,440.00","$4,040.00","$4,640.00",Quote Available,https://www.amawaterways.au/Assets/Desktop/Cruises/romanticdanube_vil_bud_map_2020.jpg,https://www.amawaterways.au/destination/europe-river-cruises/2025/romantic-danube#forward-direction_0,,,,,,,,,,,,,,
88578,2025,Europe,15,11-Aug-25,"Vilshofen, Germany","Giurgiu, Romania",Grand Danube Cruise  ,AmaWaterways,AmaBella,3-May-25,,,,Quote Available,Quote Available,Quote Available,Quote Available,https://www.amawaterways.au/Assets/Desktop/Cruises/MAP_2025_Grand_Danube_CO-VG.jpg,https://www.amawaterways.au/destination/europe-river-cruises/2025/grand-danube-cruise#forward-direction_0,,,,,,,,,,,,,,
190445,2025,Europe,7,11-Aug-25,"Amsterdam, Netherlands","Basel, Switzerland",Rhine Castles & Swiss Alps  ,AmaWaterways,AmaSerena,3-May-25,,,,"$3,440.00","$4,040.00",Quote Available,Quote Available,https://www.amawaterways.au/Assets/Desktop/Cruises/MAP_2025_Rhine%20Castles%20&%20Swiss%20Alps_CO.jpg,https://www.amawaterways.au/destination/europe-river-cruises/2025/rhine-castles-swiss-alps#forward-direction_0,,,,,,,,,,,,,,
49663,2025,Europe,7,11-Aug-25,"Giurgiu, Romania","Budapest, Hungary",Gems of Southeast Europe  ,AmaWaterways,AmaVerde,3-May-25,,,,"$3,440.00","$4,040.00",Quote Available,Quote Available,https://www.amawaterways.au/Assets/Desktop/Cruises/MAP_2025_Gems_of_SE_Eur_CO_BG.jpg,https://www.amawaterways.au/destination/europe-river-cruises/2025/gems-of-southeast-europe#reverse-direction_0,,,,,,,,,,,,,,
84843,2025,Europe,15,11-Aug-25,"Giurgiu, Romania","Vilshofen, Germany",Grand Danube Cruise  ,AmaWaterways,AmaVerde,3-May-25,,,,Quote Available,"$7,477.00",Quote Available,Quote Available,https://www.amawaterways.au/Assets/Desktop/Cruises/MAP_2025_Grand_Danube_CO-VG.jpg,https://www.amawaterways.au/destination/europe-river-cruises/2025/grand-danube-cruise#reverse-direction_0,,,,,,,,,,,,,,
12221,2025,Asia,16,12-Aug-25,"Hanoi, Vietnam","Ho Chi Minh City, Vietnam",Riches of the Mekong,AmaWaterways, AmaDara,4-May-25,,,,Quote Available,Quote Available,Quote Available,Quote Available,https://www.amawaterways.au/Assets/Desktop/Cruises/MAP_2026_Riches_Mekong_CL_full-itin-nopost.jpg,https://www.amawaterways.au/destination/vietnam-cambodia-river-cruises/2025/riches-of-the-mekong#forward-direction_1,,,,,,,,,,,,,,
193916,2025,Europe,7,12-Aug-25,"Porto, Portugal","Porto, Portugal",Enticing Douro  ,AmaWaterways,AmaDouro,4-May-25,,,,Quote Available,Quote Available,Quote Available,Quote Available,https://www.amawaterways.au/Assets/Desktop/Cruises/MAP_2025_Enticing%20Douro_CO.jpg,https://www.amawaterways.au/destination/europe-river-cruises/2025/enticing-douro,,,,,,,,,,,,,,
213436,2025,Europe,7,13-Aug-25,"Luxembourg, Luxembourg","Basel, Switzerland",Rhine & Moselle Splendors  ,AmaWaterways,AmaPrima,5-May-25,,,,"$3,440.00","$4,040.00",Quote Available,Quote Available,https://www.amawaterways.au/Assets/Desktop/Cruises/rhinemoselsplendors_lux_bsl_map_2020.jpg,https://www.amawaterways.au/destination/europe-river-cruises/2025/rhine-moselle-splendors#forward-direction_0,,,,,,,,,,,,,,
181096,2025,Europe,7,13-Aug-25,"Budapest, Hungary","Budapest, Hungary",Best of the Danube  ,AmaWaterways,AmaReina,5-May-25,,,,Quote Available,"$4,040.00",Quote Available,Quote Available,https://www.amawaterways.au/Assets/Desktop/Cruises/MAP_2026-Celebration-of-music-cruise-only.jpg,https://www.amawaterways.au/destination/europe-river-cruises/2025/best-of-the-danube,,,,,,,,,,,,,,
83109,2025,Europe,7,13-Aug-25,"Budapest, Hungary","Budapest, Hungary",Celebration of Music: Imperial Danube Cruise  ,AmaWaterways,AmaReina,5-May-25,,,,Quote Available,Quote Available,Quote Available,Quote Available,https://www.amawaterways.au/Assets/Desktop/Cruises/MAP_2026_CelebrationOfMusic_cruise-land.jpg,https://www.amawaterways.au/destination/europe-river-cruises/2025/best-of-the-danube,,,,,,,,,,,,,,
226611,2025,Europe,7,14-Aug-25,"Bordeaux, France","Bordeaux, France",Taste of Bordeaux  (Wine Cruise),AmaWaterways,AmaDolce,6-May-25,,,,"$3,440.00","$4,040.00",Quote Available,Quote Available,https://www.amawaterways.au/Assets/Desktop/Cruises/MAP_Taste%20of%20Bordeaux_2026_CO.png,https://www.amawaterways.au/destination/europe-river-cruises/2025/taste-of-bordeaux,,,,,,,,,,,,,,
232057,2025,Europe,7,14-Aug-25,"Arles, France","Dijon, France",Essence of Burgundy & Provence  ,AmaWaterways,AmaCello,6-May-25,,,,"$3,440.00","$4,040.00",Quote Available,Quote Available,https://www.amawaterways.au/Assets/Desktop/Cruises/MAP_2025_Essence%20of%20Burgundy_CO-DA.jpg,https://www.amawaterways.au/destination/europe-river-cruises/2025/essence-of-burgundy-provence#reverse-direction_0,,,,,,,,,,,,,,
74259,2025,Europe,7,14-Aug-25,"Lyon, France","Arles, France",Colors of Provence  ,AmaWaterways,AmaKristina,6-May-25,,,,"$3,440.00",Quote Available,Quote Available,Quote Available,https://www.amawaterways.au/Assets/Desktop/Cruises/MAP_2025_Colors%20of%20Provence_CO-LA.jpg,https://www.amawaterways.au/destination/europe-river-cruises/2025/colors-of-provence#forward-direction_0,,,,,,,,,,,,,,
195841,2025,Europe,7,14-Aug-25,"Basel, Switzerland","Amsterdam, Netherlands",Enchanting Rhine  ,AmaWaterways,AmaLucia,6-May-25,,,,Quote Available,"$4,040.00",Quote Available,Quote Available,https://www.amawaterways.au/Assets/Desktop/Cruises/MAP_2025_Enchanting%20Rhine_CO.jpg,https://www.amawaterways.au/destination/europe-river-cruises/2025/enchanting-rhine,,,,,,,,,,,,,,
232090,2025,Europe,7,14-Aug-25,"Paris, France","Paris, France",Paris & Normandy  ,AmaWaterways,AmaLyra,6-May-25,,,,"$3,440.00","$4,040.00",Quote Available,Quote Available,https://www.amawaterways.au/Assets/Desktop/Cruises/MAP_2025_Paris%20&%20Normandy_CO.jpg,https://www.amawaterways.au/destination/europe-river-cruises/2025/paris-normandy#forward-direction_0,,,,,,,,,,,,,,
20991,2025,Europe,15,14-Aug-25,"Paris, France","Arles, France",Grand Seine & Rhone  ,AmaWaterways,AmaLyra,6-May-25,,,,Quote Available,Quote Available,Quote Available,Quote Available,https://www.amawaterways.au/Assets/Desktop/Cruises/grand_seine_rhone_map_CO_2025.jpg,https://www.amawaterways.au/destination/europe-river-cruises/2025/grand-seine-rhone,,,,,,,,,,,,,,
213360,2025,Europe,7,14-Aug-25,"Amsterdam, Netherlands","Basel, Switzerland",Captivating Rhine  ,AmaWaterways,AmaSiena,6-May-25,,,,Quote Available,"$4,040.00",Quote Available,Quote Available,https://www.amawaterways.au/Assets/Desktop/Cruises/MAP_2025_Captivating%20Rhine_CO.jpg,https://www.amawaterways.au/destination/europe-river-cruises/2025/captivating-rhine,,,,,,,,,,,,,,
196764,2025,Europe,7,15-Aug-25,"Porto, Portugal","Porto, Portugal",Enticing Douro  ,AmaWaterways,AmaSintra,7-May-25,,,,"$3,440.00",Quote Available,Quote Available,Quote Available,https://www.amawaterways.au/Assets/Desktop/Cruises/MAP_2025_Enticing%20Douro_CO.jpg,https://www.amawaterways.au/destination/europe-river-cruises/2025/enticing-douro,,,,,,,,,,,,,,
18389,2025,Europe,7,16-Aug-25,"Paris, France","Le Havre, France",Impressions of the Seine & Paris  ,AmaWaterways,AmaDante,8-May-25,,,,"$3,440.00","$4,040.00","$4,640.00",Quote Available,https://www.amawaterways.au/Assets/Desktop/Cruises/Impressions_of_the_Seine_paris_st.malo_2021.jpg,https://www.amawaterways.au/destination/europe-river-cruises/2025/impressions-of-the-seine-paris#forward-direction_0,,,,,,,,,,,,,,
227907,2025,Europe,7,16-Aug-25,"Budapest, Hungary","Vilshofen, Germany",Melodies of the Danube  ,AmaWaterways,AmaLea,8-May-25,,,,Quote Available,"$4,040.00","$4,640.00",Quote Available,https://www.amawaterways.au/Assets/Desktop/Cruises/melodiesofthedanube_bud_vil_map_2020.jpg,https://www.amawaterways.au/destination/europe-river-cruises/2025/melodies-of-the-danube,,,,,,,,,,,,,,
142676,2025,Europe,7,16-Aug-25,"Vilshofen, Germany","Budapest, Hungary",Romantic Danube  ,AmaWaterways,AmaMora,8-May-25,,,,Quote Available,"$4,040.00","$4,640.00",Quote Available,https://www.amawaterways.au/Assets/Desktop/Cruises/romanticdanube_vil_bud_map_2020.jpg,https://www.amawaterways.au/destination/europe-river-cruises/2025/romantic-danube#forward-direction_0,,,,,,,,,,,,,,
195843,2025,Europe,7,16-Aug-25,"Basel, Switzerland","Amsterdam, Netherlands",Enchanting Rhine  ,AmaWaterways,AmaStella,8-May-25,,,,Quote Available,"$4,040.00","$4,640.00",Quote Available,https://www.amawaterways.au/Assets/Desktop/Cruises/MAP_2025_Enchanting%20Rhine_CO.jpg,https://www.amawaterways.au/destination/europe-river-cruises/2025/enchanting-rhine,,,,,,,,,,,,,,
36464,2025,Europe,7,16-Aug-25,"Vega Terrón, Spain","Porto, Portugal",Flavors of Portugal & Spain  ,AmaWaterways,AmaVida,8-May-25,,,,"$3,440.00",Quote Available,Quote Available,Quote Available,https://www.amawaterways.au/Assets/Desktop/Cruises/MAP_2025_Flavors%20of%20Port&Spain_CO-PV.jpg,https://www.amawaterways.au/destination/europe-river-cruises/2025/flavors-of-portugal-spain#reverse-direction_0,,,,,,,,,,,,,,
213361,2025,Europe,7,16-Aug-25,"Amsterdam, Netherlands","Basel, Switzerland",Captivating Rhine  ,AmaWaterways,AmaViola,8-May-25,,,,"$3,440.00","$4,040.00",Quote Available,Quote Available,https://www.amawaterways.au/Assets/Desktop/Cruises/MAP_2025_Captivating%20Rhine_CO.jpg,https://www.amawaterways.au/destination/europe-river-cruises/2025/captivating-rhine,,,,,,,,,,,,,,
227995,2025,Europe,7,17-Aug-25,"Vilshofen, Germany","Budapest, Hungary",Magna On The Danube  ,AmaWaterways,AmaMagna,9-May-25,,,,Quote Available,"$4,823.00","$6,023.00",Quote Available,https://www.amawaterways.au/Assets/Desktop/Cruises/magna_on_the_danube_BE_BUD-VIL_cruise_only_2025.jpg,https://www.amawaterways.au/destination/europe-river-cruises/2025/magna-on-the-danube#reverse-direction_0,,,,,,,,,,,,,,
23086,2025,Asia,7,18-Aug-25,"Siem Reap, Cambodia","Ho Chi Minh City, Vietnam",Riches of the Mekong ,AmaWaterways, AmaDara,10-May-25,,,,Quote Available,Quote Available,"$3,937.00",Quote Available,https://www.amawaterways.au/Assets/Desktop/Cruises/richesofthemekong_hcmc_prekkdam_map_2018.jpg,https://www.amawaterways.au/destination/vietnam-cambodia-river-cruises/2025/riches-of-the-mekong#forward-direction_0,,,,,,,,,,,,,,
183627,2025,Europe,7,18-Aug-25,"Budapest, Hungary","Giurgiu, Romania",Gems of Southeast Europe  ,AmaWaterways,AmaBella,10-May-25,,,,"$3,440.00",Quote Available,Quote Available,Quote Available,https://www.amawaterways.au/Assets/Desktop/Cruises/MAP_2025_Gems_of_SE_Eur_CO_BG.jpg,https://www.amawaterways.au/destination/europe-river-cruises/2025/gems-of-southeast-europe#forward-direction_0,,,,,,,,,,,,,,
190446,2025,Europe,7,18-Aug-25,"Amsterdam, Netherlands","Basel, Switzerland",Rhine Castles & Swiss Alps  ,AmaWaterways,AmaVenita,10-May-25,,,,"$3,440.00",Quote Available,Quote Available,Quote Available,https://www.amawaterways.au/Assets/Desktop/Cruises/MAP_2025_Rhine%20Castles%20&%20Swiss%20Alps_CO.jpg,https://www.amawaterways.au/destination/europe-river-cruises/2025/rhine-castles-swiss-alps#forward-direction_0,,,,,,,,,,,,,,
227908,2025,Europe,7,18-Aug-25,"Budapest, Hungary","Vilshofen, Germany",Melodies of the Danube  ,AmaWaterways,AmaVerde,10-May-25,,,,Quote Available,"$4,040.00","$4,640.00",Quote Available,https://www.amawaterways.au/Assets/Desktop/Cruises/melodiesofthedanube_bud_vil_map_2020.jpg,https://www.amawaterways.au/destination/europe-river-cruises/2025/melodies-of-the-danube,,,,,,,,,,,,,,
215408,2025,Europe,7,19-Aug-25,"Porto, Portugal","Porto, Portugal",Enticing Douro  ,AmaWaterways,AmaDouro,11-May-25,,,,"$3,440.00",Quote Available,Quote Available,Quote Available,https://www.amawaterways.au/Assets/Desktop/Cruises/MAP_2025_Enticing%20Douro_CO.jpg,https://www.amawaterways.au/destination/europe-river-cruises/2025/enticing-douro,,,,,,,,,,,,,,
204361,2025,Europe,7,20-Aug-25,"Amsterdam, Netherlands","Luxembourg, Luxembourg",Vineyards of the Rhine & Moselle  ,AmaWaterways,AmaCerto,12-May-25,,,,"$3,440.00","$4,040.00","$4,640.00",Quote Available,https://www.amawaterways.au/Assets/Desktop/Cruises/MAP_2025_Vineyards%20Rhine%20&%20Mos_CO.jpg,https://www.amawaterways.au/destination/europe-river-cruises/2025/vineyards-of-the-rhine-moselle,,,,,,,,,,,,,,
195844,2025,Europe,7,20-Aug-25,"Basel, Switzerland","Amsterdam, Netherlands",Enchanting Rhine  ,AmaWaterways,AmaPrima,12-May-25,,,,"$3,440.00","$4,040.00",Quote Available,Quote Available,https://www.amawaterways.au/Assets/Desktop/Cruises/MAP_2025_Enchanting%20Rhine_CO.jpg,https://www.amawaterways.au/destination/europe-river-cruises/2025/enchanting-rhine,,,,,,,,,,,,,,
181097,2025,Europe,7,20-Aug-25,"Budapest, Hungary","Budapest, Hungary",Best of the Danube  ,AmaWaterways,AmaReina,12-May-25,,,,"$3,440.00","$4,040.00",Quote Available,Quote Available,https://www.amawaterways.au/Assets/Desktop/Cruises/MAP_2026-Celebration-of-music-cruise-only.jpg,https://www.amawaterways.au/destination/europe-river-cruises/2025/best-of-the-danube,,,,,,,,,,,,,,
83113,2025,Europe,7,20-Aug-25,"Budapest, Hungary","Budapest, Hungary",Celebration of Music: Imperial Danube Cruise  ,AmaWaterways,AmaReina,12-May-25,,,,Quote Available,Quote Available,Quote Available,Quote Available,https://www.amawaterways.au/Assets/Desktop/Cruises/MAP_2026_CelebrationOfMusic_cruise-land.jpg,https://www.amawaterways.au/destination/europe-river-cruises/2025/best-of-the-danube,,,,,,,,,,,,,,
227909,2025,Europe,7,20-Aug-25,"Budapest, Hungary","Vilshofen, Germany",Melodies of the Danube  ,AmaWaterways,AmaSonata,12-May-25,,,,Quote Available,"$4,040.00","$4,640.00",Quote Available,https://www.amawaterways.au/Assets/Desktop/Cruises/melodiesofthedanube_bud_vil_map_2020.jpg,https://www.amawaterways.au/destination/europe-river-cruises/2025/melodies-of-the-danube,,,,,,,,,,,,,,
232043,2025,Europe,7,21-Aug-25,"Dijon, France","Arles, France",Essence of Burgundy & Provence  (Wine Cruise),AmaWaterways,AmaCello,13-May-25,,,,"$3,440.00","$4,040.00",Quote Available,Quote Available,https://www.amawaterways.au/Assets/Desktop/Cruises/MAP_2025_Essence%20of%20Burgundy_CO-DA.jpg,https://www.amawaterways.au/destination/europe-river-cruises/2025/essence-of-burgundy-provence#forward-direction_0,,,,,,,,,,,,,,
226612,2025,Europe,7,21-Aug-25,"Bordeaux, France","Bordeaux, France",Taste of Bordeaux  (Wine Cruise),AmaWaterways,AmaDolce,13-May-25,,,,"$3,440.00","$4,040.00",Quote Available,Quote Available,https://www.amawaterways.au/Assets/Desktop/Cruises/MAP_Taste%20of%20Bordeaux_2026_CO.png,https://www.amawaterways.au/destination/europe-river-cruises/2025/taste-of-bordeaux,,,,,,,,,,,,,,
213362,2025,Europe,7,21-Aug-25,"Amsterdam, Netherlands","Basel, Switzerland",Captivating Rhine  ,AmaWaterways,AmaLucia,13-May-25,,,,Quote Available,"$4,040.00","$4,640.00",Quote Available,https://www.amawaterways.au/Assets/Desktop/Cruises/MAP_2025_Captivating%20Rhine_CO.jpg,https://www.amawaterways.au/destination/europe-river-cruises/2025/captivating-rhine,,,,,,,,,,,,,,
232091,2025,Europe,7,21-Aug-25,"Paris, France","Paris, France",Paris & Normandy  ,AmaWaterways,AmaLyra,13-May-25,,,,Quote Available,"$4,040.00",Quote Available,Quote Available,https://www.amawaterways.au/Assets/Desktop/Cruises/MAP_2025_Paris%20&%20Normandy_CO.jpg,https://www.amawaterways.au/destination/europe-river-cruises/2025/paris-normandy#forward-direction_0,,,,,,,,,,,,,,
195845,2025,Europe,7,21-Aug-25,"Basel, Switzerland","Amsterdam, Netherlands",Enchanting Rhine  ,AmaWaterways,AmaSiena,13-May-25,,,,"$3,440.00","$4,040.00",Quote Available,Quote Available,https://www.amawaterways.au/Assets/Desktop/Cruises/MAP_2025_Enchanting%20Rhine_CO.jpg,https://www.amawaterways.au/destination/europe-river-cruises/2025/enchanting-rhine,,,,,,,,,,,,,,
174094,2025,Europe,7,22-Aug-25,"Porto, Portugal","Porto, Portugal",Enticing Douro  ,AmaWaterways,AmaSintra,14-May-25,,,,"$3,440.00",Quote Available,Quote Available,Quote Available,https://www.amawaterways.au/Assets/Desktop/Cruises/MAP_2025_Enticing%20Douro_CO.jpg,https://www.amawaterways.au/destination/europe-river-cruises/2025/enticing-douro,,,,,,,,,,,,,,
30240,2025,Europe,7,23-Aug-25,"Le Havre, France","Paris, France",Impressions of the Seine & Paris  ,AmaWaterways,AmaDante,15-May-25,,,,"$3,440.00","$4,040.00","$4,640.00",Quote Available,https://www.amawaterways.au/Assets/Desktop/Cruises/Impressions_of_the_Seine_paris_st.malo_2021.jpg,https://www.amawaterways.au/destination/europe-river-cruises/2025/impressions-of-the-seine-paris#reverse-direction_0,,,,,,,,,,,,,,
50131,2025,Europe,7,23-Aug-25,"Vilshofen, Germany","Budapest, Hungary",Romantic Danube  ,AmaWaterways,AmaLea,15-May-25,,,,Quote Available,"$4,040.00","$4,640.00",Quote Available,https://www.amawaterways.au/Assets/Desktop/Cruises/romanticdanube_vil_bud_map_2020.jpg,https://www.amawaterways.au/destination/europe-river-cruises/2025/romantic-danube#forward-direction_0,,,,,,,,,,,,,,
227910,2025,Europe,7,23-Aug-25,"Budapest, Hungary","Vilshofen, Germany",Melodies of the Danube  ,AmaWaterways,AmaMora,15-May-25,,,,"$3,440.00","$4,040.00",Quote Available,Quote Available,https://www.amawaterways.au/Assets/Desktop/Cruises/melodiesofthedanube_bud_vil_map_2020.jpg,https://www.amawaterways.au/destination/europe-river-cruises/2025/melodies-of-the-danube,,,,,,,,,,,,,,
213363,2025,Europe,7,23-Aug-25,"Amsterdam, Netherlands","Basel, Switzerland",Captivating Rhine  ,AmaWaterways,AmaStella,15-May-25,,,,"$3,440.00","$4,040.00",Quote Available,Quote Available,https://www.amawaterways.au/Assets/Desktop/Cruises/MAP_2025_Captivating%20Rhine_CO.jpg,https://www.amawaterways.au/destination/europe-river-cruises/2025/captivating-rhine,,,,,,,,,,,,,,
195846,2025,Europe,7,23-Aug-25,"Basel, Switzerland","Amsterdam, Netherlands",Enchanting Rhine  ,AmaWaterways,AmaViola,15-May-25,,,,"$3,440.00","$4,040.00",Quote Available,Quote Available,https://www.amawaterways.au/Assets/Desktop/Cruises/MAP_2025_Enchanting%20Rhine_CO.jpg,https://www.amawaterways.au/destination/europe-river-cruises/2025/enchanting-rhine,,,,,,,,,,,,,,
228027,2025,Europe,7,24-Aug-25,"Budapest, Hungary","Vilshofen, Germany",Magna On The Danube  ,AmaWaterways,AmaMagna,16-May-25,,,,Quote Available,"$4,823.00","$6,023.00",Quote Available,https://www.amawaterways.au/Assets/Desktop/Cruises/magna_on_the_danube_BE_BUD-VIL_cruise_only_2025.jpg,https://www.amawaterways.au/destination/europe-river-cruises/2025/magna-on-the-danube#forward-direction_0,,,,,,,,,,,,,,
49752,2025,Europe,7,25-Aug-25,"Giurgiu, Romania","Budapest, Hungary",Gems of Southeast Europe  ,AmaWaterways,AmaBella,17-May-25,,,,Quote Available,Quote Available,Quote Available,Quote Available,https://www.amawaterways.au/Assets/Desktop/Cruises/MAP_2025_Gems_of_SE_Eur_CO_BG.jpg,https://www.amawaterways.au/destination/europe-river-cruises/2025/gems-of-southeast-europe#reverse-direction_0,,,,,,,,,,,,,,
84850,2025,Europe,15,25-Aug-25,"Giurgiu, Romania","Vilshofen, Germany",Grand Danube Cruise  ,AmaWaterways,AmaBella,17-May-25,,,,Quote Available,Quote Available,Quote Available,Quote Available,https://www.amawaterways.au/Assets/Desktop/Cruises/MAP_2025_Grand_Danube_CO-VG.jpg,https://www.amawaterways.au/destination/europe-river-cruises/2025/grand-danube-cruise#reverse-direction_0,,,,,,,,,,,,,,
190447,2025,Europe,7,25-Aug-25,"Amsterdam, Netherlands","Basel, Switzerland",Rhine Castles & Swiss Alps  ,AmaWaterways,AmaSerena,17-May-25,,,,"$3,440.00",Quote Available,Quote Available,Quote Available,https://www.amawaterways.au/Assets/Desktop/Cruises/MAP_2025_Rhine%20Castles%20&%20Swiss%20Alps_CO.jpg,https://www.amawaterways.au/destination/europe-river-cruises/2025/rhine-castles-swiss-alps#forward-direction_0,,,,,,,,,,,,,,
228074,2025,Europe,7,25-Aug-25,"Vilshofen, Germany","Budapest, Hungary",Romantic Danube  ,AmaWaterways,AmaVerde,17-May-25,,,,"$3,440.00","$4,040.00","$4,640.00",Quote Available,https://www.amawaterways.au/Assets/Desktop/Cruises/romanticdanube_vil_bud_map_2020.jpg,https://www.amawaterways.au/destination/europe-river-cruises/2025/romantic-danube#forward-direction_0,,,,,,,,,,,,,,
228143,2025,Europe,15,25-Aug-25,"Vilshofen, Germany","Giurgiu, Romania",Grand Danube Cruise  ,AmaWaterways,AmaVerde,17-May-25,,,,Quote Available,Quote Available,Quote Available,Quote Available,https://www.amawaterways.au/Assets/Desktop/Cruises/MAP_2025_Grand_Danube_CO-VG.jpg,https://www.amawaterways.au/destination/europe-river-cruises/2025/grand-danube-cruise#forward-direction_0,,,,,,,,,,,,,,
13893,2025,Asia,16,26-Aug-25,"Hanoi, Vietnam","Ho Chi Minh City, Vietnam",Riches of the Mekong,AmaWaterways, AmaDara,18-May-25,,,,Quote Available,Quote Available,Quote Available,Quote Available,https://www.amawaterways.au/Assets/Desktop/Cruises/MAP_2026_Riches_Mekong_CL_full-itin-nopost.jpg,https://www.amawaterways.au/destination/vietnam-cambodia-river-cruises/2025/riches-of-the-mekong#forward-direction_1,,,,,,,,,,,,,,
80597,2025,Europe,7,26-Aug-25,"Porto, Portugal","Porto, Portugal",Enticing Douro  ,AmaWaterways,AmaDouro,18-May-25,,,,"$3,440.00",Quote Available,Quote Available,Quote Available,https://www.amawaterways.au/Assets/Desktop/Cruises/MAP_2025_Enticing%20Douro_CO.jpg,https://www.amawaterways.au/destination/europe-river-cruises/2025/enticing-douro,,,,,,,,,,,,,,
229204,2025,Europe,7,27-Aug-25,"Luxembourg, Luxembourg","Nuremberg, Germany",Europe's Rivers & Castles  ,AmaWaterways,AmaCerto,19-May-25,,,,"$3,440.00","$4,040.00","$4,640.00",Quote Available,https://www.amawaterways.au/Assets/Desktop/Cruises/MAP_2025_Eur%20Rivers&Castles_CO-NW.jpg,https://www.amawaterways.au/destination/europe-river-cruises/2025/europe-rivers-castles#forward-direction_0,,,,,,,,,,,,,,
213292,2025,Europe,12,27-Aug-25,"Amsterdam, Netherlands","Basel, Switzerland",Rhine & Moselle Fairytales  ,AmaWaterways,AmaPrima,19-May-25,,,,"$4,827.00","$5,126.00",Quote Available,Quote Available,https://www.amawaterways.au/Assets/Desktop/Cruises/MAP_2025_Rhine%20&%20Mos%20Fairytales_CO.jpg,https://www.amawaterways.au/destination/europe-river-cruises/2025/rhine-moselle-fairytales#forward-direction_0,,,,,,,,,,,,,,
227911,2025,Europe,7,27-Aug-25,"Budapest, Hungary","Vilshofen, Germany",Melodies of the Danube  ,AmaWaterways,AmaReina,19-May-25,,,,"$3,440.00","$4,040.00","$4,640.00",Quote Available,https://www.amawaterways.au/Assets/Desktop/Cruises/melodiesofthedanube_bud_vil_map_2020.jpg,https://www.amawaterways.au/destination/europe-river-cruises/2025/melodies-of-the-danube,,,,,,,,,,,,,,
228075,2025,Europe,7,27-Aug-25,"Vilshofen, Germany","Budapest, Hungary",Romantic Danube  ,AmaWaterways,AmaSonata,19-May-25,,,,"$3,440.00","$4,040.00",Quote Available,Quote Available,https://www.amawaterways.au/Assets/Desktop/Cruises/romanticdanube_vil_bud_map_2020.jpg,https://www.amawaterways.au/destination/europe-river-cruises/2025/romantic-danube#forward-direction_0,,,,,,,,,,,,,,
232050,2025,Europe,7,28-Aug-25,"Arles, France","Dijon, France",Essence of Burgundy & Provence  (Wine Cruise),AmaWaterways,AmaCello,20-May-25,,,,"$3,440.00","$4,040.00",Quote Available,Quote Available,https://www.amawaterways.au/Assets/Desktop/Cruises/MAP_2025_Essence%20of%20Burgundy_CO-DA.jpg,https://www.amawaterways.au/destination/europe-river-cruises/2025/essence-of-burgundy-provence#reverse-direction_0,,,,,,,,,,,,,,
226613,2025,Europe,7,28-Aug-25,"Bordeaux, France","Bordeaux, France",Taste of Bordeaux  (Wine Cruise),AmaWaterways,AmaDolce,20-May-25,,,,"$3,440.00","$4,040.00",Quote Available,Quote Available,https://www.amawaterways.au/Assets/Desktop/Cruises/MAP_Taste%20of%20Bordeaux_2026_CO.png,https://www.amawaterways.au/destination/europe-river-cruises/2025/taste-of-bordeaux,,,,,,,,,,,,,,
11799,2025,Europe,7,28-Aug-25,"Lyon, France","Arles, France",Colors of Provence  (Wine Cruise),AmaWaterways,AmaKristina,20-May-25,,,,"$3,440.00","$4,040.00",Quote Available,Quote Available,https://www.amawaterways.au/Assets/Desktop/Cruises/MAP_2025_Colors%20of%20Provence_CO-LA.jpg,https://www.amawaterways.au/destination/europe-river-cruises/2025/colors-of-provence#forward-direction_0,,,,,,,,,,,,,,
195847,2025,Europe,7,28-Aug-25,"Basel, Switzerland","Amsterdam, Netherlands",Enchanting Rhine  ,AmaWaterways,AmaLucia,20-May-25,,,,"$3,440.00","$4,040.00",Quote Available,Quote Available,https://www.amawaterways.au/Assets/Desktop/Cruises/MAP_2025_Enchanting%20Rhine_CO.jpg,https://www.amawaterways.au/destination/europe-river-cruises/2025/enchanting-rhine,,,,,,,,,,,,,,
232092,2025,Europe,7,28-Aug-25,"Paris, France","Paris, France",Paris & Normandy  ,AmaWaterways,AmaLyra,20-May-25,,,,"$3,440.00",Quote Available,Quote Available,Quote Available,https://www.amawaterways.au/Assets/Desktop/Cruises/MAP_2025_Paris%20&%20Normandy_CO.jpg,https://www.amawaterways.au/destination/europe-river-cruises/2025/paris-normandy#forward-direction_0,,,,,,,,,,,,,,
21278,2025,Europe,15,28-Aug-25,"Paris, France","Arles, France",Grand Seine & Rhone  ,AmaWaterways,AmaLyra,20-May-25,,,,Quote Available,Quote Available,Quote Available,Quote Available,https://www.amawaterways.au/Assets/Desktop/Cruises/grand_seine_rhone_map_CO_2025.jpg,https://www.amawaterways.au/destination/europe-river-cruises/2025/grand-seine-rhone,,,,,,,,,,,,,,
213364,2025,Europe,7,28-Aug-25,"Amsterdam, Netherlands","Basel, Switzerland",Captivating Rhine  ,AmaWaterways,AmaSiena,20-May-25,,,,"$3,440.00","$4,040.00","$4,640.00",Quote Available,https://www.amawaterways.au/Assets/Desktop/Cruises/MAP_2025_Captivating%20Rhine_CO.jpg,https://www.amawaterways.au/destination/europe-river-cruises/2025/captivating-rhine,,,,,,,,,,,,,,
232179,2025,Europe,7,29-Aug-25,"Porto, Portugal","Porto, Portugal",Enticing Douro  ,AmaWaterways,AmaSintra,21-May-25,,,,"$3,440.00",Quote Available,Quote Available,Quote Available,https://www.amawaterways.au/Assets/Desktop/Cruises/MAP_2025_Enticing%20Douro_CO.jpg,https://www.amawaterways.au/destination/europe-river-cruises/2025/enticing-douro,,,,,,,,,,,,,,
232093,2025,Europe,7,30-Aug-25,"Paris, France","Paris, France",Paris & Normandy  ,AmaWaterways,AmaDante,22-May-25,,,,"$3,440.00","$4,040.00",Quote Available,Quote Available,https://www.amawaterways.au/Assets/Desktop/Cruises/MAP_2025_Paris%20&%20Normandy_CO.jpg,https://www.amawaterways.au/destination/europe-river-cruises/2025/paris-normandy#forward-direction_0,,,,,,,,,,,,,,
227912,2025,Europe,7,30-Aug-25,"Budapest, Hungary","Vilshofen, Germany",Melodies of the Danube  ,AmaWaterways,AmaLea,22-May-25,,,,"$3,440.00","$4,040.00",Quote Available,Quote Available,https://www.amawaterways.au/Assets/Desktop/Cruises/melodiesofthedanube_bud_vil_map_2020.jpg,https://www.amawaterways.au/destination/europe-river-cruises/2025/melodies-of-the-danube,,,,,,,,,,,,,,
144132,2025,Europe,7,30-Aug-25,"Vilshofen, Germany","Budapest, Hungary",Romantic Danube  ,AmaWaterways,AmaMora,22-May-25,,,,"$3,440.00","$4,040.00",Quote Available,Quote Available,https://www.amawaterways.au/Assets/Desktop/Cruises/romanticdanube_vil_bud_map_2020.jpg,https://www.amawaterways.au/destination/europe-river-cruises/2025/romantic-danube#forward-direction_0,,,,,,,,,,,,,,
195848,2025,Europe,7,30-Aug-25,"Basel, Switzerland","Amsterdam, Netherlands",Enchanting Rhine  ,AmaWaterways,AmaStella,22-May-25,,,,"$3,440.00",Quote Available,Quote Available,Quote Available,https://www.amawaterways.au/Assets/Desktop/Cruises/MAP_2025_Enchanting%20Rhine_CO.jpg,https://www.amawaterways.au/destination/europe-river-cruises/2025/enchanting-rhine,,,,,,,,,,,,,,
213365,2025,Europe,7,30-Aug-25,"Amsterdam, Netherlands","Basel, Switzerland",Captivating Rhine  ,AmaWaterways,AmaViola,22-May-25,,,,"$3,440.00",Quote Available,Quote Available,Quote Available,https://www.amawaterways.au/Assets/Desktop/Cruises/MAP_2025_Captivating%20Rhine_CO.jpg,https://www.amawaterways.au/destination/europe-river-cruises/2025/captivating-rhine,,,,,,,,,,,,,,
227996,2025,Europe,7,31-Aug-25,"Vilshofen, Germany","Budapest, Hungary",Magna On The Danube  ,AmaWaterways,AmaMagna,23-May-25,,,,Quote Available,Quote Available,"$6,023.00",Quote Available,https://www.amawaterways.au/Assets/Desktop/Cruises/magna_on_the_danube_BE_BUD-VIL_cruise_only_2025.jpg,https://www.amawaterways.au/destination/europe-river-cruises/2025/magna-on-the-danube#reverse-direction_0,,,,,,,,,,,,,,
26550,2025,Asia,7,01-Sep-25,"Siem Reap, Cambodia","Ho Chi Minh City, Vietnam",Riches of the Mekong ,AmaWaterways, AmaDara,24-May-25,,,,Quote Available,"$3,637.00","$3,937.00",Quote Available,https://www.amawaterways.au/Assets/Desktop/Cruises/richesofthemekong_hcmc_prekkdam_map_2018.jpg,https://www.amawaterways.au/destination/vietnam-cambodia-river-cruises/2025/riches-of-the-mekong#forward-direction_0,,,,,,,,,,,,,,
278157,2025,Europe,7,01-Sep-25,"Budapest, Hungary","Vilshofen, Germany",Melodies of the Danube  ,AmaWaterways,AmaBella,24-May-25,,,,"$3,440.00","$4,040.00",Quote Available,Quote Available,https://www.amawaterways.au/Assets/Desktop/Cruises/melodiesofthedanube_bud_vil_map_2020.jpg,https://www.amawaterways.au/destination/europe-river-cruises/2025/melodies-of-the-danube,,,,,,,,,,,,,,
190448,2025,Europe,7,01-Sep-25,"Amsterdam, Netherlands","Basel, Switzerland",Rhine Castles & Swiss Alps  ,AmaWaterways,AmaVenita,24-May-25,,,,"$3,440.00",Quote Available,Quote Available,Quote Available,https://www.amawaterways.au/Assets/Desktop/Cruises/MAP_2025_Rhine%20Castles%20&%20Swiss%20Alps_CO.jpg,https://www.amawaterways.au/destination/europe-river-cruises/2025/rhine-castles-swiss-alps#forward-direction_0,,,,,,,,,,,,,,
183635,2025,Europe,7,01-Sep-25,"Budapest, Hungary","Giurgiu, Romania",Gems of Southeast Europe  ,AmaWaterways,AmaVerde,24-May-25,,,,Quote Available,Quote Available,Quote Available,Quote Available,https://www.amawaterways.au/Assets/Desktop/Cruises/MAP_2025_Gems_of_SE_Eur_CO_BG.jpg,https://www.amawaterways.au/destination/europe-river-cruises/2025/gems-of-southeast-europe#forward-direction_0,,,,,,,,,,,,,,
48858,2025,Europe,7,02-Sep-25,"Porto, Portugal","Porto, Portugal",Enticing Douro  ,AmaWaterways,AmaDouro,25-May-25,,,,Quote Available,"$4,040.00",Quote Available,Quote Available,https://www.amawaterways.au/Assets/Desktop/Cruises/MAP_2025_Enticing%20Douro_CO.jpg,https://www.amawaterways.au/destination/europe-river-cruises/2025/enticing-douro,,,,,,,,,,,,,,
167383,2025,Europe,7,03-Sep-25,"Nuremberg, Germany","Luxembourg, Luxembourg",Europe's Rivers & Castles  ,AmaWaterways,AmaCerto,26-May-25,,,,"$3,440.00","$4,040.00",Quote Available,Quote Available,https://www.amawaterways.au/Assets/Desktop/Cruises/MAP_2025_Eur%20Rivers&Castles_CO-NW.jpg,https://www.amawaterways.au/destination/europe-river-cruises/2025/europe-rivers-castles#reverse-direction_0,,,,,,,,,,,,,,
228076,2025,Europe,7,03-Sep-25,"Vilshofen, Germany","Budapest, Hungary",Romantic Danube  ,AmaWaterways,AmaReina,26-May-25,,,,"$3,440.00","$4,040.00",Quote Available,Quote Available,https://www.amawaterways.au/Assets/Desktop/Cruises/romanticdanube_vil_bud_map_2020.jpg,https://www.amawaterways.au/destination/europe-river-cruises/2025/romantic-danube#forward-direction_0,,,,,,,,,,,,,,
227913,2025,Europe,7,03-Sep-25,"Budapest, Hungary","Vilshofen, Germany",Melodies of the Danube  ,AmaWaterways,AmaSonata,26-May-25,,,,"$3,440.00",Quote Available,Quote Available,Quote Available,https://www.amawaterways.au/Assets/Desktop/Cruises/melodiesofthedanube_bud_vil_map_2020.jpg,https://www.amawaterways.au/destination/europe-river-cruises/2025/melodies-of-the-danube,,,,,,,,,,,,,,
14237,2025,Europe,7,04-Sep-25,"Dijon, France","Arles, France",Essence of Burgundy & Provence  ,AmaWaterways,AmaCello,27-May-25,,,,"$3,440.00",Quote Available,Quote Available,Quote Available,https://www.amawaterways.au/Assets/Desktop/Cruises/MAP_2025_Essence%20of%20Burgundy_CO-DA.jpg,https://www.amawaterways.au/destination/europe-river-cruises/2025/essence-of-burgundy-provence#forward-direction_0,,,,,,,,,,,,,,
226575,2025,Europe,7,04-Sep-25,"Bordeaux, France","Bordeaux, France",Taste of Bordeaux  ,AmaWaterways,AmaDolce,27-May-25,,,,"$3,440.00","$4,040.00",Quote Available,Quote Available,https://www.amawaterways.au/Assets/Desktop/Cruises/MAP_Taste%20of%20Bordeaux_2026_CO.png,https://www.amawaterways.au/destination/europe-river-cruises/2025/taste-of-bordeaux,,,,,,,,,,,,,,
231265,2025,Europe,7,04-Sep-25,"Arles, France","Lyon, France",Colors of Provence  ,AmaWaterways,AmaKristina,27-May-25,,,,"$3,440.00","$4,040.00",Quote Available,Quote Available,https://www.amawaterways.au/Assets/Desktop/Cruises/MAP_2025_Colors%20of%20Provence_CO-LA.jpg,https://www.amawaterways.au/destination/europe-river-cruises/2025/colors-of-provence#reverse-direction_0,,,,,,,,,,,,,,
213366,2025,Europe,7,04-Sep-25,"Amsterdam, Netherlands","Basel, Switzerland",Captivating Rhine  ,AmaWaterways,AmaLucia,27-May-25,,,,"$3,440.00",Quote Available,Quote Available,Quote Available,https://www.amawaterways.au/Assets/Desktop/Cruises/MAP_2025_Captivating%20Rhine_CO.jpg,https://www.amawaterways.au/destination/europe-river-cruises/2025/captivating-rhine,,,,,,,,,,,,,,
232094,2025,Europe,7,04-Sep-25,"Paris, France","Paris, France",Paris & Normandy  ,AmaWaterways,AmaLyra,27-May-25,,,,Quote Available,Quote Available,Quote Available,Quote Available,https://www.amawaterways.au/Assets/Desktop/Cruises/MAP_2025_Paris%20&%20Normandy_CO.jpg,https://www.amawaterways.au/destination/europe-river-cruises/2025/paris-normandy#forward-direction_0,,,,,,,,,,,,,,
196052,2025,Europe,7,04-Sep-25,"Basel, Switzerland","Amsterdam, Netherlands",Enchanting Rhine  ,AmaWaterways,AmaSiena,27-May-25,,,,Quote Available,"$4,040.00",Quote Available,Quote Available,https://www.amawaterways.au/Assets/Desktop/Cruises/MAP_2025_Enchanting%20Rhine_CO.jpg,https://www.amawaterways.au/destination/europe-river-cruises/2025/enchanting-rhine,,,,,,,,,,,,,,
181396,2025,Europe,7,05-Sep-25,"Porto, Portugal","Porto, Portugal",Enticing Douro  ,AmaWaterways,AmaSintra,28-May-25,,,,Quote Available,Quote Available,Quote Available,Quote Available,https://www.amawaterways.au/Assets/Desktop/Cruises/MAP_2025_Enticing%20Douro_CO.jpg,https://www.amawaterways.au/destination/europe-river-cruises/2025/enticing-douro,,,,,,,,,,,,,,
39636,2025,Asia,16,06-Sep-25,"Ho Chi Minh City, Vietnam","Hanoi, Vietnam",Charms of the Mekong,AmaWaterways, AmaDara,29-May-25,,,,Quote Available,Quote Available,Quote Available,Quote Available,https://www.amawaterways.au/Assets/Desktop/Cruises/charmsofthemekong_hcmc_hanoi_map_2018.jpg,https://www.amawaterways.au/destination/vietnam-cambodia-river-cruises/2025/charms-of-the-mekong#forward-direction_1,,,,,,,,,,,,,,
227914,2025,Europe,7,06-Sep-25,"Budapest, Hungary","Vilshofen, Germany",Melodies of the Danube  ,AmaWaterways,AmaMora,29-May-25,,,,"$3,440.00",Quote Available,Quote Available,Quote Available,https://www.amawaterways.au/Assets/Desktop/Cruises/melodiesofthedanube_bud_vil_map_2020.jpg,https://www.amawaterways.au/destination/europe-river-cruises/2025/melodies-of-the-danube,,,,,,,,,,,,,,
196204,2025,Europe,7,06-Sep-25,"Basel, Switzerland","Amsterdam, Netherlands",Enchanting Rhine  ,AmaWaterways,AmaViola,29-May-25,,,,"$3,440.00",Quote Available,Quote Available,Quote Available,https://www.amawaterways.au/Assets/Desktop/Cruises/MAP_2025_Enchanting%20Rhine_CO.jpg,https://www.amawaterways.au/destination/europe-river-cruises/2025/enchanting-rhine,,,,,,,,,,,,,,
228028,2025,Europe,7,07-Sep-25,"Budapest, Hungary","Vilshofen, Germany",Magna On The Danube  ,AmaWaterways,AmaMagna,30-May-25,,,,"$3,624.00",Quote Available,"$6,023.00",Quote Available,https://www.amawaterways.au/Assets/Desktop/Cruises/magna_on_the_danube_BE_BUD-VIL_cruise_only_2025.jpg,https://www.amawaterways.au/destination/europe-river-cruises/2025/magna-on-the-danube#forward-direction_0,,,,,,,,,,,,,,
212943,2025,Europe,11,07-Sep-25,"Basel, Switzerland","Amsterdam, Netherlands",Rhine & Moselle Delights  ,AmaWaterways,AmaPrima,30-May-25,,,,"$4,442.00",Quote Available,Quote Available,Quote Available,https://www.amawaterways.au/Assets/Desktop/Cruises/MAP_2025_Rhine%20&%20Mos%20Delights_CO.jpg,https://www.amawaterways.au/destination/europe-river-cruises/2025/rhine-moselle-delights#forward-direction_0,,,,,,,,,,,,,,
48840,2025,Asia,7,08-Sep-25,"Ho Chi Minh City, Vietnam","Siem Reap, Cambodia",Charms of the Mekong ,AmaWaterways, AmaDara,31-May-25,,,,Quote Available,"$3,637.00","$3,937.00",Quote Available,https://www.amawaterways.au/Assets/Desktop/Cruises/charmsofthemekong_hcmc_prekkdam_map_2018.jpg,https://www.amawaterways.au/destination/vietnam-cambodia-river-cruises/2025/charms-of-the-mekong#forward-direction_0,,,,,,,,,,,,,,
136522,2025,Europe,7,08-Sep-25,"Vilshofen, Germany","Budapest, Hungary",Romantic Danube  ,AmaWaterways,AmaBella,31-May-25,,,,"$3,440.00",Quote Available,Quote Available,Quote Available,https://www.amawaterways.au/Assets/Desktop/Cruises/romanticdanube_vil_bud_map_2020.jpg,https://www.amawaterways.au/destination/europe-river-cruises/2025/romantic-danube#forward-direction_0,,,,,,,,,,,,,,
136612,2025,Europe,15,08-Sep-25,"Vilshofen, Germany","Giurgiu, Romania",Grand Danube Cruise  ,AmaWaterways,AmaBella,31-May-25,,,,Quote Available,Quote Available,Quote Available,Quote Available,https://www.amawaterways.au/Assets/Desktop/Cruises/MAP_2025_Grand_Danube_CO-VG.jpg,https://www.amawaterways.au/destination/europe-river-cruises/2025/grand-danube-cruise#forward-direction_0,,,,,,,,,,,,,,
190449,2025,Europe,7,08-Sep-25,"Amsterdam, Netherlands","Basel, Switzerland",Rhine Castles & Swiss Alps  ,AmaWaterways,AmaSerena,31-May-25,,,,"$3,440.00",Quote Available,Quote Available,Quote Available,https://www.amawaterways.au/Assets/Desktop/Cruises/MAP_2025_Rhine%20Castles%20&%20Swiss%20Alps_CO.jpg,https://www.amawaterways.au/destination/europe-river-cruises/2025/rhine-castles-swiss-alps#forward-direction_0,,,,,,,,,,,,,,
50672,2025,Europe,7,08-Sep-25,"Giurgiu, Romania","Budapest, Hungary",Gems of Southeast Europe  ,AmaWaterways,AmaVerde,31-May-25,,,,"$3,440.00",Quote Available,Quote Available,Quote Available,https://www.amawaterways.au/Assets/Desktop/Cruises/MAP_2025_Gems_of_SE_Eur_CO_BG.jpg,https://www.amawaterways.au/destination/europe-river-cruises/2025/gems-of-southeast-europe#reverse-direction_0,,,,,,,,,,,,,,
136397,2025,Europe,15,08-Sep-25,"Giurgiu, Romania","Vilshofen, Germany",Grand Danube Cruise  ,AmaWaterways,AmaVerde,31-May-25,,,,Quote Available,Quote Available,Quote Available,Quote Available,https://www.amawaterways.au/Assets/Desktop/Cruises/MAP_2025_Grand_Danube_CO-VG.jpg,https://www.amawaterways.au/destination/europe-river-cruises/2025/grand-danube-cruise#reverse-direction_0,,,,,,,,,,,,,,
16124,2025,Asia,16,09-Sep-25,"Hanoi, Vietnam","Ho Chi Minh City, Vietnam",Riches of the Mekong,AmaWaterways, AmaDara,1-Jun-25,,,,Quote Available,Quote Available,Quote Available,Quote Available,https://www.amawaterways.au/Assets/Desktop/Cruises/MAP_2026_Riches_Mekong_CL_full-itin-nopost.jpg,https://www.amawaterways.au/destination/vietnam-cambodia-river-cruises/2025/riches-of-the-mekong#forward-direction_1,,,,,,,,,,,,,,
213441,2025,Europe,7,10-Sep-25,"Luxembourg, Luxembourg","Basel, Switzerland",Rhine & Moselle Splendors  ,AmaWaterways,AmaCerto,2-Jun-25,,,,"$3,440.00",Quote Available,Quote Available,Quote Available,https://www.amawaterways.au/Assets/Desktop/Cruises/rhinemoselsplendors_lux_bsl_map_2020.jpg,https://www.amawaterways.au/destination/europe-river-cruises/2025/rhine-moselle-splendors#forward-direction_0,,,,,,,,,,,,,,
227916,2025,Europe,7,10-Sep-25,"Budapest, Hungary","Vilshofen, Germany",Melodies of the Danube  ,AmaWaterways,AmaReina,2-Jun-25,,,,"$3,440.00",Quote Available,Quote Available,Quote Available,https://www.amawaterways.au/Assets/Desktop/Cruises/melodiesofthedanube_bud_vil_map_2020.jpg,https://www.amawaterways.au/destination/europe-river-cruises/2025/melodies-of-the-danube,,,,,,,,,,,,,,
228077,2025,Europe,7,10-Sep-25,"Vilshofen, Germany","Budapest, Hungary",Romantic Danube  ,AmaWaterways,AmaSonata,2-Jun-25,,,,"$3,440.00",Quote Available,Quote Available,Quote Available,https://www.amawaterways.au/Assets/Desktop/Cruises/romanticdanube_vil_bud_map_2020.jpg,https://www.amawaterways.au/destination/europe-river-cruises/2025/romantic-danube#forward-direction_0,,,,,,,,,,,,,,
232058,2025,Europe,7,11-Sep-25,"Arles, France","Dijon, France",Essence of Burgundy & Provence  ,AmaWaterways,AmaCello,3-Jun-25,,,,"$3,440.00","$4,040.00",Quote Available,Quote Available,https://www.amawaterways.au/Assets/Desktop/Cruises/MAP_2025_Essence%20of%20Burgundy_CO-DA.jpg,https://www.amawaterways.au/destination/europe-river-cruises/2025/essence-of-burgundy-provence#reverse-direction_0,,,,,,,,,,,,,,
226576,2025,Europe,7,11-Sep-25,"Bordeaux, France","Bordeaux, France",Taste of Bordeaux  ,AmaWaterways,AmaDolce,3-Jun-25,,,,"$3,440.00","$4,040.00",Quote Available,Quote Available,https://www.amawaterways.au/Assets/Desktop/Cruises/MAP_Taste%20of%20Bordeaux_2026_CO.png,https://www.amawaterways.au/destination/europe-river-cruises/2025/taste-of-bordeaux,,,,,,,,,,,,,,
48935,2025,Europe,7,11-Sep-25,"Lyon, France","Arles, France",Colors of Provence  ,AmaWaterways,AmaKristina,3-Jun-25,,,,"$3,440.00",Quote Available,Quote Available,Quote Available,https://www.amawaterways.au/Assets/Desktop/Cruises/MAP_2025_Colors%20of%20Provence_CO-LA.jpg,https://www.amawaterways.au/destination/europe-river-cruises/2025/colors-of-provence#forward-direction_0,,,,,,,,,,,,,,
196225,2025,Europe,7,11-Sep-25,"Basel, Switzerland","Amsterdam, Netherlands",Enchanting Rhine  ,AmaWaterways,AmaLucia,3-Jun-25,,,,"$3,440.00",Quote Available,Quote Available,Quote Available,https://www.amawaterways.au/Assets/Desktop/Cruises/MAP_2025_Enchanting%20Rhine_CO.jpg,https://www.amawaterways.au/destination/europe-river-cruises/2025/enchanting-rhine,,,,,,,,,,,,,,
22362,2025,Europe,15,11-Sep-25,"Paris, France","Arles, France",Grand Seine & Rhone  ,AmaWaterways,AmaLyra,3-Jun-25,,,,Quote Available,Quote Available,Quote Available,Quote Available,https://www.amawaterways.au/Assets/Desktop/Cruises/grand_seine_rhone_map_CO_2025.jpg,https://www.amawaterways.au/destination/europe-river-cruises/2025/grand-seine-rhone,,,,,,,,,,,,,,
232096,2025,Europe,7,11-Sep-25,"Paris, France","Paris, France",Paris & Normandy  ,AmaWaterways,AmaLyra,3-Jun-25,,,,Quote Available,Quote Available,Quote Available,Quote Available,https://www.amawaterways.au/Assets/Desktop/Cruises/MAP_2025_Paris%20&%20Normandy_CO.jpg,https://www.amawaterways.au/destination/europe-river-cruises/2025/paris-normandy#forward-direction_0,,,,,,,,,,,,,,
213370,2025,Europe,7,11-Sep-25,"Amsterdam, Netherlands","Basel, Switzerland",Captivating Rhine  ,AmaWaterways,AmaSiena,3-Jun-25,,,,"$3,440.00",Quote Available,Quote Available,Quote Available,https://www.amawaterways.au/Assets/Desktop/Cruises/MAP_2025_Captivating%20Rhine_CO.jpg,https://www.amawaterways.au/destination/europe-river-cruises/2025/captivating-rhine,,,,,,,,,,,,,,
18627,2025,Europe,7,13-Sep-25,"Paris, France","Le Havre, France",Impressions of the Seine & Paris  ,AmaWaterways,AmaDante,5-Jun-25,,,,Quote Available,Quote Available,Quote Available,Quote Available,https://www.amawaterways.au/Assets/Desktop/Cruises/Impressions_of_the_Seine_paris_st.malo_2021.jpg,https://www.amawaterways.au/destination/europe-river-cruises/2025/impressions-of-the-seine-paris#forward-direction_0,,,,,,,,,,,,,,
227917,2025,Europe,7,13-Sep-25,"Budapest, Hungary","Vilshofen, Germany",Melodies of the Danube  ,AmaWaterways,AmaLea,5-Jun-25,,,,"$3,440.00",Quote Available,Quote Available,Quote Available,https://www.amawaterways.au/Assets/Desktop/Cruises/melodiesofthedanube_bud_vil_map_2020.jpg,https://www.amawaterways.au/destination/europe-river-cruises/2025/melodies-of-the-danube,,,,,,,,,,,,,,
153018,2025,Europe,7,13-Sep-25,"Vilshofen, Germany","Budapest, Hungary",Romantic Danube  ,AmaWaterways,AmaMora,5-Jun-25,,,,"$3,440.00","$4,040.00",Quote Available,Quote Available,https://www.amawaterways.au/Assets/Desktop/Cruises/romanticdanube_vil_bud_map_2020.jpg,https://www.amawaterways.au/destination/europe-river-cruises/2025/romantic-danube#forward-direction_0,,,,,,,,,,,,,,
186451,2025,Europe,15,13-Sep-25,"Amsterdam, Netherlands","Basel, Switzerland",Grand Rhine & Dutch Canals  ,AmaWaterways,AmaStella,5-Jun-25,,,,Quote Available,Quote Available,Quote Available,Quote Available,https://www.amawaterways.au/Assets/Desktop/Cruises/grand_rhine_dutch_canals_CE_cruise_only_2025.jpg,https://www.amawaterways.au/destination/europe-river-cruises/2025/grand-rhine-dutch-canals#forward-direction_0,,,,,,,,,,,,,,
230287,2025,Europe,7,13-Sep-25,"Amsterdam, Netherlands","Amsterdam, Netherlands",Best of Holland & Belgium  ,AmaWaterways,AmaStella,5-Jun-25,,,,Quote Available,"$4,040.00",Quote Available,Quote Available,https://www.amawaterways.au/Assets/Desktop/Cruises/MAP_2025_BestofHolland_CO.jpg,https://www.amawaterways.au/destination/europe-river-cruises/2025/best-of-holland-belgium,,,,,,,,,,,,,,
213373,2025,Europe,7,13-Sep-25,"Amsterdam, Netherlands","Basel, Switzerland",Captivating Rhine  ,AmaWaterways,AmaViola,5-Jun-25,,,,"$3,440.00",Quote Available,Quote Available,Quote Available,https://www.amawaterways.au/Assets/Desktop/Cruises/MAP_2025_Captivating%20Rhine_CO.jpg,https://www.amawaterways.au/destination/europe-river-cruises/2025/captivating-rhine,,,,,,,,,,,,,,
30856,2025,Europe,15,13-Sep-25,"Basel, Switzerland","Amsterdam, Netherlands",Grand Rhine & Dutch Canals  ,AmaWaterways,,5-Jun-25,,,,Quote Available,Quote Available,Quote Available,Quote Available,https://www.amawaterways.au/Assets/Desktop/Cruises/grand_rhine_dutch_canals_CE_cruise_only_2025.jpg,https://www.amawaterways.au/destination/europe-river-cruises/2025/grand-rhine-dutch-canals#reverse-direction_0,,,,,,,,,,,,,,
227997,2025,Europe,7,14-Sep-25,"Vilshofen, Germany","Budapest, Hungary",Magna On The Danube  ,AmaWaterways,AmaMagna,6-Jun-25,,,,"$3,624.00",Quote Available,Quote Available,Quote Available,https://www.amawaterways.au/Assets/Desktop/Cruises/magna_on_the_danube_BE_BUD-VIL_cruise_only_2025.jpg,https://www.amawaterways.au/destination/europe-river-cruises/2025/magna-on-the-danube#reverse-direction_0,,,,,,,,,,,,,,
27144,2025,Asia,7,15-Sep-25,"Siem Reap, Cambodia","Ho Chi Minh City, Vietnam",Riches of the Mekong ,AmaWaterways, AmaDara,7-Jun-25,,,,Quote Available,"$3,637.00","$3,937.00",Quote Available,https://www.amawaterways.au/Assets/Desktop/Cruises/richesofthemekong_hcmc_prekkdam_map_2018.jpg,https://www.amawaterways.au/destination/vietnam-cambodia-river-cruises/2025/riches-of-the-mekong#forward-direction_0,,,,,,,,,,,,,,
183825,2025,Europe,7,15-Sep-25,"Budapest, Hungary","Giurgiu, Romania",Gems of Southeast Europe  ,AmaWaterways,AmaBella,7-Jun-25,,,,"$3,440.00",Quote Available,Quote Available,Quote Available,https://www.amawaterways.au/Assets/Desktop/Cruises/MAP_2025_Gems_of_SE_Eur_CO_BG.jpg,https://www.amawaterways.au/destination/europe-river-cruises/2025/gems-of-southeast-europe#forward-direction_0,,,,,,,,,,,,,,
190973,2025,Europe,7,15-Sep-25,"Amsterdam, Netherlands","Basel, Switzerland",Rhine Castles & Swiss Alps  ,AmaWaterways,AmaVenita,7-Jun-25,,,,"$3,440.00",Quote Available,Quote Available,Quote Available,https://www.amawaterways.au/Assets/Desktop/Cruises/MAP_2025_Rhine%20Castles%20&%20Swiss%20Alps_CO.jpg,https://www.amawaterways.au/destination/europe-river-cruises/2025/rhine-castles-swiss-alps#forward-direction_0,,,,,,,,,,,,,,
53648,2025,Europe,7,16-Sep-25,"Porto, Portugal","Porto, Portugal",Enticing Douro  ,AmaWaterways,AmaDouro,8-Jun-25,,,,Quote Available,Quote Available,Quote Available,Quote Available,https://www.amawaterways.au/Assets/Desktop/Cruises/MAP_2025_Enticing%20Douro_CO.jpg,https://www.amawaterways.au/destination/europe-river-cruises/2025/enticing-douro,,,,,,,,,,,,,,
196239,2025,Europe,7,17-Sep-25,"Basel, Switzerland","Amsterdam, Netherlands",Enchanting Rhine  ,AmaWaterways,AmaCerto,9-Jun-25,,,,"$3,440.00","$4,040.00",Quote Available,Quote Available,https://www.amawaterways.au/Assets/Desktop/Cruises/MAP_2025_Enchanting%20Rhine_CO.jpg,https://www.amawaterways.au/destination/europe-river-cruises/2025/enchanting-rhine,,,,,,,,,,,,,,
204783,2025,Europe,7,17-Sep-25,"Amsterdam, Netherlands","Luxembourg, Luxembourg",Vineyards of the Rhine & Moselle  ,AmaWaterways,AmaPrima,9-Jun-25,,,,"$3,440.00","$4,040.00",Quote Available,Quote Available,https://www.amawaterways.au/Assets/Desktop/Cruises/MAP_2025_Vineyards%20Rhine%20&%20Mos_CO.jpg,https://www.amawaterways.au/destination/europe-river-cruises/2025/vineyards-of-the-rhine-moselle,,,,,,,,,,,,,,
228079,2025,Europe,7,17-Sep-25,"Vilshofen, Germany","Budapest, Hungary",Romantic Danube  ,AmaWaterways,AmaReina,9-Jun-25,,,,"$3,440.00","$4,040.00",Quote Available,Quote Available,https://www.amawaterways.au/Assets/Desktop/Cruises/romanticdanube_vil_bud_map_2020.jpg,https://www.amawaterways.au/destination/europe-river-cruises/2025/romantic-danube#forward-direction_0,,,,,,,,,,,,,,
227918,2025,Europe,7,17-Sep-25,"Budapest, Hungary","Vilshofen, Germany",Melodies of the Danube  ,AmaWaterways,AmaSonata,9-Jun-25,,,,"$3,440.00",Quote Available,Quote Available,Quote Available,https://www.amawaterways.au/Assets/Desktop/Cruises/melodiesofthedanube_bud_vil_map_2020.jpg,https://www.amawaterways.au/destination/europe-river-cruises/2025/melodies-of-the-danube,,,,,,,,,,,,,,
48942,2025,Europe,7,18-Sep-25,"Dijon, France","Arles, France",Essence of Burgundy & Provence  ,AmaWaterways,AmaCello,10-Jun-25,,,,Quote Available,"$4,040.00",Quote Available,Quote Available,https://www.amawaterways.au/Assets/Desktop/Cruises/MAP_2025_Essence%20of%20Burgundy_CO-DA.jpg,https://www.amawaterways.au/destination/europe-river-cruises/2025/essence-of-burgundy-provence#forward-direction_0,,,,,,,,,,,,,,
226577,2025,Europe,7,18-Sep-25,"Bordeaux, France","Bordeaux, France",Taste of Bordeaux  ,AmaWaterways,AmaDolce,10-Jun-25,,,,"$3,440.00","$4,040.00",Quote Available,Quote Available,https://www.amawaterways.au/Assets/Desktop/Cruises/MAP_Taste%20of%20Bordeaux_2026_CO.png,https://www.amawaterways.au/destination/europe-river-cruises/2025/taste-of-bordeaux,,,,,,,,,,,,,,
213375,2025,Europe,7,18-Sep-25,"Amsterdam, Netherlands","Basel, Switzerland",Captivating Rhine  ,AmaWaterways,AmaLucia,10-Jun-25,,,,"$3,440.00",Quote Available,Quote Available,Quote Available,https://www.amawaterways.au/Assets/Desktop/Cruises/MAP_2025_Captivating%20Rhine_CO.jpg,https://www.amawaterways.au/destination/europe-river-cruises/2025/captivating-rhine,,,,,,,,,,,,,,
82592,2025,Europe,7,19-Sep-25,"Porto, Portugal","Porto, Portugal",Enticing Douro  ,AmaWaterways,AmaSintra,11-Jun-25,,,,Quote Available,Quote Available,Quote Available,Quote Available,https://www.amawaterways.au/Assets/Desktop/Cruises/MAP_2025_Enticing%20Douro_CO.jpg,https://www.amawaterways.au/destination/europe-river-cruises/2025/enticing-douro,,,,,,,,,,,,,,
39766,2025,Asia,16,20-Sep-25,"Ho Chi Minh City, Vietnam","Hanoi, Vietnam",Charms of the Mekong,AmaWaterways, AmaDara,12-Jun-25,,,,Quote Available,Quote Available,Quote Available,Quote Available,https://www.amawaterways.au/Assets/Desktop/Cruises/charmsofthemekong_hcmc_hanoi_map_2018.jpg,https://www.amawaterways.au/destination/vietnam-cambodia-river-cruises/2025/charms-of-the-mekong#forward-direction_1,,,,,,,,,,,,,,
136523,2025,Europe,7,20-Sep-25,"Vilshofen, Germany","Budapest, Hungary",Romantic Danube  ,AmaWaterways,AmaLea,12-Jun-25,,,,Quote Available,"$4,040.00",Quote Available,Quote Available,https://www.amawaterways.au/Assets/Desktop/Cruises/romanticdanube_vil_bud_map_2020.jpg,https://www.amawaterways.au/destination/europe-river-cruises/2025/romantic-danube#forward-direction_0,,,,,,,,,,,,,,
227919,2025,Europe,7,20-Sep-25,"Budapest, Hungary","Vilshofen, Germany",Melodies of the Danube  ,AmaWaterways,AmaMora,12-Jun-25,,,,"$3,440.00","$4,040.00",Quote Available,Quote Available,https://www.amawaterways.au/Assets/Desktop/Cruises/melodiesofthedanube_bud_vil_map_2020.jpg,https://www.amawaterways.au/destination/europe-river-cruises/2025/melodies-of-the-danube,,,,,,,,,,,,,,
213376,2025,Europe,7,20-Sep-25,"Amsterdam, Netherlands","Basel, Switzerland",Captivating Rhine  ,AmaWaterways,AmaStella,12-Jun-25,,,,Quote Available,Quote Available,Quote Available,Quote Available,https://www.amawaterways.au/Assets/Desktop/Cruises/MAP_2025_Captivating%20Rhine_CO.jpg,https://www.amawaterways.au/destination/europe-river-cruises/2025/captivating-rhine,,,,,,,,,,,,,,
196749,2025,Europe,7,20-Sep-25,"Basel, Switzerland","Amsterdam, Netherlands",Enchanting Rhine  ,AmaWaterways,AmaViola,12-Jun-25,,,,"$3,440.00",Quote Available,Quote Available,Quote Available,https://www.amawaterways.au/Assets/Desktop/Cruises/MAP_2025_Enchanting%20Rhine_CO.jpg,https://www.amawaterways.au/destination/europe-river-cruises/2025/enchanting-rhine,,,,,,,,,,,,,,
48848,2025,Asia,7,22-Sep-25,"Ho Chi Minh City, Vietnam","Siem Reap, Cambodia",Charms of the Mekong ,AmaWaterways, AmaDara,14-Jun-25,,,,Quote Available,"$3,637.00","$3,937.00",Quote Available,https://www.amawaterways.au/Assets/Desktop/Cruises/charmsofthemekong_hcmc_prekkdam_map_2018.jpg,https://www.amawaterways.au/destination/vietnam-cambodia-river-cruises/2025/charms-of-the-mekong#forward-direction_0,,,,,,,,,,,,,,
51177,2025,Europe,7,22-Sep-25,"Giurgiu, Romania","Budapest, Hungary",Gems of Southeast Europe  ,AmaWaterways,AmaBella,14-Jun-25,,,,"$3,440.00","$4,040.00",Quote Available,Quote Available,https://www.amawaterways.au/Assets/Desktop/Cruises/MAP_2025_Gems_of_SE_Eur_CO_BG.jpg,https://www.amawaterways.au/destination/europe-river-cruises/2025/gems-of-southeast-europe#reverse-direction_0,,,,,,,,,,,,,,
84854,2025,Europe,15,22-Sep-25,"Giurgiu, Romania","Vilshofen, Germany",Grand Danube Cruise  ,AmaWaterways,AmaBella,14-Jun-25,,,,"$6,277.00",Quote Available,Quote Available,Quote Available,https://www.amawaterways.au/Assets/Desktop/Cruises/MAP_2025_Grand_Danube_CO-VG.jpg,https://www.amawaterways.au/destination/europe-river-cruises/2025/grand-danube-cruise#reverse-direction_0,,,,,,,,,,,,,,
191337,2025,Europe,7,22-Sep-25,"Amsterdam, Netherlands","Basel, Switzerland",Rhine Castles & Swiss Alps  ,AmaWaterways,AmaSerena,14-Jun-25,,,,"$3,440.00",Quote Available,Quote Available,Quote Available,https://www.amawaterways.au/Assets/Desktop/Cruises/MAP_2025_Rhine%20Castles%20&%20Swiss%20Alps_CO.jpg,https://www.amawaterways.au/destination/europe-river-cruises/2025/rhine-castles-swiss-alps#forward-direction_0,,,,,,,,,,,,,,
228080,2025,Europe,7,22-Sep-25,"Vilshofen, Germany","Budapest, Hungary",Romantic Danube  ,AmaWaterways,AmaVerde,14-Jun-25,,,,"$3,440.00","$4,040.00",Quote Available,Quote Available,https://www.amawaterways.au/Assets/Desktop/Cruises/romanticdanube_vil_bud_map_2020.jpg,https://www.amawaterways.au/destination/europe-river-cruises/2025/romantic-danube#forward-direction_0,,,,,,,,,,,,,,
228145,2025,Europe,15,22-Sep-25,"Vilshofen, Germany","Giurgiu, Romania",Grand Danube Cruise  ,AmaWaterways,AmaVerde,14-Jun-25,,,,"$6,277.00","$7,477.00",Quote Available,Quote Available,https://www.amawaterways.au/Assets/Desktop/Cruises/MAP_2025_Grand_Danube_CO-VG.jpg,https://www.amawaterways.au/destination/europe-river-cruises/2025/grand-danube-cruise#forward-direction_0,,,,,,,,,,,,,,
16193,2025,Asia,16,23-Sep-25,"Hanoi, Vietnam","Ho Chi Minh City, Vietnam",Riches of the Mekong,AmaWaterways, AmaDara,15-Jun-25,,,,Quote Available,Quote Available,Quote Available,Quote Available,https://www.amawaterways.au/Assets/Desktop/Cruises/MAP_2026_Riches_Mekong_CL_full-itin-nopost.jpg,https://www.amawaterways.au/destination/vietnam-cambodia-river-cruises/2025/riches-of-the-mekong#forward-direction_1,,,,,,,,,,,,,,
232184,2025,Europe,7,23-Sep-25,"Porto, Portugal","Porto, Portugal",Enticing Douro  ,AmaWaterways,AmaDouro,15-Jun-25,,,,Quote Available,Quote Available,Quote Available,Quote Available,https://www.amawaterways.au/Assets/Desktop/Cruises/MAP_2025_Enticing%20Douro_CO.jpg,https://www.amawaterways.au/destination/europe-river-cruises/2025/enticing-douro,,,,,,,,,,,,,,
213293,2025,Europe,12,24-Sep-25,"Amsterdam, Netherlands","Basel, Switzerland",Rhine & Moselle Fairytales  ,AmaWaterways,AmaCerto,16-Jun-25,,,,"$4,827.00","$5,126.00",Quote Available,Quote Available,https://www.amawaterways.au/Assets/Desktop/Cruises/MAP_2025_Rhine%20&%20Mos%20Fairytales_CO.jpg,https://www.amawaterways.au/destination/europe-river-cruises/2025/rhine-moselle-fairytales#forward-direction_0,,,,,,,,,,,,,,
229205,2025,Europe,7,24-Sep-25,"Luxembourg, Luxembourg","Nuremberg, Germany",Europe's Rivers & Castles  ,AmaWaterways,AmaPrima,16-Jun-25,,,,"$3,440.00","$4,040.00",Quote Available,Quote Available,https://www.amawaterways.au/Assets/Desktop/Cruises/MAP_2025_Eur%20Rivers&Castles_CO-NW.jpg,https://www.amawaterways.au/destination/europe-river-cruises/2025/europe-rivers-castles#forward-direction_0,,,,,,,,,,,,,,
193973,2025,Europe,7,24-Sep-25,"Budapest, Hungary","Budapest, Hungary",Best of the Danube  ,AmaWaterways,AmaReina,16-Jun-25,,,,"$3,440.00","$4,040.00",Quote Available,Quote Available,https://www.amawaterways.au/Assets/Desktop/Cruises/MAP_2026-Celebration-of-music-cruise-only.jpg,https://www.amawaterways.au/destination/europe-river-cruises/2025/best-of-the-danube,,,,,,,,,,,,,,
82336,2025,Europe,7,24-Sep-25,"Vilshofen, Germany","Budapest, Hungary",Romantic Danube  ,AmaWaterways,AmaSonata,16-Jun-25,,,,"$3,440.00",Quote Available,Quote Available,Quote Available,https://www.amawaterways.au/Assets/Desktop/Cruises/romanticdanube_vil_bud_map_2020.jpg,https://www.amawaterways.au/destination/europe-river-cruises/2025/romantic-danube#forward-direction_0,,,,,,,,,,,,,,
232059,2025,Europe,7,25-Sep-25,"Arles, France","Dijon, France",Essence of Burgundy & Provence  ,AmaWaterways,AmaCello,17-Jun-25,,,,"$3,440.00","$4,040.00",Quote Available,Quote Available,https://www.amawaterways.au/Assets/Desktop/Cruises/MAP_2025_Essence%20of%20Burgundy_CO-DA.jpg,https://www.amawaterways.au/destination/europe-river-cruises/2025/essence-of-burgundy-provence#reverse-direction_0,,,,,,,,,,,,,,
226578,2025,Europe,7,25-Sep-25,"Bordeaux, France","Bordeaux, France",Taste of Bordeaux  ,AmaWaterways,AmaDolce,17-Jun-25,,,,"$3,440.00","$4,040.00",Quote Available,Quote Available,https://www.amawaterways.au/Assets/Desktop/Cruises/MAP_Taste%20of%20Bordeaux_2026_CO.png,https://www.amawaterways.au/destination/europe-river-cruises/2025/taste-of-bordeaux,,,,,,,,,,,,,,
55325,2025,Europe,7,25-Sep-25,"Lyon, France","Arles, France",Colors of Provence  ,AmaWaterways,AmaKristina,17-Jun-25,,,,Quote Available,Quote Available,Quote Available,Quote Available,https://www.amawaterways.au/Assets/Desktop/Cruises/MAP_2025_Colors%20of%20Provence_CO-LA.jpg,https://www.amawaterways.au/destination/europe-river-cruises/2025/colors-of-provence#forward-direction_0,,,,,,,,,,,,,,
196751,2025,Europe,7,25-Sep-25,"Basel, Switzerland","Amsterdam, Netherlands",Enchanting Rhine  ,AmaWaterways,AmaLucia,17-Jun-25,,,,"$3,440.00",Quote Available,Quote Available,Quote Available,https://www.amawaterways.au/Assets/Desktop/Cruises/MAP_2025_Enchanting%20Rhine_CO.jpg,https://www.amawaterways.au/destination/europe-river-cruises/2025/enchanting-rhine,,,,,,,,,,,,,,
22662,2025,Europe,15,25-Sep-25,"Paris, France","Arles, France",Grand Seine & Rhone  ,AmaWaterways,AmaLyra,17-Jun-25,,,,Quote Available,Quote Available,Quote Available,Quote Available,https://www.amawaterways.au/Assets/Desktop/Cruises/grand_seine_rhone_map_CO_2025.jpg,https://www.amawaterways.au/destination/europe-river-cruises/2025/grand-seine-rhone,,,,,,,,,,,,,,
232097,2025,Europe,7,25-Sep-25,"Paris, France","Paris, France",Paris & Normandy  ,AmaWaterways,AmaLyra,17-Jun-25,,,,Quote Available,Quote Available,Quote Available,Quote Available,https://www.amawaterways.au/Assets/Desktop/Cruises/MAP_2025_Paris%20&%20Normandy_CO.jpg,https://www.amawaterways.au/destination/europe-river-cruises/2025/paris-normandy#forward-direction_0,,,,,,,,,,,,,,
213377,2025,Europe,7,25-Sep-25,"Amsterdam, Netherlands","Basel, Switzerland",Captivating Rhine  ,AmaWaterways,AmaSiena,17-Jun-25,,,,"$3,440.00","$4,040.00",Quote Available,Quote Available,https://www.amawaterways.au/Assets/Desktop/Cruises/MAP_2025_Captivating%20Rhine_CO.jpg,https://www.amawaterways.au/destination/europe-river-cruises/2025/captivating-rhine,,,,,,,,,,,,,,
232098,2025,Europe,7,27-Sep-25,"Paris, France","Paris, France",Paris & Normandy  ,AmaWaterways,AmaDante,19-Jun-25,,,,"$3,440.00","$4,040.00",Quote Available,Quote Available,https://www.amawaterways.au/Assets/Desktop/Cruises/MAP_2025_Paris%20&%20Normandy_CO.jpg,https://www.amawaterways.au/destination/europe-river-cruises/2025/paris-normandy#forward-direction_0,,,,,,,,,,,,,,
158002,2025,Europe,7,27-Sep-25,"Vilshofen, Germany","Budapest, Hungary",Romantic Danube  ,AmaWaterways,AmaMora,19-Jun-25,,,,Quote Available,"$4,040.00",Quote Available,Quote Available,https://www.amawaterways.au/Assets/Desktop/Cruises/romanticdanube_vil_bud_map_2020.jpg,https://www.amawaterways.au/destination/europe-river-cruises/2025/romantic-danube#forward-direction_0,,,,,,,,,,,,,,
196752,2025,Europe,7,27-Sep-25,"Basel, Switzerland","Amsterdam, Netherlands",Enchanting Rhine  ,AmaWaterways,AmaStella,19-Jun-25,,,,"$3,440.00","$4,040.00",Quote Available,Quote Available,https://www.amawaterways.au/Assets/Desktop/Cruises/MAP_2025_Enchanting%20Rhine_CO.jpg,https://www.amawaterways.au/destination/europe-river-cruises/2025/enchanting-rhine,,,,,,,,,,,,,,
213380,2025,Europe,7,27-Sep-25,"Amsterdam, Netherlands","Basel, Switzerland",Captivating Rhine  ,AmaWaterways,AmaViola,19-Jun-25,,,,"$3,440.00","$4,040.00",Quote Available,Quote Available,https://www.amawaterways.au/Assets/Desktop/Cruises/MAP_2025_Captivating%20Rhine_CO.jpg,https://www.amawaterways.au/destination/europe-river-cruises/2025/captivating-rhine,,,,,,,,,,,,,,
227998,2025,Europe,7,28-Sep-25,"Vilshofen, Germany","Budapest, Hungary",Magna On The Danube  ,AmaWaterways,AmaMagna,20-Jun-25,,,,"$3,624.00",Quote Available,"$6,023.00",Quote Available,https://www.amawaterways.au/Assets/Desktop/Cruises/magna_on_the_danube_BE_BUD-VIL_cruise_only_2025.jpg,https://www.amawaterways.au/destination/europe-river-cruises/2025/magna-on-the-danube#reverse-direction_0,,,,,,,,,,,,,,
29280,2025,Asia,7,29-Sep-25,"Siem Reap, Cambodia","Ho Chi Minh City, Vietnam",Riches of the Mekong ,AmaWaterways, AmaDara,21-Jun-25,,,,Quote Available,"$3,637.00","$3,937.00",Quote Available,https://www.amawaterways.au/Assets/Desktop/Cruises/richesofthemekong_hcmc_prekkdam_map_2018.jpg,https://www.amawaterways.au/destination/vietnam-cambodia-river-cruises/2025/riches-of-the-mekong#forward-direction_0,,,,,,,,,,,,,,
278158,2025,Europe,7,29-Sep-25,"Budapest, Hungary","Vilshofen, Germany",Melodies of the Danube  ,AmaWaterways,AmaBella,21-Jun-25,,,,"$3,440.00","$4,040.00",Quote Available,Quote Available,https://www.amawaterways.au/Assets/Desktop/Cruises/melodiesofthedanube_bud_vil_map_2020.jpg,https://www.amawaterways.au/destination/europe-river-cruises/2025/melodies-of-the-danube,,,,,,,,,,,,,,
191338,2025,Europe,7,29-Sep-25,"Amsterdam, Netherlands","Basel, Switzerland",Rhine Castles & Swiss Alps  ,AmaWaterways,AmaVenita,21-Jun-25,,,,"$3,440.00",Quote Available,Quote Available,Quote Available,https://www.amawaterways.au/Assets/Desktop/Cruises/MAP_2025_Rhine%20Castles%20&%20Swiss%20Alps_CO.jpg,https://www.amawaterways.au/destination/europe-river-cruises/2025/rhine-castles-swiss-alps#forward-direction_0,,,,,,,,,,,,,,
184024,2025,Europe,7,29-Sep-25,"Budapest, Hungary","Giurgiu, Romania",Gems of Southeast Europe  ,AmaWaterways,AmaVerde,21-Jun-25,,,,"$3,440.00","$4,040.00","$4,640.00",Quote Available,https://www.amawaterways.au/Assets/Desktop/Cruises/MAP_2025_Gems_of_SE_Eur_CO_BG.jpg,https://www.amawaterways.au/destination/europe-river-cruises/2025/gems-of-southeast-europe#forward-direction_0,,,,,,,,,,,,,,
167384,2025,Europe,7,01-Oct-25,"Nuremberg, Germany","Luxembourg, Luxembourg",Europe's Rivers & Castles  ,AmaWaterways,AmaPrima,23-Jun-25,,,,"$3,440.00","$4,040.00",Quote Available,Quote Available,https://www.amawaterways.au/Assets/Desktop/Cruises/MAP_2025_Eur%20Rivers&Castles_CO-NW.jpg,https://www.amawaterways.au/destination/europe-river-cruises/2025/europe-rivers-castles#reverse-direction_0,,,,,,,,,,,,,,
83121,2025,Europe,7,01-Oct-25,"Budapest, Hungary","Budapest, Hungary",Celebration of Music: Imperial Danube Cruise  ,AmaWaterways,AmaReina,23-Jun-25,,,,Quote Available,Quote Available,Quote Available,Quote Available,https://www.amawaterways.au/Assets/Desktop/Cruises/MAP_2026_CelebrationOfMusic_cruise-land.jpg,https://www.amawaterways.au/destination/europe-river-cruises/2025/best-of-the-danube,,,,,,,,,,,,,,
181099,2025,Europe,7,01-Oct-25,"Budapest, Hungary","Budapest, Hungary",Best of the Danube  ,AmaWaterways,AmaReina,23-Jun-25,,,,"$3,440.00","$4,040.00",Quote Available,Quote Available,https://www.amawaterways.au/Assets/Desktop/Cruises/MAP_2026-Celebration-of-music-cruise-only.jpg,https://www.amawaterways.au/destination/europe-river-cruises/2025/best-of-the-danube,,,,,,,,,,,,,,
227920,2025,Europe,7,01-Oct-25,"Budapest, Hungary","Vilshofen, Germany",Melodies of the Danube  ,AmaWaterways,AmaSonata,23-Jun-25,,,,"$3,440.00","$4,040.00",Quote Available,Quote Available,https://www.amawaterways.au/Assets/Desktop/Cruises/melodiesofthedanube_bud_vil_map_2020.jpg,https://www.amawaterways.au/destination/europe-river-cruises/2025/melodies-of-the-danube,,,,,,,,,,,,,,
15306,2025,Europe,7,02-Oct-25,"Dijon, France","Arles, France",Essence of Burgundy & Provence  ,AmaWaterways,AmaCello,24-Jun-25,,,,Quote Available,"$4,040.00",Quote Available,Quote Available,https://www.amawaterways.au/Assets/Desktop/Cruises/MAP_2025_Essence%20of%20Burgundy_CO-DA.jpg,https://www.amawaterways.au/destination/europe-river-cruises/2025/essence-of-burgundy-provence#forward-direction_0,,,,,,,,,,,,,,
82408,2025,Europe,7,02-Oct-25,"Bordeaux, France","Bordeaux, France",Taste of Bordeaux  ,AmaWaterways,AmaDolce,24-Jun-25,,,,"$3,440.00","$4,040.00",Quote Available,Quote Available,https://www.amawaterways.au/Assets/Desktop/Cruises/MAP_Taste%20of%20Bordeaux_2026_CO.png,https://www.amawaterways.au/destination/europe-river-cruises/2025/taste-of-bordeaux,,,,,,,,,,,,,,
213381,2025,Europe,7,02-Oct-25,"Amsterdam, Netherlands","Basel, Switzerland",Captivating Rhine  ,AmaWaterways,AmaLucia,24-Jun-25,,,,"$3,440.00","$4,040.00",Quote Available,Quote Available,https://www.amawaterways.au/Assets/Desktop/Cruises/MAP_2025_Captivating%20Rhine_CO.jpg,https://www.amawaterways.au/destination/europe-river-cruises/2025/captivating-rhine,,,,,,,,,,,,,,
232099,2025,Europe,7,02-Oct-25,"Paris, France","Paris, France",Paris & Normandy  ,AmaWaterways,AmaLyra,24-Jun-25,,,,Quote Available,"$4,040.00",Quote Available,Quote Available,https://www.amawaterways.au/Assets/Desktop/Cruises/MAP_2025_Paris%20&%20Normandy_CO.jpg,https://www.amawaterways.au/destination/europe-river-cruises/2025/paris-normandy#forward-direction_0,,,,,,,,,,,,,,
196753,2025,Europe,7,02-Oct-25,"Basel, Switzerland","Amsterdam, Netherlands",Enchanting Rhine  ,AmaWaterways,AmaSiena,24-Jun-25,,,,"$3,440.00","$4,040.00","$4,640.00",Quote Available,https://www.amawaterways.au/Assets/Desktop/Cruises/MAP_2025_Enchanting%20Rhine_CO.jpg,https://www.amawaterways.au/destination/europe-river-cruises/2025/enchanting-rhine,,,,,,,,,,,,,,
40141,2025,Asia,16,04-Oct-25,"Ho Chi Minh City, Vietnam","Hanoi, Vietnam",Charms of the Mekong,AmaWaterways, AmaDara,26-Jun-25,,,,Quote Available,Quote Available,Quote Available,Quote Available,https://www.amawaterways.au/Assets/Desktop/Cruises/charmsofthemekong_hcmc_hanoi_map_2018.jpg,https://www.amawaterways.au/destination/vietnam-cambodia-river-cruises/2025/charms-of-the-mekong#forward-direction_1,,,,,,,,,,,,,,
185555,2025,Europe,7,04-Oct-25,"Paris, France","Paris, France",Paris & Normandy  ,AmaWaterways,AmaDante,26-Jun-25,,,,"$3,440.00","$4,040.00",Quote Available,Quote Available,https://www.amawaterways.au/Assets/Desktop/Cruises/MAP_2025_Paris%20&%20Normandy_CO.jpg,https://www.amawaterways.au/destination/europe-river-cruises/2025/paris-normandy#forward-direction_0,,,,,,,,,,,,,,
228081,2025,Europe,7,04-Oct-25,"Vilshofen, Germany","Budapest, Hungary",Romantic Danube  ,AmaWaterways,AmaLea,26-Jun-25,,,,"$3,440.00",Quote Available,"$4,640.00",Quote Available,https://www.amawaterways.au/Assets/Desktop/Cruises/romanticdanube_vil_bud_map_2020.jpg,https://www.amawaterways.au/destination/europe-river-cruises/2025/romantic-danube#forward-direction_0,,,,,,,,,,,,,,
227921,2025,Europe,7,04-Oct-25,"Budapest, Hungary","Vilshofen, Germany",Melodies of the Danube  ,AmaWaterways,AmaMora,26-Jun-25,,,,"$3,440.00","$4,040.00",Quote Available,Quote Available,https://www.amawaterways.au/Assets/Desktop/Cruises/melodiesofthedanube_bud_vil_map_2020.jpg,https://www.amawaterways.au/destination/europe-river-cruises/2025/melodies-of-the-danube,,,,,,,,,,,,,,
213382,2025,Europe,7,04-Oct-25,"Amsterdam, Netherlands","Basel, Switzerland",Captivating Rhine  ,AmaWaterways,AmaStella,26-Jun-25,,,,Quote Available,Quote Available,Quote Available,Quote Available,https://www.amawaterways.au/Assets/Desktop/Cruises/MAP_2025_Captivating%20Rhine_CO.jpg,https://www.amawaterways.au/destination/europe-river-cruises/2025/captivating-rhine,,,,,,,,,,,,,,
196754,2025,Europe,7,04-Oct-25,"Basel, Switzerland","Amsterdam, Netherlands",Enchanting Rhine  ,AmaWaterways,AmaViola,26-Jun-25,,,,"$3,440.00",Quote Available,"$4,640.00",Quote Available,https://www.amawaterways.au/Assets/Desktop/Cruises/MAP_2025_Enchanting%20Rhine_CO.jpg,https://www.amawaterways.au/destination/europe-river-cruises/2025/enchanting-rhine,,,,,,,,,,,,,,
213048,2025,Europe,11,05-Oct-25,"Basel, Switzerland","Amsterdam, Netherlands",Rhine & Moselle Delights  ,AmaWaterways,AmaCerto,27-Jun-25,,,,"$4,442.00","$5,341.00",Quote Available,Quote Available,https://www.amawaterways.au/Assets/Desktop/Cruises/MAP_2025_Rhine%20&%20Mos%20Delights_CO.jpg,https://www.amawaterways.au/destination/europe-river-cruises/2025/rhine-moselle-delights#forward-direction_0,,,,,,,,,,,,,,
58751,2025,Europe,7,05-Oct-25,"Budapest, Hungary","Vilshofen, Germany",Magna On The Danube  ,AmaWaterways,AmaMagna,27-Jun-25,,,,"$3,624.00","$4,823.00",Quote Available,Quote Available,https://www.amawaterways.au/Assets/Desktop/Cruises/magna_on_the_danube_BE_BUD-VIL_cruise_only_2025.jpg,https://www.amawaterways.au/destination/europe-river-cruises/2025/magna-on-the-danube#forward-direction_0,,,,,,,,,,,,,,
50088,2025,Asia,7,06-Oct-25,"Ho Chi Minh City, Vietnam","Siem Reap, Cambodia",Charms of the Mekong ,AmaWaterways, AmaDara,28-Jun-25,,,,Quote Available,"$3,637.00","$3,937.00",Quote Available,https://www.amawaterways.au/Assets/Desktop/Cruises/charmsofthemekong_hcmc_prekkdam_map_2018.jpg,https://www.amawaterways.au/destination/vietnam-cambodia-river-cruises/2025/charms-of-the-mekong#forward-direction_0,,,,,,,,,,,,,,
91802,2025,Europe,15,06-Oct-25,"Vilshofen, Germany","Giurgiu, Romania",Grand Danube Cruise  ,AmaWaterways,AmaBella,28-Jun-25,,,,"$6,277.00",Quote Available,Quote Available,Quote Available,https://www.amawaterways.au/Assets/Desktop/Cruises/MAP_2025_Grand_Danube_CO-VG.jpg,https://www.amawaterways.au/destination/europe-river-cruises/2025/grand-danube-cruise#forward-direction_0,,,,,,,,,,,,,,
158212,2025,Europe,7,06-Oct-25,"Vilshofen, Germany","Budapest, Hungary",Romantic Danube  ,AmaWaterways,AmaBella,28-Jun-25,,,,"$3,440.00",Quote Available,Quote Available,Quote Available,https://www.amawaterways.au/Assets/Desktop/Cruises/romanticdanube_vil_bud_map_2020.jpg,https://www.amawaterways.au/destination/europe-river-cruises/2025/romantic-danube#forward-direction_0,,,,,,,,,,,,,,
191339,2025,Europe,7,06-Oct-25,"Amsterdam, Netherlands","Basel, Switzerland",Rhine Castles & Swiss Alps  ,AmaWaterways,AmaSerena,28-Jun-25,,,,"$3,440.00",Quote Available,Quote Available,Quote Available,https://www.amawaterways.au/Assets/Desktop/Cruises/MAP_2025_Rhine%20Castles%20&%20Swiss%20Alps_CO.jpg,https://www.amawaterways.au/destination/europe-river-cruises/2025/rhine-castles-swiss-alps#forward-direction_0,,,,,,,,,,,,,,
51182,2025,Europe,7,06-Oct-25,"Giurgiu, Romania","Budapest, Hungary",Gems of Southeast Europe  ,AmaWaterways,AmaVerde,28-Jun-25,,,,"$3,440.00",Quote Available,Quote Available,Quote Available,https://www.amawaterways.au/Assets/Desktop/Cruises/MAP_2025_Gems_of_SE_Eur_CO_BG.jpg,https://www.amawaterways.au/destination/europe-river-cruises/2025/gems-of-southeast-europe#reverse-direction_0,,,,,,,,,,,,,,
84862,2025,Europe,15,06-Oct-25,"Giurgiu, Romania","Vilshofen, Germany",Grand Danube Cruise  ,AmaWaterways,AmaVerde,28-Jun-25,,,,"$6,277.00",Quote Available,Quote Available,Quote Available,https://www.amawaterways.au/Assets/Desktop/Cruises/MAP_2025_Grand_Danube_CO-VG.jpg,https://www.amawaterways.au/destination/europe-river-cruises/2025/grand-danube-cruise#reverse-direction_0,,,,,,,,,,,,,,
16524,2025,Asia,16,07-Oct-25,"Hanoi, Vietnam","Ho Chi Minh City, Vietnam",Riches of the Mekong,AmaWaterways, AmaDara,29-Jun-25,,,,Quote Available,Quote Available,Quote Available,Quote Available,https://www.amawaterways.au/Assets/Desktop/Cruises/MAP_2026_Riches_Mekong_CL_full-itin-nopost.jpg,https://www.amawaterways.au/destination/vietnam-cambodia-river-cruises/2025/riches-of-the-mekong#forward-direction_1,,,,,,,,,,,,,,
108668,2025,Europe,7,07-Oct-25,"Porto, Portugal","Porto, Portugal",Enticing Douro  ,AmaWaterways,AmaDouro,29-Jun-25,,,,Quote Available,Quote Available,Quote Available,Quote Available,https://www.amawaterways.au/Assets/Desktop/Cruises/MAP_2025_Enticing%20Douro_CO.jpg,https://www.amawaterways.au/destination/europe-river-cruises/2025/enticing-douro,,,,,,,,,,,,,,
213442,2025,Europe,7,08-Oct-25,"Luxembourg, Luxembourg","Basel, Switzerland",Rhine & Moselle Splendors  ,AmaWaterways,AmaPrima,30-Jun-25,,,,"$3,440.00",Quote Available,Quote Available,Quote Available,https://www.amawaterways.au/Assets/Desktop/Cruises/rhinemoselsplendors_lux_bsl_map_2020.jpg,https://www.amawaterways.au/destination/europe-river-cruises/2025/rhine-moselle-splendors#forward-direction_0,,,,,,,,,,,,,,
227923,2025,Europe,7,08-Oct-25,"Budapest, Hungary","Vilshofen, Germany",Melodies of the Danube  ,AmaWaterways,AmaReina,30-Jun-25,,,,"$3,440.00",Quote Available,Quote Available,Quote Available,https://www.amawaterways.au/Assets/Desktop/Cruises/melodiesofthedanube_bud_vil_map_2020.jpg,https://www.amawaterways.au/destination/europe-river-cruises/2025/melodies-of-the-danube,,,,,,,,,,,,,,
228082,2025,Europe,7,08-Oct-25,"Vilshofen, Germany","Budapest, Hungary",Romantic Danube  ,AmaWaterways,AmaSonata,30-Jun-25,,,,"$3,440.00","$4,040.00",Quote Available,Quote Available,https://www.amawaterways.au/Assets/Desktop/Cruises/romanticdanube_vil_bud_map_2020.jpg,https://www.amawaterways.au/destination/europe-river-cruises/2025/romantic-danube#forward-direction_0,,,,,,,,,,,,,,
232060,2025,Europe,7,09-Oct-25,"Arles, France","Dijon, France",Essence of Burgundy & Provence  ,AmaWaterways,AmaCello,1-Jul-25,,,,"$3,440.00","$4,040.00",Quote Available,Quote Available,https://www.amawaterways.au/Assets/Desktop/Cruises/MAP_2025_Essence%20of%20Burgundy_CO-DA.jpg,https://www.amawaterways.au/destination/europe-river-cruises/2025/essence-of-burgundy-provence#reverse-direction_0,,,,,,,,,,,,,,
61664,2025,Europe,7,09-Oct-25,"Bordeaux, France","Bordeaux, France",Taste of Bordeaux  ,AmaWaterways,AmaDolce,1-Jul-25,,,,"$3,440.00","$4,040.00",Quote Available,Quote Available,https://www.amawaterways.au/Assets/Desktop/Cruises/MAP_Taste%20of%20Bordeaux_2026_CO.png,https://www.amawaterways.au/destination/europe-river-cruises/2025/taste-of-bordeaux,,,,,,,,,,,,,,
64882,2025,Europe,7,09-Oct-25,"Lyon, France","Arles, France",Colors of Provence  ,AmaWaterways,AmaKristina,1-Jul-25,,,,Quote Available,Quote Available,"$4,640.00",Quote Available,https://www.amawaterways.au/Assets/Desktop/Cruises/MAP_2025_Colors%20of%20Provence_CO-LA.jpg,https://www.amawaterways.au/destination/europe-river-cruises/2025/colors-of-provence#forward-direction_0,,,,,,,,,,,,,,
196755,2025,Europe,7,09-Oct-25,"Basel, Switzerland","Amsterdam, Netherlands",Enchanting Rhine  ,AmaWaterways,AmaLucia,1-Jul-25,,,,"$3,440.00",Quote Available,Quote Available,Quote Available,https://www.amawaterways.au/Assets/Desktop/Cruises/MAP_2025_Enchanting%20Rhine_CO.jpg,https://www.amawaterways.au/destination/europe-river-cruises/2025/enchanting-rhine,,,,,,,,,,,,,,
22774,2025,Europe,15,09-Oct-25,"Paris, France","Arles, France",Grand Seine & Rhone  ,AmaWaterways,AmaLyra,1-Jul-25,,,,Quote Available,Quote Available,Quote Available,Quote Available,https://www.amawaterways.au/Assets/Desktop/Cruises/grand_seine_rhone_map_CO_2025.jpg,https://www.amawaterways.au/destination/europe-river-cruises/2025/grand-seine-rhone,,,,,,,,,,,,,,
232101,2025,Europe,7,09-Oct-25,"Paris, France","Paris, France",Paris & Normandy  ,AmaWaterways,AmaLyra,1-Jul-25,,,,Quote Available,"$4,040.00",Quote Available,Quote Available,https://www.amawaterways.au/Assets/Desktop/Cruises/MAP_2025_Paris%20&%20Normandy_CO.jpg,https://www.amawaterways.au/destination/europe-river-cruises/2025/paris-normandy#forward-direction_0,,,,,,,,,,,,,,
213383,2025,Europe,7,09-Oct-25,"Amsterdam, Netherlands","Basel, Switzerland",Captivating Rhine  ,AmaWaterways,AmaSiena,1-Jul-25,,,,"$3,440.00","$4,040.00",Quote Available,Quote Available,https://www.amawaterways.au/Assets/Desktop/Cruises/MAP_2025_Captivating%20Rhine_CO.jpg,https://www.amawaterways.au/destination/europe-river-cruises/2025/captivating-rhine,,,,,,,,,,,,,,
174272,2025,Europe,7,10-Oct-25,"Porto, Portugal","Porto, Portugal",Enticing Douro  ,AmaWaterways,AmaSintra,2-Jul-25,,,,Quote Available,Quote Available,Quote Available,Quote Available,https://www.amawaterways.au/Assets/Desktop/Cruises/MAP_2025_Enticing%20Douro_CO.jpg,https://www.amawaterways.au/destination/europe-river-cruises/2025/enticing-douro,,,,,,,,,,,,,,
18736,2025,Europe,7,11-Oct-25,"Paris, France","Le Havre, France",Impressions of the Seine & Paris  ,AmaWaterways,AmaDante,3-Jul-25,,,,"$3,440.00","$4,040.00",Quote Available,Quote Available,https://www.amawaterways.au/Assets/Desktop/Cruises/Impressions_of_the_Seine_paris_st.malo_2021.jpg,https://www.amawaterways.au/destination/europe-river-cruises/2025/impressions-of-the-seine-paris#forward-direction_0,,,,,,,,,,,,,,
227924,2025,Europe,7,11-Oct-25,"Budapest, Hungary","Vilshofen, Germany",Melodies of the Danube  ,AmaWaterways,AmaLea,3-Jul-25,,,,"$3,440.00","$4,040.00",Quote Available,Quote Available,https://www.amawaterways.au/Assets/Desktop/Cruises/melodiesofthedanube_bud_vil_map_2020.jpg,https://www.amawaterways.au/destination/europe-river-cruises/2025/melodies-of-the-danube,,,,,,,,,,,,,,
159794,2025,Europe,7,11-Oct-25,"Vilshofen, Germany","Budapest, Hungary",Romantic Danube  ,AmaWaterways,AmaMora,3-Jul-25,,,,"$3,440.00","$4,040.00",Quote Available,Quote Available,https://www.amawaterways.au/Assets/Desktop/Cruises/romanticdanube_vil_bud_map_2020.jpg,https://www.amawaterways.au/destination/europe-river-cruises/2025/romantic-danube#forward-direction_0,,,,,,,,,,,,,,
196759,2025,Europe,7,11-Oct-25,"Basel, Switzerland","Amsterdam, Netherlands",Enchanting Rhine  ,AmaWaterways,AmaStella,3-Jul-25,,,,"$3,440.00","$4,040.00",Quote Available,Quote Available,https://www.amawaterways.au/Assets/Desktop/Cruises/MAP_2025_Enchanting%20Rhine_CO.jpg,https://www.amawaterways.au/destination/europe-river-cruises/2025/enchanting-rhine,,,,,,,,,,,,,,
213385,2025,Europe,7,11-Oct-25,"Amsterdam, Netherlands","Basel, Switzerland",Captivating Rhine  ,AmaWaterways,AmaViola,3-Jul-25,,,,"$3,440.00","$4,040.00",Quote Available,Quote Available,https://www.amawaterways.au/Assets/Desktop/Cruises/MAP_2025_Captivating%20Rhine_CO.jpg,https://www.amawaterways.au/destination/europe-river-cruises/2025/captivating-rhine,,,,,,,,,,,,,,
52011,2025,Europe,7,12-Oct-25,"Vilshofen, Germany","Budapest, Hungary",Magna On The Danube  ,AmaWaterways,AmaMagna,4-Jul-25,,,,Quote Available,"$4,823.00","$6,023.00",Quote Available,https://www.amawaterways.au/Assets/Desktop/Cruises/magna_on_the_danube_BE_BUD-VIL_cruise_only_2025.jpg,https://www.amawaterways.au/destination/europe-river-cruises/2025/magna-on-the-danube#reverse-direction_0,,,,,,,,,,,,,,
29948,2025,Asia,7,13-Oct-25,"Siem Reap, Cambodia","Ho Chi Minh City, Vietnam",Riches of the Mekong ,AmaWaterways, AmaDara,5-Jul-25,,,,Quote Available,"$3,637.00",Quote Available,Quote Available,https://www.amawaterways.au/Assets/Desktop/Cruises/richesofthemekong_hcmc_prekkdam_map_2018.jpg,https://www.amawaterways.au/destination/vietnam-cambodia-river-cruises/2025/riches-of-the-mekong#forward-direction_0,,,,,,,,,,,,,,
184027,2025,Europe,7,13-Oct-25,"Budapest, Hungary","Giurgiu, Romania",Gems of Southeast Europe  ,AmaWaterways,AmaBella,5-Jul-25,,,,"$3,440.00",Quote Available,"$4,640.00",Quote Available,https://www.amawaterways.au/Assets/Desktop/Cruises/MAP_2025_Gems_of_SE_Eur_CO_BG.jpg,https://www.amawaterways.au/destination/europe-river-cruises/2025/gems-of-southeast-europe#forward-direction_0,,,,,,,,,,,,,,
191340,2025,Europe,7,13-Oct-25,"Amsterdam, Netherlands","Basel, Switzerland",Rhine Castles & Swiss Alps  ,AmaWaterways,AmaVenita,5-Jul-25,,,,"$3,440.00","$4,040.00",Quote Available,Quote Available,https://www.amawaterways.au/Assets/Desktop/Cruises/MAP_2025_Rhine%20Castles%20&%20Swiss%20Alps_CO.jpg,https://www.amawaterways.au/destination/europe-river-cruises/2025/rhine-castles-swiss-alps#forward-direction_0,,,,,,,,,,,,,,
227925,2025,Europe,7,13-Oct-25,"Budapest, Hungary","Vilshofen, Germany",Melodies of the Danube  ,AmaWaterways,AmaVerde,5-Jul-25,,,,"$3,440.00","$4,040.00",Quote Available,Quote Available,https://www.amawaterways.au/Assets/Desktop/Cruises/melodiesofthedanube_bud_vil_map_2020.jpg,https://www.amawaterways.au/destination/europe-river-cruises/2025/melodies-of-the-danube,,,,,,,,,,,,,,
232190,2025,Europe,7,14-Oct-25,"Porto, Portugal","Porto, Portugal",Enticing Douro  ,AmaWaterways,AmaDouro,6-Jul-25,,,,Quote Available,Quote Available,Quote Available,Quote Available,https://www.amawaterways.au/Assets/Desktop/Cruises/MAP_2025_Enticing%20Douro_CO.jpg,https://www.amawaterways.au/destination/europe-river-cruises/2025/enticing-douro,,,,,,,,,,,,,,
205754,2025,Europe,7,15-Oct-25,"Amsterdam, Netherlands","Luxembourg, Luxembourg",Vineyards of the Rhine & Moselle  ,AmaWaterways,AmaCerto,7-Jul-25,,,,"$3,440.00","$4,040.00",Quote Available,Quote Available,https://www.amawaterways.au/Assets/Desktop/Cruises/MAP_2025_Vineyards%20Rhine%20&%20Mos_CO.jpg,https://www.amawaterways.au/destination/europe-river-cruises/2025/vineyards-of-the-rhine-moselle,,,,,,,,,,,,,,
196761,2025,Europe,7,15-Oct-25,"Basel, Switzerland","Amsterdam, Netherlands",Enchanting Rhine  ,AmaWaterways,AmaPrima,7-Jul-25,,,,Quote Available,"$4,040.00","$4,640.00",Quote Available,https://www.amawaterways.au/Assets/Desktop/Cruises/MAP_2025_Enchanting%20Rhine_CO.jpg,https://www.amawaterways.au/destination/europe-river-cruises/2025/enchanting-rhine,,,,,,,,,,,,,,
228084,2025,Europe,7,15-Oct-25,"Vilshofen, Germany","Budapest, Hungary",Romantic Danube  ,AmaWaterways,AmaReina,7-Jul-25,,,,"$3,440.00","$4,040.00",Quote Available,Quote Available,https://www.amawaterways.au/Assets/Desktop/Cruises/romanticdanube_vil_bud_map_2020.jpg,https://www.amawaterways.au/destination/europe-river-cruises/2025/romantic-danube#forward-direction_0,,,,,,,,,,,,,,
56626,2025,Europe,7,16-Oct-25,"Arles, France","Lyon, France",Colors of Provence  ,AmaWaterways,AmaKristina,8-Jul-25,,,,Quote Available,Quote Available,Quote Available,Quote Available,https://www.amawaterways.au/Assets/Desktop/Cruises/MAP_2025_Colors%20of%20Provence_CO-LA.jpg,https://www.amawaterways.au/destination/europe-river-cruises/2025/colors-of-provence#reverse-direction_0,,,,,,,,,,,,,,
232102,2025,Europe,7,16-Oct-25,"Paris, France","Paris, France",Paris & Normandy  ,AmaWaterways,AmaLyra,8-Jul-25,,,,Quote Available,"$4,040.00",Quote Available,Quote Available,https://www.amawaterways.au/Assets/Desktop/Cruises/MAP_2025_Paris%20&%20Normandy_CO.jpg,https://www.amawaterways.au/destination/europe-river-cruises/2025/paris-normandy#forward-direction_0,,,,,,,,,,,,,,
232191,2025,Europe,7,17-Oct-25,"Porto, Portugal","Porto, Portugal",Enticing Douro  ,AmaWaterways,AmaSintra,9-Jul-25,,,,Quote Available,Quote Available,Quote Available,Quote Available,https://www.amawaterways.au/Assets/Desktop/Cruises/MAP_2025_Enticing%20Douro_CO.jpg,https://www.amawaterways.au/destination/europe-river-cruises/2025/enticing-douro,,,,,,,,,,,,,,
10187,2025,Asia,16,18-Oct-25,"Ho Chi Minh City, Vietnam","Hanoi, Vietnam",Charms of the Mekong,AmaWaterways, AmaDara,10-Jul-25,,,,Quote Available,Quote Available,Quote Available,Quote Available,https://www.amawaterways.au/Assets/Desktop/Cruises/charmsofthemekong_hcmc_hanoi_map_2018.jpg,https://www.amawaterways.au/destination/vietnam-cambodia-river-cruises/2025/charms-of-the-mekong#forward-direction_1,,,,,,,,,,,,,,
30243,2025,Europe,7,18-Oct-25,"Le Havre, France","Paris, France",Impressions of the Seine & Paris  ,AmaWaterways,AmaDante,10-Jul-25,,,,"$3,440.00","$4,040.00",Quote Available,Quote Available,https://www.amawaterways.au/Assets/Desktop/Cruises/Impressions_of_the_Seine_paris_st.malo_2021.jpg,https://www.amawaterways.au/destination/europe-river-cruises/2025/impressions-of-the-seine-paris#reverse-direction_0,,,,,,,,,,,,,,
228085,2025,Europe,7,18-Oct-25,"Vilshofen, Germany","Budapest, Hungary",Romantic Danube  ,AmaWaterways,AmaLea,10-Jul-25,,,,"$3,440.00","$4,040.00","$4,640.00",Quote Available,https://www.amawaterways.au/Assets/Desktop/Cruises/romanticdanube_vil_bud_map_2020.jpg,https://www.amawaterways.au/destination/europe-river-cruises/2025/romantic-danube#forward-direction_0,,,,,,,,,,,,,,
227927,2025,Europe,7,18-Oct-25,"Budapest, Hungary","Vilshofen, Germany",Melodies of the Danube  ,AmaWaterways,AmaMora,10-Jul-25,,,,Quote Available,"$4,040.00",Quote Available,Quote Available,https://www.amawaterways.au/Assets/Desktop/Cruises/melodiesofthedanube_bud_vil_map_2020.jpg,https://www.amawaterways.au/destination/europe-river-cruises/2025/melodies-of-the-danube,,,,,,,,,,,,,,
230288,2025,Europe,7,18-Oct-25,"Amsterdam, Netherlands","Amsterdam, Netherlands",Best of Holland & Belgium  ,AmaWaterways,AmaStella,10-Jul-25,,,,"$3,440.00",Quote Available,Quote Available,Quote Available,https://www.amawaterways.au/Assets/Desktop/Cruises/MAP_2025_BestofHolland_CO.jpg,https://www.amawaterways.au/destination/europe-river-cruises/2025/best-of-holland-belgium,,,,,,,,,,,,,,
196781,2025,Europe,7,18-Oct-25,"Basel, Switzerland","Amsterdam, Netherlands",Enchanting Rhine  ,AmaWaterways,AmaViola,10-Jul-25,,,,"$3,440.00","$4,040.00","$4,640.00",Quote Available,https://www.amawaterways.au/Assets/Desktop/Cruises/MAP_2025_Enchanting%20Rhine_CO.jpg,https://www.amawaterways.au/destination/europe-river-cruises/2025/enchanting-rhine,,,,,,,,,,,,,,
228031,2025,Europe,7,19-Oct-25,"Budapest, Hungary","Vilshofen, Germany",Magna On The Danube  ,AmaWaterways,AmaMagna,11-Jul-25,,,,Quote Available,"$4,823.00",Quote Available,Quote Available,https://www.amawaterways.au/Assets/Desktop/Cruises/magna_on_the_danube_BE_BUD-VIL_cruise_only_2025.jpg,https://www.amawaterways.au/destination/europe-river-cruises/2025/magna-on-the-danube#forward-direction_0,,,,,,,,,,,,,,
10220,2025,Asia,7,20-Oct-25,"Ho Chi Minh City, Vietnam","Siem Reap, Cambodia",Charms of the Mekong ,AmaWaterways, AmaDara,12-Jul-25,,,,Quote Available,"$3,637.00",Quote Available,Quote Available,https://www.amawaterways.au/Assets/Desktop/Cruises/charmsofthemekong_hcmc_prekkdam_map_2018.jpg,https://www.amawaterways.au/destination/vietnam-cambodia-river-cruises/2025/charms-of-the-mekong#forward-direction_0,,,,,,,,,,,,,,
84865,2025,Europe,15,20-Oct-25,"Giurgiu, Romania","Vilshofen, Germany",Grand Danube Cruise  ,AmaWaterways,AmaBella,12-Jul-25,,,,"$6,277.00","$7,477.00",Quote Available,Quote Available,https://www.amawaterways.au/Assets/Desktop/Cruises/MAP_2025_Grand_Danube_CO-VG.jpg,https://www.amawaterways.au/destination/europe-river-cruises/2025/grand-danube-cruise#reverse-direction_0,,,,,,,,,,,,,,
191341,2025,Europe,7,20-Oct-25,"Amsterdam, Netherlands","Basel, Switzerland",Rhine Castles & Swiss Alps  ,AmaWaterways,AmaSerena,12-Jul-25,,,,"$3,440.00","$4,040.00","$4,640.00",Quote Available,https://www.amawaterways.au/Assets/Desktop/Cruises/MAP_2025_Rhine%20Castles%20&%20Swiss%20Alps_CO.jpg,https://www.amawaterways.au/destination/europe-river-cruises/2025/rhine-castles-swiss-alps#forward-direction_0,,,,,,,,,,,,,,
228086,2025,Europe,7,20-Oct-25,"Vilshofen, Germany","Budapest, Hungary",Romantic Danube  ,AmaWaterways,AmaVerde,12-Jul-25,,,,"$3,440.00","$4,040.00","$4,640.00",Quote Available,https://www.amawaterways.au/Assets/Desktop/Cruises/romanticdanube_vil_bud_map_2020.jpg,https://www.amawaterways.au/destination/europe-river-cruises/2025/romantic-danube#forward-direction_0,,,,,,,,,,,,,,
228147,2025,Europe,15,20-Oct-25,"Vilshofen, Germany","Giurgiu, Romania",Grand Danube Cruise  ,AmaWaterways,AmaVerde,12-Jul-25,,,,"$6,277.00","$7,477.00",Quote Available,Quote Available,https://www.amawaterways.au/Assets/Desktop/Cruises/MAP_2025_Grand_Danube_CO-VG.jpg,https://www.amawaterways.au/destination/europe-river-cruises/2025/grand-danube-cruise#forward-direction_0,,,,,,,,,,,,,,
229206,2025,Europe,7,22-Oct-25,"Luxembourg, Luxembourg","Nuremberg, Germany",Europe's Rivers & Castles  ,AmaWaterways,AmaCerto,14-Jul-25,,,,"$3,440.00","$4,040.00","$4,640.00",Quote Available,https://www.amawaterways.au/Assets/Desktop/Cruises/MAP_2025_Eur%20Rivers&Castles_CO-NW.jpg,https://www.amawaterways.au/destination/europe-river-cruises/2025/europe-rivers-castles#forward-direction_0,,,,,,,,,,,,,,
213294,2025,Europe,12,22-Oct-25,"Amsterdam, Netherlands","Basel, Switzerland",Rhine & Moselle Fairytales  ,AmaWaterways,AmaPrima,14-Jul-25,,,,"$4,827.00",Quote Available,Quote Available,Quote Available,https://www.amawaterways.au/Assets/Desktop/Cruises/MAP_2025_Rhine%20&%20Mos%20Fairytales_CO.jpg,https://www.amawaterways.au/destination/europe-river-cruises/2025/rhine-moselle-fairytales#forward-direction_0,,,,,,,,,,,,,,
227928,2025,Europe,7,22-Oct-25,"Budapest, Hungary","Vilshofen, Germany",Melodies of the Danube  ,AmaWaterways,AmaReina,14-Jul-25,,,,"$3,440.00","$4,040.00",Quote Available,Quote Available,https://www.amawaterways.au/Assets/Desktop/Cruises/melodiesofthedanube_bud_vil_map_2020.jpg,https://www.amawaterways.au/destination/europe-river-cruises/2025/melodies-of-the-danube,,,,,,,,,,,,,,
228087,2025,Europe,7,22-Oct-25,"Vilshofen, Germany","Budapest, Hungary",Romantic Danube  ,AmaWaterways,AmaSonata,14-Jul-25,,,,"$3,440.00","$4,040.00",Quote Available,Quote Available,https://www.amawaterways.au/Assets/Desktop/Cruises/romanticdanube_vil_bud_map_2020.jpg,https://www.amawaterways.au/destination/europe-river-cruises/2025/romantic-danube#forward-direction_0,,,,,,,,,,,,,,
232051,2025,Europe,7,23-Oct-25,"Arles, France","Dijon, France",Essence of Burgundy & Provence  (Wine Cruise),AmaWaterways,AmaCello,15-Jul-25,,,,Quote Available,Quote Available,Quote Available,Quote Available,https://www.amawaterways.au/Assets/Desktop/Cruises/MAP_2025_Essence%20of%20Burgundy_CO-DA.jpg,https://www.amawaterways.au/destination/europe-river-cruises/2025/essence-of-burgundy-provence#reverse-direction_0,,,,,,,,,,,,,,
226582,2025,Europe,7,23-Oct-25,"Bordeaux, France","Bordeaux, France",Taste of Bordeaux  ,AmaWaterways,AmaDolce,15-Jul-25,,,,Quote Available,Quote Available,Quote Available,Quote Available,https://www.amawaterways.au/Assets/Desktop/Cruises/MAP_Taste%20of%20Bordeaux_2026_CO.png,https://www.amawaterways.au/destination/europe-river-cruises/2025/taste-of-bordeaux,,,,,,,,,,,,,,
55646,2025,Europe,7,23-Oct-25,"Lyon, France","Arles, France",Colors of Provence  ,AmaWaterways,AmaKristina,15-Jul-25,,,,Quote Available,Quote Available,Quote Available,Quote Available,https://www.amawaterways.au/Assets/Desktop/Cruises/MAP_2025_Colors%20of%20Provence_CO-LA.jpg,https://www.amawaterways.au/destination/europe-river-cruises/2025/colors-of-provence#forward-direction_0,,,,,,,,,,,,,,
197646,2025,Europe,7,23-Oct-25,"Basel, Switzerland","Amsterdam, Netherlands",Enchanting Rhine  ,AmaWaterways,AmaLucia,15-Jul-25,,,,Quote Available,Quote Available,Quote Available,Quote Available,https://www.amawaterways.au/Assets/Desktop/Cruises/MAP_2025_Enchanting%20Rhine_CO.jpg,https://www.amawaterways.au/destination/europe-river-cruises/2025/enchanting-rhine,,,,,,,,,,,,,,
232103,2025,Europe,7,23-Oct-25,"Paris, France","Paris, France",Paris & Normandy  ,AmaWaterways,AmaLyra,15-Jul-25,,,,Quote Available,Quote Available,Quote Available,Quote Available,https://www.amawaterways.au/Assets/Desktop/Cruises/MAP_2025_Paris%20&%20Normandy_CO.jpg,https://www.amawaterways.au/destination/europe-river-cruises/2025/paris-normandy#forward-direction_0,,,,,,,,,,,,,,
213387,2025,Europe,7,23-Oct-25,"Amsterdam, Netherlands","Basel, Switzerland",Captivating Rhine  ,AmaWaterways,AmaSiena,15-Jul-25,,,,Quote Available,Quote Available,Quote Available,Quote Available,https://www.amawaterways.au/Assets/Desktop/Cruises/MAP_2025_Captivating%20Rhine_CO.jpg,https://www.amawaterways.au/destination/europe-river-cruises/2025/captivating-rhine,,,,,,,,,,,,,,
232193,2025,Europe,7,24-Oct-25,"Porto, Portugal","Porto, Portugal",Enticing Douro  ,AmaWaterways,AmaSintra,16-Jul-25,,,,Quote Available,Quote Available,Quote Available,Quote Available,https://www.amawaterways.au/Assets/Desktop/Cruises/MAP_2025_Enticing%20Douro_CO.jpg,https://www.amawaterways.au/destination/europe-river-cruises/2025/enticing-douro,,,,,,,,,,,,,,
232104,2025,Europe,7,25-Oct-25,"Paris, France","Paris, France",Paris & Normandy  ,AmaWaterways,AmaDante,17-Jul-25,,,,Quote Available,Quote Available,Quote Available,Quote Available,https://www.amawaterways.au/Assets/Desktop/Cruises/MAP_2025_Paris%20&%20Normandy_CO.jpg,https://www.amawaterways.au/destination/europe-river-cruises/2025/paris-normandy#forward-direction_0,,,,,,,,,,,,,,
82355,2025,Europe,7,25-Oct-25,"Budapest, Hungary","Vilshofen, Germany",Melodies of the Danube  ,AmaWaterways,AmaLea,17-Jul-25,,,,Quote Available,Quote Available,Quote Available,Quote Available,https://www.amawaterways.au/Assets/Desktop/Cruises/melodiesofthedanube_bud_vil_map_2020.jpg,https://www.amawaterways.au/destination/europe-river-cruises/2025/melodies-of-the-danube,,,,,,,,,,,,,,
160920,2025,Europe,7,25-Oct-25,"Vilshofen, Germany","Budapest, Hungary",Romantic Danube  ,AmaWaterways,AmaMora,17-Jul-25,,,,Quote Available,Quote Available,Quote Available,Quote Available,https://www.amawaterways.au/Assets/Desktop/Cruises/romanticdanube_vil_bud_map_2020.jpg,https://www.amawaterways.au/destination/europe-river-cruises/2025/romantic-danube#forward-direction_0,,,,,,,,,,,,,,
186452,2025,Europe,15,25-Oct-25,"Amsterdam, Netherlands","Basel, Switzerland",Grand Rhine & Dutch Canals  ,AmaWaterways,AmaStella,17-Jul-25,,,,Quote Available,Quote Available,Quote Available,Quote Available,https://www.amawaterways.au/Assets/Desktop/Cruises/grand_rhine_dutch_canals_CE_cruise_only_2025.jpg,https://www.amawaterways.au/destination/europe-river-cruises/2025/grand-rhine-dutch-canals#forward-direction_0,,,,,,,,,,,,,,
230289,2025,Europe,7,25-Oct-25,"Amsterdam, Netherlands","Amsterdam, Netherlands",Best of Holland & Belgium  ,AmaWaterways,AmaStella,17-Jul-25,,,,Quote Available,Quote Available,Quote Available,Quote Available,https://www.amawaterways.au/Assets/Desktop/Cruises/MAP_2025_BestofHolland_CO.jpg,https://www.amawaterways.au/destination/europe-river-cruises/2025/best-of-holland-belgium,,,,,,,,,,,,,,
30896,2025,Europe,15,25-Oct-25,"Basel, Switzerland","Amsterdam, Netherlands",Grand Rhine & Dutch Canals  ,AmaWaterways,AmaStella,17-Jul-25,,,,Quote Available,Quote Available,Quote Available,Quote Available,https://www.amawaterways.au/Assets/Desktop/Cruises/grand_rhine_dutch_canals_CE_cruise_only_2025.jpg,https://www.amawaterways.au/destination/europe-river-cruises/2025/grand-rhine-dutch-canals#reverse-direction_0,,,,,,,,,,,,,,
213391,2025,Europe,7,25-Oct-25,"Amsterdam, Netherlands","Basel, Switzerland",Captivating Rhine  ,AmaWaterways,AmaViola,17-Jul-25,,,,Quote Available,Quote Available,Quote Available,Quote Available,https://www.amawaterways.au/Assets/Desktop/Cruises/MAP_2025_Captivating%20Rhine_CO.jpg,https://www.amawaterways.au/destination/europe-river-cruises/2025/captivating-rhine,,,,,,,,,,,,,,
228000,2025,Europe,7,26-Oct-25,"Vilshofen, Germany","Budapest, Hungary",Magna On The Danube  ,AmaWaterways,AmaMagna,18-Jul-25,,,,Quote Available,Quote Available,Quote Available,Quote Available,https://www.amawaterways.au/Assets/Desktop/Cruises/magna_on_the_danube_BE_BUD-VIL_cruise_only_2025.jpg,https://www.amawaterways.au/destination/europe-river-cruises/2025/magna-on-the-danube#reverse-direction_0,,,,,,,,,,,,,,
275943,2025,Europe,14,26-Oct-25,"Budapest, Hungary","Amsterdam, Netherlands",Jewels of Europe,Scenic,Scenic Amber,18-Jul-25,,,,,"$9,995.00",,,,https://www.scenic.com.au/tours/stc-stau/stc-stau-2025-bud-ams,,,,,,,,,,,,,,
50552,2025,Europe,7,27-Oct-25,"Budapest, Hungary","Vilshofen, Germany","Melodies of the Danube  (Wine Cruise, Budapest to Vilshofen, Cruise Only)",AmaWaterways,AmaBella,19-Jul-25,,,,Quote Available,Quote Available,Quote Available,Quote Available,https://www.amawaterways.au/Assets/Desktop/Cruises/melodiesofthedanube_bud_vil_map_2020.jpg,https://www.amawaterways.au/destination/europe-river-cruises/2025/melodies-of-the-danube,,,,,,,,,,,,,,
191342,2025,Europe,7,27-Oct-25,"Amsterdam, Netherlands","Basel, Switzerland",Rhine Castles & Swiss Alps  ,AmaWaterways,AmaVenita,19-Jul-25,,,,Quote Available,Quote Available,Quote Available,Quote Available,https://www.amawaterways.au/Assets/Desktop/Cruises/MAP_2025_Rhine%20Castles%20&%20Swiss%20Alps_CO.jpg,https://www.amawaterways.au/destination/europe-river-cruises/2025/rhine-castles-swiss-alps#forward-direction_0,,,,,,,,,,,,,,
184030,2025,Europe,7,27-Oct-25,"Budapest, Hungary","Giurgiu, Romania",Gems of Southeast Europe  ,AmaWaterways,AmaVerde,19-Jul-25,,,,Quote Available,Quote Available,Quote Available,Quote Available,https://www.amawaterways.au/Assets/Desktop/Cruises/MAP_2025_Gems_of_SE_Eur_CO_BG.jpg,https://www.amawaterways.au/destination/europe-river-cruises/2025/gems-of-southeast-europe#forward-direction_0,,,,,,,,,,,,,,
280385,2025,Europe,14,27-Oct-25,"Budapest, Hungary","Amsterdam, Netherlands",Jewels of Europe,Scenic,Scenic Crystal,19-Jul-25,,,,,"$9,995.00",,,,https://www.scenic.com.au/tours/stc-stau/stc-stau-2025-bud-ams,,,,,,,,,,,,,,
232194,2025,Europe,7,28-Oct-25,"Porto, Portugal","Porto, Portugal",Enticing Douro  ,AmaWaterways,AmaDouro,20-Jul-25,,,,Quote Available,Quote Available,Quote Available,Quote Available,https://www.amawaterways.au/Assets/Desktop/Cruises/MAP_2025_Enticing%20Douro_CO.jpg,https://www.amawaterways.au/destination/europe-river-cruises/2025/enticing-douro,,,,,,,,,,,,,,
167385,2025,Europe,7,29-Oct-25,"Nuremberg, Germany","Luxembourg, Luxembourg",Europe's Rivers & Castles  ,AmaWaterways,AmaCerto,21-Jul-25,,,,Quote Available,Quote Available,Quote Available,Quote Available,https://www.amawaterways.au/Assets/Desktop/Cruises/MAP_2025_Eur%20Rivers&Castles_CO-NW.jpg,https://www.amawaterways.au/destination/europe-river-cruises/2025/europe-rivers-castles#reverse-direction_0,,,,,,,,,,,,,,
228088,2025,Europe,7,29-Oct-25,"Vilshofen, Germany","Budapest, Hungary",Romantic Danube  ,AmaWaterways,AmaReina,21-Jul-25,,,,Quote Available,Quote Available,Quote Available,Quote Available,https://www.amawaterways.au/Assets/Desktop/Cruises/romanticdanube_vil_bud_map_2020.jpg,https://www.amawaterways.au/destination/europe-river-cruises/2025/romantic-danube#forward-direction_0,,,,,,,,,,,,,,
227930,2025,Europe,7,29-Oct-25,"Budapest, Hungary","Vilshofen, Germany",Melodies of the Danube  ,AmaWaterways,AmaSonata,21-Jul-25,,,,Quote Available,Quote Available,Quote Available,Quote Available,https://www.amawaterways.au/Assets/Desktop/Cruises/melodiesofthedanube_bud_vil_map_2020.jpg,https://www.amawaterways.au/destination/europe-river-cruises/2025/melodies-of-the-danube,,,,,,,,,,,,,,
27675,2025,Europe,7,30-Oct-25,"Dijon, France","Lyon, France",Flavors of Burgundy  (Wine Cruise),AmaWaterways,AmaCello,22-Jul-25,,,,Quote Available,Quote Available,Quote Available,Quote Available,https://www.amawaterways.au/Assets/Desktop/Cruises/flavors_of_burgundy_dl_2024_co.jpg,https://www.amawaterways.au/destination/europe-river-cruises/2025/flavors-of-burgundy#forward-direction_0,,,,,,,,,,,,,,
226614,2025,Europe,7,30-Oct-25,"Bordeaux, France","Bordeaux, France",Taste of Bordeaux  (Wine Cruise),AmaWaterways,AmaDolce,22-Jul-25,,,,Quote Available,Quote Available,Quote Available,Quote Available,https://www.amawaterways.au/Assets/Desktop/Cruises/MAP_Taste%20of%20Bordeaux_2026_CO.png,https://www.amawaterways.au/destination/europe-river-cruises/2025/taste-of-bordeaux,,,,,,,,,,,,,,
231251,2025,Europe,7,30-Oct-25,"Arles, France","Lyon, France",Colors of Provence  (Wine Cruise),AmaWaterways,AmaKristina,22-Jul-25,,,,Quote Available,Quote Available,Quote Available,Quote Available,https://www.amawaterways.au/Assets/Desktop/Cruises/MAP_2025_Colors%20of%20Provence_CO-LA.jpg,https://www.amawaterways.au/destination/europe-river-cruises/2025/colors-of-provence#reverse-direction_0,,,,,,,,,,,,,,
213396,2025,Europe,7,30-Oct-25,"Amsterdam, Netherlands","Basel, Switzerland",Captivating Rhine  ,AmaWaterways,AmaLucia,22-Jul-25,,,,Quote Available,Quote Available,Quote Available,Quote Available,https://www.amawaterways.au/Assets/Desktop/Cruises/MAP_2025_Captivating%20Rhine_CO.jpg,https://www.amawaterways.au/destination/europe-river-cruises/2025/captivating-rhine,,,,,,,,,,,,,,
232105,2025,Europe,7,30-Oct-25,"Paris, France","Paris, France",Paris & Normandy  ,AmaWaterways,AmaLyra,22-Jul-25,,,,Quote Available,Quote Available,Quote Available,Quote Available,https://www.amawaterways.au/Assets/Desktop/Cruises/MAP_2025_Paris%20&%20Normandy_CO.jpg,https://www.amawaterways.au/destination/europe-river-cruises/2025/paris-normandy#forward-direction_0,,,,,,,,,,,,,,
197945,2025,Europe,7,30-Oct-25,"Basel, Switzerland","Amsterdam, Netherlands",Enchanting Rhine  ,AmaWaterways,AmaSiena,22-Jul-25,,,,Quote Available,Quote Available,Quote Available,Quote Available,https://www.amawaterways.au/Assets/Desktop/Cruises/MAP_2025_Enchanting%20Rhine_CO.jpg,https://www.amawaterways.au/destination/europe-river-cruises/2025/enchanting-rhine,,,,,,,,,,,,,,
232195,2025,Europe,7,31-Oct-25,"Porto, Portugal","Porto, Portugal",Enticing Douro  ,AmaWaterways,AmaSintra,23-Jul-25,,,,Quote Available,Quote Available,Quote Available,Quote Available,https://www.amawaterways.au/Assets/Desktop/Cruises/MAP_2025_Enticing%20Douro_CO.jpg,https://www.amawaterways.au/destination/europe-river-cruises/2025/enticing-douro,,,,,,,,,,,,,,
161146,2025,Europe,7,01-Nov-25,"Vilshofen, Germany","Budapest, Hungary",Romantic Danube  ,AmaWaterways,AmaLea,24-Jul-25,,,,"$2,247.00","$2,847.00","$3,447.00",Quote Available,https://www.amawaterways.au/Assets/Desktop/Cruises/romanticdanube_vil_bud_map_2020.jpg,https://www.amawaterways.au/destination/europe-river-cruises/2025/romantic-danube#forward-direction_0,,,,,,,,,,,,,,
75060,2025,Europe,7,01-Nov-25,"Porto, Portugal","Vega Terrón, Spain",Flavors of Portugal & Spain  ,AmaWaterways,AmaVida,24-Jul-25,,,,"$2,247.00","$2,847.00","$3,447.00",Quote Available,https://www.amawaterways.au/Assets/Desktop/Cruises/MAP_2025_Flavors%20of%20Port&Spain_CO-PV.jpg,https://www.amawaterways.au/destination/europe-river-cruises/2025/flavors-of-portugal-spain#forward-direction_0,,,,,,,,,,,,,,
40629,2025,Asia,16,01-Nov-25,"Ho Chi Minh City, Vietnam","Hanoi, Vietnam",Charms of the Mekong,AmaWaterways, AmaDara,24-Jul-25,,,,Quote Available,Quote Available,Quote Available,Quote Available,https://www.amawaterways.au/Assets/Desktop/Cruises/charmsofthemekong_hcmc_hanoi_map_2018.jpg,https://www.amawaterways.au/destination/vietnam-cambodia-river-cruises/2025/charms-of-the-mekong#forward-direction_1,,,,,,,,,,,,,,
56878,2025,Europe,7,01-Nov-25,"Paris, France","Paris, France",Paris & Normandy  ,AmaWaterways,AmaDante,24-Jul-25,,,,Quote Available,Quote Available,Quote Available,Quote Available,https://www.amawaterways.au/Assets/Desktop/Cruises/MAP_2025_Paris%20&%20Normandy_CO.jpg,https://www.amawaterways.au/destination/europe-river-cruises/2025/paris-normandy#forward-direction_0,,,,,,,,,,,,,,
82356,2025,Europe,7,01-Nov-25,"Budapest, Hungary","Vilshofen, Germany",Melodies of the Danube  ,AmaWaterways,AmaMora,24-Jul-25,,,,Quote Available,Quote Available,Quote Available,Quote Available,https://www.amawaterways.au/Assets/Desktop/Cruises/melodiesofthedanube_bud_vil_map_2020.jpg,https://www.amawaterways.au/destination/europe-river-cruises/2025/melodies-of-the-danube,,,,,,,,,,,,,,
213400,2025,Europe,7,01-Nov-25,"Amsterdam, Netherlands","Basel, Switzerland",Captivating Rhine  ,AmaWaterways,AmaStella,24-Jul-25,,,,Quote Available,Quote Available,Quote Available,Quote Available,https://www.amawaterways.au/Assets/Desktop/Cruises/MAP_2025_Captivating%20Rhine_CO.jpg,https://www.amawaterways.au/destination/europe-river-cruises/2025/captivating-rhine,,,,,,,,,,,,,,
197997,2025,Europe,7,01-Nov-25,"Basel, Switzerland","Amsterdam, Netherlands",Enchanting Rhine  ,AmaWaterways,AmaViola,24-Jul-25,,,,Quote Available,Quote Available,Quote Available,Quote Available,https://www.amawaterways.au/Assets/Desktop/Cruises/MAP_2025_Enchanting%20Rhine_CO.jpg,https://www.amawaterways.au/destination/europe-river-cruises/2025/enchanting-rhine,,,,,,,,,,,,,,
136526,2025,Europe,7,02-Nov-25,"Budapest, Hungary","Vilshofen, Germany",Magna On The Danube  ,AmaWaterways,AmaMagna,25-Jul-25,,,,Quote Available,Quote Available,Quote Available,Quote Available,https://www.amawaterways.au/Assets/Desktop/Cruises/magna_on_the_danube_BE_BUD-VIL_cruise_only_2025.jpg,https://www.amawaterways.au/destination/europe-river-cruises/2025/magna-on-the-danube#forward-direction_0,,,,,,,,,,,,,,
200,2025,Europe,7,03-Nov-25,"Basel, Switzerland","Amsterdam, Netherlands",Swiss Alps & Rhine Castles (Basel to Amsterdam),AmaWaterways,AmaVenita,26-Jul-25,,,,"$2,247.00","$2,847.00","$3,447.00",Quote Available,https://www.amawaterways.au/Assets/Desktop/Cruises/MAP_2025_Swiss%20Alps%20&%20Rhine%20Castles_CO.jpg,https://www.amawaterways.au/destination/europe-river-cruises/2025/swiss-alps-rhine-castles/itinerary,,,,,,,,,,,,,,
234973,2025,Asia,7,03-Nov-25,"Ho Chi Minh City, Vietnam","Siem Reap, Cambodia",Charms of the Mekong ,AmaWaterways, AmaDara,26-Jul-25,,,,Quote Available,Quote Available,Quote Available,Quote Available,https://www.amawaterways.au/Assets/Desktop/Cruises/charmsofthemekong_hcmc_prekkdam_map_2018.jpg,https://www.amawaterways.au/destination/vietnam-cambodia-river-cruises/2025/charms-of-the-mekong#forward-direction_0,,,,,,,,,,,,,,
92491,2025,Europe,15,03-Nov-25,"Vilshofen, Germany","Giurgiu, Romania",Grand Danube Cruise  ,AmaWaterways,AmaBella,26-Jul-25,,,,Quote Available,Quote Available,Quote Available,Quote Available,https://www.amawaterways.au/Assets/Desktop/Cruises/MAP_2025_Grand_Danube_CO-VG.jpg,https://www.amawaterways.au/destination/europe-river-cruises/2025/grand-danube-cruise#forward-direction_0,,,,,,,,,,,,,,
161244,2025,Europe,7,03-Nov-25,"Vilshofen, Germany","Budapest, Hungary",Romantic Danube  ,AmaWaterways,AmaBella,26-Jul-25,,,,Quote Available,Quote Available,Quote Available,Quote Available,https://www.amawaterways.au/Assets/Desktop/Cruises/romanticdanube_vil_bud_map_2020.jpg,https://www.amawaterways.au/destination/europe-river-cruises/2025/romantic-danube#forward-direction_0,,,,,,,,,,,,,,
228355,2025,Europe,7,03-Nov-25,"Amsterdam, Netherlands","Basel, Switzerland",Rhine Castles & Swiss Alps  (Wine Cruise),AmaWaterways,AmaSerena,26-Jul-25,,,,Quote Available,Quote Available,Quote Available,Quote Available,https://www.amawaterways.au/Assets/Desktop/Cruises/MAP_2025_Rhine%20Castles%20&%20Swiss%20Alps_CO.jpg,https://www.amawaterways.au/destination/europe-river-cruises/2025/rhine-castles-swiss-alps#forward-direction_0,,,,,,,,,,,,,,
64496,2025,Europe,15,03-Nov-25,"Giurgiu, Romania","Vilshofen, Germany",Grand Danube Cruise  ,AmaWaterways,AmaVerde,26-Jul-25,,,,Quote Available,Quote Available,Quote Available,Quote Available,https://www.amawaterways.au/Assets/Desktop/Cruises/MAP_2025_Grand_Danube_CO-VG.jpg,https://www.amawaterways.au/destination/europe-river-cruises/2025/grand-danube-cruise#reverse-direction_0,,,,,,,,,,,,,,
17977,2025,Asia,16,04-Nov-25,"Hanoi, Vietnam","Ho Chi Minh City, Vietnam",Riches of the Mekong,AmaWaterways, AmaDara,27-Jul-25,,,,Quote Available,Quote Available,Quote Available,Quote Available,https://www.amawaterways.au/Assets/Desktop/Cruises/MAP_2026_Riches_Mekong_CL_full-itin-nopost.jpg,https://www.amawaterways.au/destination/vietnam-cambodia-river-cruises/2025/riches-of-the-mekong#forward-direction_1,,,,,,,,,,,,,,
82360,2025,Europe,7,05-Nov-25,"Budapest, Hungary","Vilshofen, Germany",Melodies of the Danube  ,AmaWaterways,AmaReina,28-Jul-25,,,,"$2,247.00","$2,847.00","$3,447.00",Quote Available,https://www.amawaterways.au/Assets/Desktop/Cruises/melodiesofthedanube_bud_vil_map_2020.jpg,https://www.amawaterways.au/destination/europe-river-cruises/2025/melodies-of-the-danube,,,,,,,,,,,,,,
161405,2025,Europe,7,05-Nov-25,"Vilshofen, Germany","Budapest, Hungary",Romantic Danube  ,AmaWaterways,AmaSonata,28-Jul-25,,,,"$2,247.00","$2,847.00","$3,447.00",Quote Available,https://www.amawaterways.au/Assets/Desktop/Cruises/romanticdanube_vil_bud_map_2020.jpg,https://www.amawaterways.au/destination/europe-river-cruises/2025/romantic-danube#forward-direction_0,,,,,,,,,,,,,,
213443,2025,Europe,7,05-Nov-25,"Luxembourg, Luxembourg","Basel, Switzerland",Rhine & Moselle Splendors  ,AmaWaterways,AmaCerto,28-Jul-25,,,,Quote Available,Quote Available,Quote Available,Quote Available,https://www.amawaterways.au/Assets/Desktop/Cruises/rhinemoselsplendors_lux_bsl_map_2020.jpg,https://www.amawaterways.au/destination/europe-river-cruises/2025/rhine-moselle-splendors#forward-direction_0,,,,,,,,,,,,,,
275944,2025,Europe,14,05-Nov-25,"Budapest, Hungary","Amsterdam, Netherlands",Jewels of Europe,Scenic,Scenic Jade,28-Jul-25,,,,,"$9,995.00",,,,https://www.scenic.com.au/tours/stc-stau/stc-stau-2025-bud-ams,,,,,,,,,,,,,,
34402,2025,Europe,7,06-Nov-25,"Lyon, France","Dijon, France",Flavors of Burgundy  (Wine Cruise),AmaWaterways,AmaCello,29-Jul-25,,,,Quote Available,Quote Available,Quote Available,Quote Available,https://www.amawaterways.au/Assets/Desktop/Cruises/flavors_of_burgundy_dl_2024_co.jpg,https://www.amawaterways.au/destination/europe-river-cruises/2025/flavors-of-burgundy#reverse-direction_0,,,,,,,,,,,,,,
226615,2025,Europe,7,06-Nov-25,"Bordeaux, France","Bordeaux, France",Taste of Bordeaux  (Wine Cruise),AmaWaterways,AmaDolce,29-Jul-25,,,,Quote Available,Quote Available,Quote Available,Quote Available,https://www.amawaterways.au/Assets/Desktop/Cruises/MAP_Taste%20of%20Bordeaux_2026_CO.png,https://www.amawaterways.au/destination/europe-river-cruises/2025/taste-of-bordeaux,,,,,,,,,,,,,,
11974,2025,Europe,7,06-Nov-25,"Lyon, France","Arles, France",Colors of Provence  (Wine Cruise),AmaWaterways,AmaKristina,29-Jul-25,,,,Quote Available,Quote Available,Quote Available,Quote Available,https://www.amawaterways.au/Assets/Desktop/Cruises/MAP_2025_Colors%20of%20Provence_CO-LA.jpg,https://www.amawaterways.au/destination/europe-river-cruises/2025/colors-of-provence#forward-direction_0,,,,,,,,,,,,,,
198104,2025,Europe,7,06-Nov-25,"Basel, Switzerland","Amsterdam, Netherlands",Enchanting Rhine  ,AmaWaterways,AmaLucia,29-Jul-25,,,,Quote Available,Quote Available,Quote Available,Quote Available,https://www.amawaterways.au/Assets/Desktop/Cruises/MAP_2025_Enchanting%20Rhine_CO.jpg,https://www.amawaterways.au/destination/europe-river-cruises/2025/enchanting-rhine,,,,,,,,,,,,,,
213403,2025,Europe,7,06-Nov-25,"Amsterdam, Netherlands","Basel, Switzerland",Captivating Rhine  ,AmaWaterways,AmaSiena,29-Jul-25,,,,Quote Available,Quote Available,Quote Available,Quote Available,https://www.amawaterways.au/Assets/Desktop/Cruises/MAP_2025_Captivating%20Rhine_CO.jpg,https://www.amawaterways.au/destination/europe-river-cruises/2025/captivating-rhine,,,,,,,,,,,,,,
53729,2025,Europe,7,07-Nov-25,"Porto, Portugal","Porto, Portugal",Enticing Douro  ,AmaWaterways,AmaSintra,30-Jul-25,,,,Quote Available,Quote Available,Quote Available,Quote Available,https://www.amawaterways.au/Assets/Desktop/Cruises/MAP_2025_Enticing%20Douro_CO.jpg,https://www.amawaterways.au/destination/europe-river-cruises/2025/enticing-douro,,,,,,,,,,,,,,
162112,2025,Europe,7,08-Nov-25,"Vilshofen, Germany","Budapest, Hungary",Romantic Danube  ,AmaWaterways,AmaMora,31-Jul-25,,,,"$2,247.00","$2,847.00","$3,447.00",Quote Available,https://www.amawaterways.au/Assets/Desktop/Cruises/romanticdanube_vil_bud_map_2020.jpg,https://www.amawaterways.au/destination/europe-river-cruises/2025/romantic-danube#forward-direction_0,,,,,,,,,,,,,,
136703,2025,Europe,7,08-Nov-25,"Paris, France","Paris, France",Paris & Normandy  ,AmaWaterways,AmaDante,31-Jul-25,,,,Quote Available,Quote Available,Quote Available,Quote Available,https://www.amawaterways.au/Assets/Desktop/Cruises/MAP_2025_Paris%20&%20Normandy_CO.jpg,https://www.amawaterways.au/destination/europe-river-cruises/2025/paris-normandy#forward-direction_0,,,,,,,,,,,,,,
198108,2025,Europe,7,08-Nov-25,"Basel, Switzerland","Amsterdam, Netherlands",Enchanting Rhine  ,AmaWaterways,AmaStella,31-Jul-25,,,,Quote Available,Quote Available,Quote Available,Quote Available,https://www.amawaterways.au/Assets/Desktop/Cruises/MAP_2025_Enchanting%20Rhine_CO.jpg,https://www.amawaterways.au/destination/europe-river-cruises/2025/enchanting-rhine,,,,,,,,,,,,,,
227820,2025,Europe,7,08-Nov-25,"Amsterdam, Netherlands","Basel, Switzerland",Captivating Rhine  (Wine Cruise),AmaWaterways,AmaViola,31-Jul-25,,,,Quote Available,Quote Available,Quote Available,Quote Available,https://www.amawaterways.au/Assets/Desktop/Cruises/MAP_2025_Captivating%20Rhine_CO.jpg,https://www.amawaterways.au/destination/europe-river-cruises/2025/captivating-rhine,,,,,,,,,,,,,,
231327,2025,Europe,15,09-Nov-25,"Vilshofen, Germany","Giurgiu, Romania",Grand Danube Cruise  (Wine Cruise),AmaWaterways,AmaMagna,1-Aug-25,,,,Quote Available,Quote Available,Quote Available,Quote Available,https://www.amawaterways.au/Assets/Desktop/Cruises/MAP_2025_Grand_Danube_CO-VG.jpg,https://www.amawaterways.au/destination/europe-river-cruises/2025/grand-danube-cruise#forward-direction_0,,,,,,,,,,,,,,
275918,2025,Europe,14,09-Nov-25,"Amsterdam, Netherlands","Budapest, Hungary",Jewels of Europe,Scenic,Scenic Amber,1-Aug-25,,,,,"$9,995.00",,,,https://www.scenic.com.au/tours/stc-stau/stc-stau-2025-ams-bud,,,,,,,,,,,,,,
191343,2025,Europe,7,10-Nov-25,"Amsterdam, Netherlands","Basel, Switzerland",Rhine Castles & Swiss Alps  ,AmaWaterways,AmaVenita,2-Aug-25,,,,"$2,247.00","$2,847.00","$3,447.00",Quote Available,https://www.amawaterways.au/Assets/Desktop/Cruises/MAP_2025_Rhine%20Castles%20&%20Swiss%20Alps_CO.jpg,https://www.amawaterways.au/destination/europe-river-cruises/2025/rhine-castles-swiss-alps#forward-direction_0,,,,,,,,,,,,,,
82367,2025,Europe,7,10-Nov-25,"Budapest, Hungary","Vilshofen, Germany",Melodies of the Danube  ,AmaWaterways,AmaVerde,2-Aug-25,,,,"$2,247.00","$2,847.00","$3,447.00",Quote Available,https://www.amawaterways.au/Assets/Desktop/Cruises/melodiesofthedanube_bud_vil_map_2020.jpg,https://www.amawaterways.au/destination/europe-river-cruises/2025/melodies-of-the-danube,,,,,,,,,,,,,,
184033,2025,Europe,7,10-Nov-25,"Budapest, Hungary","Giurgiu, Romania",Gems of Southeast Europe  ,AmaWaterways,AmaBella,2-Aug-25,,,,Quote Available,Quote Available,Quote Available,Quote Available,https://www.amawaterways.au/Assets/Desktop/Cruises/MAP_2025_Gems_of_SE_Eur_CO_BG.jpg,https://www.amawaterways.au/destination/europe-river-cruises/2025/gems-of-southeast-europe#forward-direction_0,,,,,,,,,,,,,,
136659,2025,Europe,7,11-Nov-25,"Porto, Portugal","Porto, Portugal",Enticing Douro  (Wine Cruise),AmaWaterways,AmaDouro,3-Aug-25,,,,Quote Available,Quote Available,Quote Available,Quote Available,https://www.amawaterways.au/Assets/Desktop/Cruises/MAP_2025_Enticing%20Douro_CO.jpg,https://www.amawaterways.au/destination/europe-river-cruises/2025/enticing-douro,,,,,,,,,,,,,,
213408,2025,Europe,7,12-Nov-25,"Amsterdam, Netherlands","Basel, Switzerland",Captivating Rhine  ,AmaWaterways,AmaPrima,4-Aug-25,,,,"$2,247.00","$2,847.00","$3,447.00",Quote Available,https://www.amawaterways.au/Assets/Desktop/Cruises/MAP_2025_Captivating%20Rhine_CO.jpg,https://www.amawaterways.au/destination/europe-river-cruises/2025/captivating-rhine,,,,,,,,,,,,,,
168634,2025,Europe,7,12-Nov-25,"Vilshofen, Germany","Budapest, Hungary",Romantic Danube  ,AmaWaterways,AmaReina,4-Aug-25,,,,"$2,247.00","$2,847.00","$3,447.00",Quote Available,https://www.amawaterways.au/Assets/Desktop/Cruises/romanticdanube_vil_bud_map_2020.jpg,https://www.amawaterways.au/destination/europe-river-cruises/2025/romantic-danube#forward-direction_0,,,,,,,,,,,,,,
198115,2025,Europe,7,12-Nov-25,"Basel, Switzerland","Amsterdam, Netherlands",Enchanting Rhine  ,AmaWaterways,AmaCerto,4-Aug-25,,,,Quote Available,Quote Available,Quote Available,Quote Available,https://www.amawaterways.au/Assets/Desktop/Cruises/MAP_2025_Enchanting%20Rhine_CO.jpg,https://www.amawaterways.au/destination/europe-river-cruises/2025/enchanting-rhine,,,,,,,,,,,,,,
227833,2025,Europe,7,12-Nov-25,"Budapest, Hungary","Vilshofen, Germany","Melodies of the Danube  (Wine Cruise, Budapest to Vilshofen, Cruise Only)",AmaWaterways,AmaSonata,4-Aug-25,,,,Quote Available,Quote Available,Quote Available,Quote Available,https://www.amawaterways.au/Assets/Desktop/Cruises/melodiesofthedanube_bud_vil_map_2020.jpg,https://www.amawaterways.au/destination/europe-river-cruises/2025/melodies-of-the-danube,,,,,,,,,,,,,,
213410,2025,Europe,7,13-Nov-25,"Amsterdam, Netherlands","Basel, Switzerland",Captivating Rhine  ,AmaWaterways,AmaLucia,5-Aug-25,,,,"$2,247.00","$2,847.00","$3,447.00",Quote Available,https://www.amawaterways.au/Assets/Desktop/Cruises/MAP_2025_Captivating%20Rhine_CO.jpg,https://www.amawaterways.au/destination/europe-river-cruises/2025/captivating-rhine,,,,,,,,,,,,,,
48943,2025,Europe,7,13-Nov-25,"Dijon, France","Arles, France",Essence of Burgundy & Provence  ,AmaWaterways,AmaCello,5-Aug-25,,,,Quote Available,Quote Available,Quote Available,Quote Available,https://www.amawaterways.au/Assets/Desktop/Cruises/MAP_2025_Essence%20of%20Burgundy_CO-DA.jpg,https://www.amawaterways.au/destination/europe-river-cruises/2025/essence-of-burgundy-provence#forward-direction_0,,,,,,,,,,,,,,
226616,2025,Europe,7,13-Nov-25,"Bordeaux, France","Bordeaux, France",Taste of Bordeaux  (Wine Cruise),AmaWaterways,AmaDolce,5-Aug-25,,,,Quote Available,Quote Available,Quote Available,Quote Available,https://www.amawaterways.au/Assets/Desktop/Cruises/MAP_Taste%20of%20Bordeaux_2026_CO.png,https://www.amawaterways.au/destination/europe-river-cruises/2025/taste-of-bordeaux,,,,,,,,,,,,,,
56426,2025,Europe,7,13-Nov-25,"Arles, France","Lyon, France",Colors of Provence  (Wine Cruise),AmaWaterways,AmaKristina,5-Aug-25,,,,Quote Available,Quote Available,Quote Available,Quote Available,https://www.amawaterways.au/Assets/Desktop/Cruises/MAP_2025_Colors%20of%20Provence_CO-LA.jpg,https://www.amawaterways.au/destination/europe-river-cruises/2025/colors-of-provence#reverse-direction_0,,,,,,,,,,,,,,
82403,2025,Europe,7,13-Nov-25,"Arles, France","Lyon, France",Colors of Provence  ,AmaWaterways,AmaKristina,5-Aug-25,,,,Quote Available,Quote Available,Quote Available,Quote Available,https://www.amawaterways.au/Assets/Desktop/Cruises/MAP_2025_Colors%20of%20Provence_CO-LA.jpg,https://www.amawaterways.au/destination/europe-river-cruises/2025/colors-of-provence#reverse-direction_0,,,,,,,,,,,,,,
198118,2025,Europe,7,13-Nov-25,"Basel, Switzerland","Amsterdam, Netherlands",Enchanting Rhine  ,AmaWaterways,AmaSiena,5-Aug-25,,,,Quote Available,Quote Available,Quote Available,Quote Available,https://www.amawaterways.au/Assets/Desktop/Cruises/MAP_2025_Enchanting%20Rhine_CO.jpg,https://www.amawaterways.au/destination/europe-river-cruises/2025/enchanting-rhine,,,,,,,,,,,,,,
198121,2025,Europe,7,15-Nov-25,"Basel, Switzerland","Amsterdam, Netherlands",Enchanting Rhine  ,AmaWaterways,AmaViola,7-Aug-25,,,,"$2,247.00","$2,847.00","$3,447.00",Quote Available,https://www.amawaterways.au/Assets/Desktop/Cruises/MAP_2025_Enchanting%20Rhine_CO.jpg,https://www.amawaterways.au/destination/europe-river-cruises/2025/enchanting-rhine,,,,,,,,,,,,,,
82555,2025,Asia,16,15-Nov-25,"Ho Chi Minh City, Vietnam","Hanoi, Vietnam",Charms of the Mekong,AmaWaterways, AmaDara,7-Aug-25,,,,Quote Available,Quote Available,Quote Available,Quote Available,https://www.amawaterways.au/Assets/Desktop/Cruises/charmsofthemekong_hcmc_hanoi_map_2018.jpg,https://www.amawaterways.au/destination/vietnam-cambodia-river-cruises/2025/charms-of-the-mekong#forward-direction_1,,,,,,,,,,,,,,
168797,2025,Europe,7,15-Nov-25,"Vilshofen, Germany","Budapest, Hungary",Romantic Danube  ,AmaWaterways,AmaLea,7-Aug-25,,,,Quote Available,Quote Available,Quote Available,Quote Available,https://www.amawaterways.au/Assets/Desktop/Cruises/romanticdanube_vil_bud_map_2020.jpg,https://www.amawaterways.au/destination/europe-river-cruises/2025/romantic-danube#forward-direction_0,,,,,,,,,,,,,,
230290,2025,Europe,7,15-Nov-25,"Amsterdam, Netherlands","Amsterdam, Netherlands",Best of Holland & Belgium  ,AmaWaterways,AmaStella,7-Aug-25,,,,Quote Available,Quote Available,Quote Available,Quote Available,https://www.amawaterways.au/Assets/Desktop/Cruises/MAP_2025_BestofHolland_CO.jpg,https://www.amawaterways.au/destination/europe-river-cruises/2025/best-of-holland-belgium,,,,,,,,,,,,,,
82596,2025,Europe,7,15-Nov-25,"Porto, Portugal","Vega Terrón, Spain",Flavors of Portugal & Spain  ,AmaWaterways,AmaVida,7-Aug-25,,,,Quote Available,Quote Available,Quote Available,Quote Available,https://www.amawaterways.au/Assets/Desktop/Cruises/MAP_2025_Flavors%20of%20Port&Spain_CO-PV.jpg,https://www.amawaterways.au/destination/europe-river-cruises/2025/flavors-of-portugal-spain#forward-direction_0,,,,,,,,,,,,,,
231331,2025,Europe,7,16-Nov-25,"Budapest, Hungary","Giurgiu, Romania",Gems of Southeast Europe  (Wine Cruise),AmaWaterways,AmaMagna,8-Aug-25,,,,Quote Available,Quote Available,Quote Available,Quote Available,https://www.amawaterways.au/Assets/Desktop/Cruises/MAP_2025_Gems_of_SE_Eur_CO_BG.jpg,https://www.amawaterways.au/destination/europe-river-cruises/2025/gems-of-southeast-europe#forward-direction_0,,,,,,,,,,,,,,
82556,2025,Asia,7,17-Nov-25,"Ho Chi Minh City, Vietnam","Siem Reap, Cambodia",Charms of the Mekong ,AmaWaterways, AmaDara,9-Aug-25,,,,Quote Available,Quote Available,Quote Available,Quote Available,https://www.amawaterways.au/Assets/Desktop/Cruises/charmsofthemekong_hcmc_prekkdam_map_2018.jpg,https://www.amawaterways.au/destination/vietnam-cambodia-river-cruises/2025/charms-of-the-mekong#forward-direction_0,,,,,,,,,,,,,,
191344,2025,Europe,7,17-Nov-25,"Amsterdam, Netherlands","Basel, Switzerland",Rhine Castles & Swiss Alps  ,AmaWaterways,AmaSerena,9-Aug-25,,,,Quote Available,Quote Available,Quote Available,Quote Available,https://www.amawaterways.au/Assets/Desktop/Cruises/MAP_2025_Rhine%20Castles%20&%20Swiss%20Alps_CO.jpg,https://www.amawaterways.au/destination/europe-river-cruises/2025/rhine-castles-swiss-alps#forward-direction_0,,,,,,,,,,,,,,
93082,2025,Europe,15,17-Nov-25,"Vilshofen, Germany","Giurgiu, Romania",Grand Danube Cruise  ,AmaWaterways,AmaVerde,9-Aug-25,,,,Quote Available,Quote Available,Quote Available,Quote Available,https://www.amawaterways.au/Assets/Desktop/Cruises/MAP_2025_Grand_Danube_CO-VG.jpg,https://www.amawaterways.au/destination/europe-river-cruises/2025/grand-danube-cruise#forward-direction_0,,,,,,,,,,,,,,
18434,2025,Asia,16,18-Nov-25,"Hanoi, Vietnam","Ho Chi Minh City, Vietnam",Riches of the Mekong,AmaWaterways, AmaDara,10-Aug-25,,,,Quote Available,Quote Available,Quote Available,Quote Available,https://www.amawaterways.au/Assets/Desktop/Cruises/MAP_2026_Riches_Mekong_CL_full-itin-nopost.jpg,https://www.amawaterways.au/destination/vietnam-cambodia-river-cruises/2025/riches-of-the-mekong#forward-direction_1,,,,,,,,,,,,,,
232199,2025,Europe,7,18-Nov-25,"Porto, Portugal","Porto, Portugal",Enticing Douro  ,AmaWaterways,AmaDouro,10-Aug-25,,,,Quote Available,Quote Available,Quote Available,Quote Available,https://www.amawaterways.au/Assets/Desktop/Cruises/MAP_2025_Enticing%20Douro_CO.jpg,https://www.amawaterways.au/destination/europe-river-cruises/2025/enticing-douro,,,,,,,,,,,,,,
12421,2025,Europe,7,22-Nov-25,"Amsterdam, Netherlands","Amsterdam, Netherlands","Best of Holland & Belgium  (Christmas, Cruise Only)",AmaWaterways,AmaStella,14-Aug-25,,,,Quote Available,Quote Available,Quote Available,Quote Available,https://www.amawaterways.au/Assets/Desktop/Cruises/MAP_2025_BestofHolland_CO.jpg,https://www.amawaterways.au/destination/europe-river-cruises/2025/best-of-holland-belgium-christmas,,,,,,,,,,,,,,
186456,2025,Europe,15,22-Nov-25,"Amsterdam, Netherlands","Basel, Switzerland",Grand Rhine & Dutch Canals  ,AmaWaterways,AmaStella,14-Aug-25,,,,Quote Available,Quote Available,Quote Available,Quote Available,https://www.amawaterways.au/Assets/Desktop/Cruises/grand_rhine_dutch_canals_CE_cruise_only_2025.jpg,https://www.amawaterways.au/destination/europe-river-cruises/2025/grand-rhine-dutch-canals#forward-direction_0,,,,,,,,,,,,,,
86399,2025,Europe,7,22-Nov-25,"Vega Terrón, Spain","Porto, Portugal",Flavors of Portugal & Spain  ,AmaWaterways,AmaVida,14-Aug-25,,,,Quote Available,Quote Available,Quote Available,Quote Available,https://www.amawaterways.au/Assets/Desktop/Cruises/MAP_2025_Flavors%20of%20Port&Spain_CO-PV.jpg,https://www.amawaterways.au/destination/europe-river-cruises/2025/flavors-of-portugal-spain#reverse-direction_0,,,,,,,,,,,,,,
34299,2025,Asia,7,24-Nov-25,"Siem Reap, Cambodia","Ho Chi Minh City, Vietnam",Riches of the Mekong ,AmaWaterways, AmaDara,16-Aug-25,,,,Quote Available,"$3,637.00","$3,937.00",Quote Available,https://www.amawaterways.au/Assets/Desktop/Cruises/richesofthemekong_hcmc_prekkdam_map_2018.jpg,https://www.amawaterways.au/destination/vietnam-cambodia-river-cruises/2025/riches-of-the-mekong#forward-direction_0,,,,,,,,,,,,,,
277004,2025,Europe,7,24-Nov-25,"Budapest, Hungary","Vilshofen, Germany",Christmas Markets on the Danube  ,AmaWaterways,AmaBella,16-Aug-25,,,,Quote Available,Quote Available,Quote Available,Quote Available,https://www.amawaterways.au/Assets/Desktop/Cruises/christmas_markets_on_danube_prague_AMX_CRUISE_ONLY_2025.jpg,https://www.amawaterways.au/destination/europe-river-cruises/2025/christmas-markets-on-the-danube,,,,,,,,,,,,,,
189256,2025,Europe,7,24-Nov-25,"Amsterdam, Netherlands","Basel, Switzerland","Rhine Castles & Swiss Alps  (Christmas, Cruise Only)",AmaWaterways,AmaVenita,16-Aug-25,,,,Quote Available,Quote Available,Quote Available,Quote Available,https://www.amawaterways.au/Assets/Desktop/Cruises/MAP_2025_Rhine%20Castles%20&%20Swiss%20Alps_CO.jpg,https://www.amawaterways.au/destination/europe-river-cruises/2025/rhine-castles-swiss-alps-christmas,,,,,,,,,,,,,,
58533,2025,Europe,7,24-Nov-25,"Budapest, Hungary","Giurgiu, Romania","Gems of Southeast Europe  (Christmas, Cruise Only)",AmaWaterways,AmaVerde,16-Aug-25,,,,Quote Available,Quote Available,Quote Available,Quote Available,https://www.amawaterways.au/Assets/Desktop/Cruises/MAP_2025_Gems_of_SE_Eur_CO_BG.jpg,https://www.amawaterways.au/destination/europe-river-cruises/2025/gems-of-southeast-europe-christmas#forward-direction_0,,,,,,,,,,,,,,
54531,2025,Europe,7,25-Nov-25,"Porto, Portugal","Porto, Portugal",Enticing Douro  ,AmaWaterways,AmaDouro,17-Aug-25,,,,Quote Available,Quote Available,Quote Available,Quote Available,https://www.amawaterways.au/Assets/Desktop/Cruises/MAP_2025_Enticing%20Douro_CO.jpg,https://www.amawaterways.au/destination/europe-river-cruises/2025/enticing-douro,,,,,,,,,,,,,,
136632,2025,Europe,7,26-Nov-25,"Basel, Switzerland","Amsterdam, Netherlands",Christmas Markets on the Rhine  ,AmaWaterways,AmaCerto,18-Aug-25,,,,Quote Available,Quote Available,Quote Available,Quote Available,https://www.amawaterways.au/Assets/Desktop/Cruises/christmas_markets_on_rhine_cruise_only_2025.jpg,https://www.amawaterways.au/destination/europe-river-cruises/2025/christmas-markets-on-the-rhine#reverse-direction_0,,,,,,,,,,,,,,
229069,2025,Europe,7,26-Nov-25,"Amsterdam, Netherlands","Basel, Switzerland",Christmas Markets on the Rhine  ,AmaWaterways,AmaPrima,18-Aug-25,,,,Quote Available,Quote Available,Quote Available,Quote Available,https://www.amawaterways.au/Assets/Desktop/Cruises/christmas_markets_on_rhine_cruise_only_2025.jpg,https://www.amawaterways.au/destination/europe-river-cruises/2025/christmas-markets-on-the-rhine#forward-direction_0,,,,,,,,,,,,,,
227856,2025,Europe,7,26-Nov-25,"Nuremberg, Germany","Budapest, Hungary",Iconic Christmas Markets  ,AmaWaterways,AmaReina,18-Aug-25,,,,Quote Available,Quote Available,Quote Available,Quote Available,https://www.amawaterways.au/Assets/Desktop/Cruises/MAP_2025_Iconic_Christmas_Markets_CO-BN.jpg,https://www.amawaterways.au/destination/europe-river-cruises/2025/iconic-christmas-markets#forward-direction_0,,,,,,,,,,,,,,
227842,2025,Europe,7,26-Nov-25,"Budapest, Hungary","Nuremberg, Germany",Iconic Christmas Markets  ,AmaWaterways,AmaSonata,18-Aug-25,,,,Quote Available,Quote Available,Quote Available,Quote Available,https://www.amawaterways.au/Assets/Desktop/Cruises/MAP_2025_Iconic_Christmas_Markets_CO-BN.jpg,https://www.amawaterways.au/destination/europe-river-cruises/2025/iconic-christmas-markets#reverse-direction_0,,,,,,,,,,,,,,
86196,2025,Europe,7,27-Nov-25,"Bordeaux, France","Bordeaux, France",Taste of Bordeaux Christmas 2025 ,AmaWaterways,AmaDolce,19-Aug-25,,,,"$2,247.00","$2,847.00",Quote Available,Quote Available,https://www.amawaterways.au/Assets/Desktop/Cruises/MAP_Taste%20of%20Bordeaux_2026_CO.png,https://www.amawaterways.au/destination/europe-river-cruises/2025/taste-of-bordeaux,,,,,,,,,,,,,,
86167,2025,Europe,7,27-Nov-25,"Arles, France","Lyon, France",Colors of Provence Christmas 2025 ,AmaWaterways,AmaKristina,19-Aug-25,,,,"$2,247.00","$2,847.00","$3,447.00",Quote Available,https://www.amawaterways.au/Assets/Desktop/Cruises/MAP_2025_Colors%20of%20Provence_CO-LA.jpg,https://www.amawaterways.au/destination/europe-river-cruises/2025/colors-of-provence#reverse-direction_0,,,,,,,,,,,,,,
229070,2025,Europe,7,27-Nov-25,"Amsterdam, Netherlands","Basel, Switzerland",Christmas Markets on the Rhine  ,AmaWaterways,AmaSiena,19-Aug-25,,,,Quote Available,Quote Available,Quote Available,Quote Available,https://www.amawaterways.au/Assets/Desktop/Cruises/christmas_markets_on_rhine_cruise_only_2025.jpg,https://www.amawaterways.au/destination/europe-river-cruises/2025/christmas-markets-on-the-rhine#forward-direction_0,,,,,,,,,,,,,,
232202,2025,Europe,7,28-Nov-25,"Porto, Portugal","Porto, Portugal",Enticing Douro  ,AmaWaterways,AmaSintra,20-Aug-25,,,,Quote Available,Quote Available,Quote Available,Quote Available,https://www.amawaterways.au/Assets/Desktop/Cruises/MAP_2025_Enticing%20Douro_CO.jpg,https://www.amawaterways.au/destination/europe-river-cruises/2025/enticing-douro,,,,,,,,,,,,,,
41117,2025,Asia,16,29-Nov-25,"Ho Chi Minh City, Vietnam","Hanoi, Vietnam",Charms of the Mekong,AmaWaterways, AmaDara,21-Aug-25,,,,Quote Available,Quote Available,Quote Available,Quote Available,https://www.amawaterways.au/Assets/Desktop/Cruises/charmsofthemekong_hcmc_hanoi_map_2018.jpg,https://www.amawaterways.au/destination/vietnam-cambodia-river-cruises/2025/charms-of-the-mekong#forward-direction_1,,,,,,,,,,,,,,
229071,2025,Europe,7,29-Nov-25,"Amsterdam, Netherlands","Basel, Switzerland",Christmas Markets on the Rhine  ,AmaWaterways,AmaStella,21-Aug-25,,,,Quote Available,Quote Available,Quote Available,Quote Available,https://www.amawaterways.au/Assets/Desktop/Cruises/christmas_markets_on_rhine_cruise_only_2025.jpg,https://www.amawaterways.au/destination/europe-river-cruises/2025/christmas-markets-on-the-rhine#forward-direction_0,,,,,,,,,,,,,,
89374,2025,Europe,7,29-Nov-25,"Porto, Portugal","Vega Terrón, Spain",Flavors of Portugal & Spain  ,AmaWaterways,AmaVida,21-Aug-25,,,,Quote Available,Quote Available,Quote Available,Quote Available,https://www.amawaterways.au/Assets/Desktop/Cruises/MAP_2025_Flavors%20of%20Port&Spain_CO-PV.jpg,https://www.amawaterways.au/destination/europe-river-cruises/2025/flavors-of-portugal-spain#forward-direction_0,,,,,,,,,,,,,,
228307,2025,Europe,7,29-Nov-25,"Basel, Switzerland","Amsterdam, Netherlands",Christmas Markets on the Rhine  ,AmaWaterways,AmaViola,21-Aug-25,,,,Quote Available,Quote Available,Quote Available,Quote Available,https://www.amawaterways.au/Assets/Desktop/Cruises/christmas_markets_on_rhine_cruise_only_2025.jpg,https://www.amawaterways.au/destination/europe-river-cruises/2025/christmas-markets-on-the-rhine#reverse-direction_0,,,,,,,,,,,,,,
52139,2025,Asia,7,01-Dec-25,"Ho Chi Minh City, Vietnam","Siem Reap, Cambodia",Charms of the Mekong ,AmaWaterways, AmaDara,23-Aug-25,,,,Quote Available,Quote Available,Quote Available,Quote Available,https://www.amawaterways.au/Assets/Desktop/Cruises/charmsofthemekong_hcmc_prekkdam_map_2018.jpg,https://www.amawaterways.au/destination/vietnam-cambodia-river-cruises/2025/charms-of-the-mekong#forward-direction_0,,,,,,,,,,,,,,
82137,2025,Europe,15,01-Dec-25,"Vilshofen, Germany","Giurgiu, Romania",Grand Danube Cruise  (Christmas),AmaWaterways,AmaBella,23-Aug-25,,,,Quote Available,Quote Available,Quote Available,Quote Available,https://www.amawaterways.au/Assets/Desktop/Cruises/MAP_2025_Grand_Danube_CO-VG.jpg,https://www.amawaterways.au/destination/europe-river-cruises/2025/grand-danube-cruise#forward-direction_0,,,,,,,,,,,,,,
228175,2025,Europe,7,01-Dec-25,"Giurgiu, Romania","Budapest, Hungary",Gems of Southeast Europe  (Christmas),AmaWaterways,AmaVerde,23-Aug-25,,,,Quote Available,Quote Available,Quote Available,Quote Available,https://www.amawaterways.au/Assets/Desktop/Cruises/MAP_2025_Gems_of_SE_Eur_CO_BG.jpg,https://www.amawaterways.au/destination/europe-river-cruises/2025/gems-of-southeast-europe#reverse-direction_0,,,,,,,,,,,,,,
18888,2025,Asia,16,02-Dec-25,"Hanoi, Vietnam","Ho Chi Minh City, Vietnam",Riches of the Mekong,AmaWaterways, AmaDara,24-Aug-25,,,,Quote Available,Quote Available,Quote Available,Quote Available,https://www.amawaterways.au/Assets/Desktop/Cruises/MAP_2026_Riches_Mekong_CL_full-itin-nopost.jpg,https://www.amawaterways.au/destination/vietnam-cambodia-river-cruises/2025/riches-of-the-mekong#forward-direction_1,,,,,,,,,,,,,,
82607,2025,Europe,7,02-Dec-25,"Porto, Portugal","Porto, Portugal",Enticing Douro  (Wine Cruise),AmaWaterways,AmaDouro,24-Aug-25,,,,Quote Available,Quote Available,Quote Available,Quote Available,https://www.amawaterways.au/Assets/Desktop/Cruises/MAP_2025_Enticing%20Douro_CO.jpg,https://www.amawaterways.au/destination/europe-river-cruises/2025/enticing-douro,,,,,,,,,,,,,,
182724,2025,Europe,7,03-Dec-25,"Amsterdam, Netherlands","Basel, Switzerland",Christmas Markets on the Rhine  ,AmaWaterways,AmaCerto,25-Aug-25,,,,Quote Available,Quote Available,Quote Available,Quote Available,https://www.amawaterways.au/Assets/Desktop/Cruises/christmas_markets_on_rhine_cruise_only_2025.jpg,https://www.amawaterways.au/destination/europe-river-cruises/2025/christmas-markets-on-the-rhine#forward-direction_0,,,,,,,,,,,,,,
228308,2025,Europe,7,03-Dec-25,"Basel, Switzerland","Amsterdam, Netherlands",Christmas Markets on the Rhine  ,AmaWaterways,AmaPrima,25-Aug-25,,,,Quote Available,Quote Available,Quote Available,Quote Available,https://www.amawaterways.au/Assets/Desktop/Cruises/christmas_markets_on_rhine_cruise_only_2025.jpg,https://www.amawaterways.au/destination/europe-river-cruises/2025/christmas-markets-on-the-rhine#reverse-direction_0,,,,,,,,,,,,,,
228309,2025,Europe,7,04-Dec-25,"Basel, Switzerland","Amsterdam, Netherlands",Christmas Markets on the Rhine  ,AmaWaterways,AmaLucia,26-Aug-25,,,,Quote Available,Quote Available,Quote Available,Quote Available,https://www.amawaterways.au/Assets/Desktop/Cruises/christmas_markets_on_rhine_cruise_only_2025.jpg,https://www.amawaterways.au/destination/europe-river-cruises/2025/christmas-markets-on-the-rhine#reverse-direction_0,,,,,,,,,,,,,,
232203,2025,Europe,7,05-Dec-25,"Porto, Portugal","Porto, Portugal",Enticing Douro  ,AmaWaterways,AmaSintra,27-Aug-25,,,,Quote Available,Quote Available,Quote Available,Quote Available,https://www.amawaterways.au/Assets/Desktop/Cruises/MAP_2025_Enticing%20Douro_CO.jpg,https://www.amawaterways.au/destination/europe-river-cruises/2025/enticing-douro,,,,,,,,,,,,,,
48074,2025,Europe,7,06-Dec-25,"Vega Terrón, Spain","Porto, Portugal",Flavors of Portugal & Spain  ,AmaWaterways,AmaVida,28-Aug-25,,,,Quote Available,Quote Available,Quote Available,Quote Available,https://www.amawaterways.au/Assets/Desktop/Cruises/MAP_2025_Flavors%20of%20Port&Spain_CO-PV.jpg,https://www.amawaterways.au/destination/europe-river-cruises/2025/flavors-of-portugal-spain#reverse-direction_0,,,,,,,,,,,,,,
229074,2025,Europe,7,06-Dec-25,"Amsterdam, Netherlands","Basel, Switzerland",Christmas Markets on the Rhine  ,AmaWaterways,AmaViola,28-Aug-25,,,,Quote Available,Quote Available,Quote Available,Quote Available,https://www.amawaterways.au/Assets/Desktop/Cruises/christmas_markets_on_rhine_cruise_only_2025.jpg,https://www.amawaterways.au/destination/europe-river-cruises/2025/christmas-markets-on-the-rhine#forward-direction_0,,,,,,,,,,,,,,
35475,2025,Asia,7,08-Dec-25,"Siem Reap, Cambodia","Ho Chi Minh City, Vietnam",Riches of the Mekong ,AmaWaterways, AmaDara,30-Aug-25,,,,Quote Available,"$3,637.00","$3,937.00",Quote Available,https://www.amawaterways.au/Assets/Desktop/Cruises/richesofthemekong_hcmc_prekkdam_map_2018.jpg,https://www.amawaterways.au/destination/vietnam-cambodia-river-cruises/2025/riches-of-the-mekong#forward-direction_0,,,,,,,,,,,,,,
312064,2025,Europe,7,08-Dec-25,"Budapest, Hungary","Giurgiu, Romania",Gems of Southeast Europe  (Christmas),AmaWaterways,AmaBella,30-Aug-25,,,,Quote Available,Quote Available,Quote Available,Quote Available,https://www.amawaterways.au/Assets/Desktop/Cruises/MAP_2025_Gems_of_SE_Eur_CO_BG.jpg,https://www.amawaterways.au/destination/europe-river-cruises/2025/gems-of-southeast-europe#forward-direction_0,,,,,,,,,,,,,,
189259,2025,Europe,7,08-Dec-25,"Amsterdam, Netherlands","Basel, Switzerland",Rhine Castles & Swiss Alps  (Christmas),AmaWaterways,AmaVenita,30-Aug-25,,,,Quote Available,Quote Available,Quote Available,Quote Available,https://www.amawaterways.au/Assets/Desktop/Cruises/MAP_2025_Rhine%20Castles%20&%20Swiss%20Alps_CO.jpg,https://www.amawaterways.au/destination/europe-river-cruises/2025/rhine-castles-swiss-alps-christmas,,,,,,,,,,,,,,
232204,2025,Europe,7,09-Dec-25,"Porto, Portugal","Porto, Portugal",Enticing Douro  ,AmaWaterways,AmaDouro,31-Aug-25,,,,Quote Available,Quote Available,Quote Available,Quote Available,https://www.amawaterways.au/Assets/Desktop/Cruises/MAP_2025_Enticing%20Douro_CO.jpg,https://www.amawaterways.au/destination/europe-river-cruises/2025/enticing-douro,,,,,,,,,,,,,,
228311,2025,Europe,7,10-Dec-25,"Basel, Switzerland","Amsterdam, Netherlands",Christmas Markets on the Rhine  ,AmaWaterways,AmaCerto,1-Sep-25,,,,Quote Available,Quote Available,Quote Available,Quote Available,https://www.amawaterways.au/Assets/Desktop/Cruises/christmas_markets_on_rhine_cruise_only_2025.jpg,https://www.amawaterways.au/destination/europe-river-cruises/2025/christmas-markets-on-the-rhine#reverse-direction_0,,,,,,,,,,,,,,
229075,2025,Europe,7,10-Dec-25,"Amsterdam, Netherlands","Basel, Switzerland",Christmas Markets on the Rhine  ,AmaWaterways,AmaPrima,1-Sep-25,,,,Quote Available,Quote Available,Quote Available,Quote Available,https://www.amawaterways.au/Assets/Desktop/Cruises/christmas_markets_on_rhine_cruise_only_2025.jpg,https://www.amawaterways.au/destination/europe-river-cruises/2025/christmas-markets-on-the-rhine#forward-direction_0,,,,,,,,,,,,,,
227858,2025,Europe,7,10-Dec-25,"Nuremberg, Germany","Budapest, Hungary",Iconic Christmas Markets  ,AmaWaterways,AmaReina,1-Sep-25,,,,Quote Available,Quote Available,Quote Available,Quote Available,https://www.amawaterways.au/Assets/Desktop/Cruises/MAP_2025_Iconic_Christmas_Markets_CO-BN.jpg,https://www.amawaterways.au/destination/europe-river-cruises/2025/iconic-christmas-markets#forward-direction_0,,,,,,,,,,,,,,
136377,2025,Europe,7,10-Dec-25,"Budapest, Hungary","Nuremberg, Germany",Iconic Christmas Markets  ,AmaWaterways,AmaSonata,1-Sep-25,,,,Quote Available,Quote Available,Quote Available,Quote Available,https://www.amawaterways.au/Assets/Desktop/Cruises/MAP_2025_Iconic_Christmas_Markets_CO-BN.jpg,https://www.amawaterways.au/destination/europe-river-cruises/2025/iconic-christmas-markets#reverse-direction_0,,,,,,,,,,,,,,
43196,2025,Asia,16,13-Dec-25,"Ho Chi Minh City, Vietnam","Hanoi, Vietnam",Charms of the Mekong,AmaWaterways, AmaDara,4-Sep-25,,,,Quote Available,Quote Available,Quote Available,Quote Available,https://www.amawaterways.au/Assets/Desktop/Cruises/charmsofthemekong_hcmc_hanoi_map_2018.jpg,https://www.amawaterways.au/destination/vietnam-cambodia-river-cruises/2025/charms-of-the-mekong#forward-direction_1,,,,,,,,,,,,,,
53424,2025,Asia,7,15-Dec-25,"Ho Chi Minh City, Vietnam","Siem Reap, Cambodia",Charms of the Mekong ,AmaWaterways, AmaDara,6-Sep-25,,,,Quote Available,"$3,637.00","$3,937.00",Quote Available,https://www.amawaterways.au/Assets/Desktop/Cruises/charmsofthemekong_hcmc_prekkdam_map_2018.jpg,https://www.amawaterways.au/destination/vietnam-cambodia-river-cruises/2025/charms-of-the-mekong#forward-direction_0,,,,,,,,,,,,,,
19202,2025,Asia,16,16-Dec-25,"Hanoi, Vietnam","Ho Chi Minh City, Vietnam",Riches of the Mekong,AmaWaterways, AmaDara,7-Sep-25,,,,Quote Available,Quote Available,Quote Available,Quote Available,https://www.amawaterways.au/Assets/Desktop/Cruises/MAP_2026_Riches_Mekong_CL_full-itin-nopost.jpg,https://www.amawaterways.au/destination/vietnam-cambodia-river-cruises/2025/riches-of-the-mekong#forward-direction_1,,,,,,,,,,,,,,
36487,2025,Asia,7,22-Dec-25,"Siem Reap, Cambodia","Ho Chi Minh City, Vietnam",Riches of the Mekong ,AmaWaterways, AmaDara,13-Sep-25,,,,Quote Available,Quote Available,Quote Available,Quote Available,https://www.amawaterways.au/Assets/Desktop/Cruises/richesofthemekong_hcmc_prekkdam_map_2018.jpg,https://www.amawaterways.au/destination/vietnam-cambodia-river-cruises/2025/riches-of-the-mekong#forward-direction_0,,,,,,,,,,,,,,
43300,2025,Asia,16,27-Dec-25,"Ho Chi Minh City, Vietnam","Hanoi, Vietnam",Charms of the Mekong,AmaWaterways, AmaDara,18-Sep-25,,,,Quote Available,Quote Available,Quote Available,Quote Available,https://www.amawaterways.au/Assets/Desktop/Cruises/charmsofthemekong_hcmc_hanoi_map_2018.jpg,https://www.amawaterways.au/destination/vietnam-cambodia-river-cruises/2025/charms-of-the-mekong#forward-direction_1,,,,,,,,,,,,,,
58679,2025,Asia,7,29-Dec-25,"Ho Chi Minh City, Vietnam","Siem Reap, Cambodia",Charms of the Mekong ,AmaWaterways, AmaDara,20-Sep-25,,,,Quote Available,"$3,637.00","$3,937.00",Quote Available,https://www.amawaterways.au/Assets/Desktop/Cruises/charmsofthemekong_hcmc_prekkdam_map_2018.jpg,https://www.amawaterways.au/destination/vietnam-cambodia-river-cruises/2025/charms-of-the-mekong#forward-direction_0,,,,,,,,,,,,,,
13164,2026,Europe,7,05-Feb-26,"Amsterdam, Netherlands","Basel, Switzerland",Captivating Rhine 2026 ,AmaWaterways,AmaLucia,28-Oct-25,,,,Quote Available,Quote Available,Quote Available,Quote Available,https://www.amawaterways.au/Assets/Desktop/Cruises/MAP_2025_Captivating%20Rhine_CO.jpg,https://www.amawaterways.au/destination/europe-river-cruises/2026/captivating-rhine,,,,,,,,,,,,,,
193979,2026,Europe,7,08-Feb-26,"Budapest, Hungary","Budapest, Hungary",Best of the Danube 2026 ,AmaWaterways,AmaMagna,31-Oct-25,,,,Quote Available,Quote Available,Quote Available,Quote Available,https://www.amawaterways.au/Assets/Desktop/Cruises/MAP_2026-Celebration-of-music-cruise-only.jpg,https://www.amawaterways.au/destination/europe-river-cruises/2026/best-of-the-danube,,,,,,,,,,,,,,
13642,2026,Europe,7,08-Feb-26,"Amsterdam, Netherlands","Basel, Switzerland",Captivating Rhine 2026 ,AmaWaterways,AmaSiena,31-Oct-25,,,,Quote Available,Quote Available,Quote Available,Quote Available,https://www.amawaterways.au/Assets/Desktop/Cruises/MAP_2025_Captivating%20Rhine_CO.jpg,https://www.amawaterways.au/destination/europe-river-cruises/2026/captivating-rhine,,,,,,,,,,,,,,
53649,2026,Europe,7,12-Feb-26,"Basel, Switzerland","Amsterdam, Netherlands",Enchanting Rhine 2026 ,AmaWaterways,AmaLucia,4-Nov-25,,,,Quote Available,Quote Available,Quote Available,Quote Available,https://www.amawaterways.au/Assets/Desktop/Cruises/MAP_2025_Enchanting%20Rhine_CO.jpg,https://www.amawaterways.au/destination/europe-river-cruises/2026/enchanting-rhine,,,,,,,,,,,,,,
54896,2026,Europe,7,15-Feb-26,"Basel, Switzerland","Amsterdam, Netherlands",Enchanting Rhine 2026 ,AmaWaterways, AmaSiena,7-Nov-25,,,,Quote Available,Quote Available,Quote Available,Quote Available,https://www.amawaterways.au/Assets/Desktop/Cruises/MAP_2025_Enchanting%20Rhine_CO.jpg,https://www.amawaterways.au/destination/europe-river-cruises/2026/enchanting-rhine,,,,,,,,,,,,,,
193983,2026,Europe,7,15-Feb-26,"Budapest, Hungary","Budapest, Hungary",Best of the Danube 2026 ,AmaWaterways,AmaMagna,7-Nov-25,,,,Quote Available,Quote Available,Quote Available,Quote Available,https://www.amawaterways.au/Assets/Desktop/Cruises/MAP_2026-Celebration-of-music-cruise-only.jpg,https://www.amawaterways.au/destination/europe-river-cruises/2026/best-of-the-danube,,,,,,,,,,,,,,
14252,2026,Europe,7,19-Feb-26,"Amsterdam, Netherlands","Basel, Switzerland",Captivating Rhine 2026 ,AmaWaterways,AmaLucia,11-Nov-25,,,,Quote Available,Quote Available,Quote Available,Quote Available,https://www.amawaterways.au/Assets/Desktop/Cruises/MAP_2025_Captivating%20Rhine_CO.jpg,https://www.amawaterways.au/destination/europe-river-cruises/2026/captivating-rhine,,,,,,,,,,,,,,
193984,2026,Europe,7,22-Feb-26,"Budapest, Hungary","Budapest, Hungary",Best of the Danube 2026 ,AmaWaterways,AmaMagna,14-Nov-25,,,,Quote Available,Quote Available,Quote Available,Quote Available,https://www.amawaterways.au/Assets/Desktop/Cruises/MAP_2026-Celebration-of-music-cruise-only.jpg,https://www.amawaterways.au/destination/europe-river-cruises/2026/best-of-the-danube,,,,,,,,,,,,,,
15121,2026,Europe,7,22-Feb-26,"Amsterdam, Netherlands","Basel, Switzerland",Captivating Rhine 2026 ,AmaWaterways,AmaSiena,14-Nov-25,,,,Quote Available,Quote Available,Quote Available,Quote Available,https://www.amawaterways.au/Assets/Desktop/Cruises/MAP_2025_Captivating%20Rhine_CO.jpg,https://www.amawaterways.au/destination/europe-river-cruises/2026/captivating-rhine,,,,,,,,,,,,,,
56750,2026,Europe,7,26-Feb-26,"Basel, Switzerland","Amsterdam, Netherlands",Enchanting Rhine 2026 ,AmaWaterways,,18-Nov-25,,,,Quote Available,Quote Available,Quote Available,Quote Available,https://www.amawaterways.au/Assets/Desktop/Cruises/MAP_2025_Enchanting%20Rhine_CO.jpg,https://www.amawaterways.au/destination/europe-river-cruises/2026/enchanting-rhine,,,,,,,,,,,,,,
193985,2026,Europe,7,01-Mar-26,"Budapest, Hungary","Budapest, Hungary",Best of the Danube  ,AmaWaterways,AmaMagna,,,,,Quote Available,Quote Available,Quote Available,Quote Available,https://www.amawaterways.au/Assets/Desktop/Cruises/MAP_2026-Celebration-of-music-cruise-only.jpg,https://www.amawaterways.au/destination/europe-river-cruises/2026/best-of-the-danube#forward-direction_0,,,,,,,,,,,,,,
79785,2026,Asia,7,02-Mar-26,"Siem Reap, Cambodia","Ho Chi Minh City, Vietnam",Riches of the Mekong  ,AmaWaterways,AmaDara,,,,,Quote Available,Quote Available,Quote Available,Quote Available,https://www.amawaterways.au/Assets/Desktop/Cruises/MAP_2026_Riches_Mekong_CO.jpg,https://www.amawaterways.au/destination/vietnam-cambodia-river-cruises/2026/riches-of-the-mekong#forward-direction_0,,,,,,,,,,,,,,
101564,2026,Europe,14,03-Mar-26,"Amsterdam, Netherlands","Zurich, Switzerland",Captivating Rhine ,AmaWaterways,AmaLucia,,,,,Quote Available,Quote Available,Quote Available,Quote Available,https://www.amawaterways.au/Assets/Desktop/Cruises/MAP_2025_Captivating%20Rhine_CL.jpg,https://www.amawaterways.au/destination/europe-river-cruises/2026/captivating-rhine#forward-direction_1,,,,,,,,,,,,,,
17756,2026,Europe,7,05-Mar-26,"Amsterdam, Netherlands","Basel, Switzerland",Captivating Rhine  ,AmaWaterways,AmaLucia,,,,,Quote Available,Quote Available,Quote Available,Quote Available,https://www.amawaterways.au/Assets/Desktop/Cruises/MAP_2025_Captivating%20Rhine_CO.jpg,https://www.amawaterways.au/destination/europe-river-cruises/2026/captivating-rhine#forward-direction_0,,,,,,,,,,,,,,
101594,2026,Europe,14,06-Mar-26,"Amsterdam, Netherlands","Zurich, Switzerland",Captivating Rhine ,AmaWaterways,AmaSiena,,,,,Quote Available,Quote Available,Quote Available,Quote Available,https://www.amawaterways.au/Assets/Desktop/Cruises/MAP_2025_Captivating%20Rhine_CL.jpg,https://www.amawaterways.au/destination/europe-river-cruises/2026/captivating-rhine#forward-direction_1,,,,,,,,,,,,,,
104936,2026,Asia,16,07-Mar-26,"Ho Chi Minh City, Vietnam","Hanoi, Vietnam",Charms of the Mekong ,AmaWaterways,AmaDara,,,,,Quote Available,Quote Available,Quote Available,Quote Available,https://www.amawaterways.au/Assets/Desktop/Cruises/MAP_2026_Charms_Mekong_CL_full%20itin.jpg,https://www.amawaterways.au/destination/vietnam-cambodia-river-cruises/2026/charms-of-the-mekong#forward-direction_1,,,,,,,,,,,,,,
20804,2026,Europe,7,08-Mar-26,"Amsterdam, Netherlands","Basel, Switzerland",Captivating Rhine  ,AmaWaterways,AmaSiena,,,,,Quote Available,Quote Available,Quote Available,Quote Available,https://www.amawaterways.au/Assets/Desktop/Cruises/MAP_2025_Captivating%20Rhine_CO.jpg,https://www.amawaterways.au/destination/europe-river-cruises/2026/captivating-rhine#forward-direction_0,,,,,,,,,,,,,,
268805,2026,Europe,12,08-Mar-26,"Zurich, Switzerland","Amsterdam, Netherlands",Enchanting Rhine  ,AmaWaterways,AmaLucia,,,,,Quote Available,Quote Available,Quote Available,Quote Available,https://www.amawaterways.au/Assets/Desktop/Cruises/MAP_2025_Enchanting%20Rhine_CL.jpg,https://www.amawaterways.au/destination/europe-river-cruises/2026/enchanting-rhine#forward-direction_1,,,,,,,,,,,,,,
331155,2026,Europe,7,08-Mar-26,"Budapest, Hungary","Vilshofen, Germany",Magna On The Danube  ,AmaWaterways,AmaMagna,,,,,Quote Available,Quote Available,Quote Available,Quote Available,https://www.amawaterways.au/Assets/Desktop/Cruises/MAP_2026_danube-magna-cruise-BE-CO.jpg,https://www.amawaterways.au/destination/europe-river-cruises/2026/magna-on-the-danube#forward-direction_0,,,,,,,,,,,,,,
88068,2026,Europe,15,08-Mar-26,"Bilbao, Spain","Paris, France",Taste of Bordeaux  ,AmaWaterways,AmaDolce,,,,,Quote Available,Quote Available,Quote Available,Quote Available,https://www.amawaterways.au/Assets/Desktop/Cruises/taste_of_bordeaux_basque_PRE_loire-paris_POST_2026.jpg,https://www.amawaterways.au/destination/europe-river-cruises/2026/taste-of-bordeaux#forward-direction_1,,,,,,,,,,,,,,
32594,2026,Asia,7,09-Mar-26,"Ho Chi Minh City, Vietnam","Siem Reap, Cambodia",Charms of the Mekong  ,AmaWaterways,AmaDara,,,,,Quote Available,Quote Available,Quote Available,Quote Available,https://www.amawaterways.au/Assets/Desktop/Cruises/MAP_2026_Charms_Mekong_CO.jpg,https://www.amawaterways.au/destination/vietnam-cambodia-river-cruises/2026/charms-of-the-mekong#forward-direction_0,,,,,,,,,,,,,,
87919,2026,Europe,14,09-Mar-26,"Paris, France","Barcelona, Spain",Colors of Provence  ,AmaWaterways,AmaKristina,,,,,Quote Available,Quote Available,Quote Available,Quote Available,https://www.amawaterways.au/Assets/Desktop/Cruises/MAP_2025_Colors%20of%20Provence_CL-PB.jpg,https://www.amawaterways.au/destination/europe-river-cruises/2026/colors-of-provence-wine-cruise#forward-direction_1,,,,,,,,,,,,,,
87572,2026,Europe,10,10-Mar-26,"Paris, France","Paris, France",Paris & Normandy ,AmaWaterways,AmaLyra,,,,,Quote Available,Quote Available,Quote Available,Quote Available,https://www.amawaterways.au/Assets/Desktop/Cruises/MAP_2025_Paris_Normandy_CO.jpg,https://www.amawaterways.au/destination/europe-river-cruises/2026/paris-normandy#forward-direction_0,,,,,,,,,,,,,,
195560,2026,Asia,16,10-Mar-26,"Hanoi, Vietnam","Ho Chi Minh City, Vietnam",Riches of the Mekong ,AmaWaterways,AmaDara,,,,,Quote Available,Quote Available,Quote Available,Quote Available,https://www.amawaterways.au/Assets/Desktop/Cruises/MAP_2026_Riches_Mekong_CL_full-itin-nopost.jpg,https://www.amawaterways.au/destination/vietnam-cambodia-river-cruises/2026/riches-of-the-mekong#forward-direction_1,,,,,,,,,,,,,,
268806,2026,Europe,12,11-Mar-26,"Zurich, Switzerland","Amsterdam, Netherlands",Enchanting Rhine  ,AmaWaterways,AmaSiena,,,,,Quote Available,Quote Available,Quote Available,Quote Available,https://www.amawaterways.au/Assets/Desktop/Cruises/MAP_2025_Enchanting%20Rhine_CL.jpg,https://www.amawaterways.au/destination/europe-river-cruises/2026/enchanting-rhine#forward-direction_1,,,,,,,,,,,,,,
132535,2026,Europe,11,11-Mar-26,"Prague, Czech Republic","Budapest, Hungary",Romantic Danube ,AmaWaterways,AmaLea,,,,,Quote Available,Quote Available,Quote Available,Quote Available,https://www.amawaterways.au/Assets/Desktop/Cruises/MAP_2026_romantic-danube-prague.jpg,https://www.amawaterways.au/destination/europe-river-cruises/2026/romantic-danube#forward-direction_2,,,,,,,,,,,,,,
97653,2026,Europe,10,11-Mar-26,"Amsterdam, Netherlands","Amsterdam, Netherlands",Tulip Time ,AmaWaterways,AmaSerena,,,,,Quote Available,Quote Available,Quote Available,Quote Available,https://www.amawaterways.au/Assets/Desktop/Cruises/MAP_2025_Tulip%20Time_CO.jpg,https://www.amawaterways.au/destination/europe-river-cruises/2026/tulip-time#forward-direction_0,,,,,,,,,,,,,,
84734,2026,Europe,7,12-Mar-26,"Lyon, France","Arles, France",Colors of Provence  ,AmaWaterways,AmaKristina,,,,,Quote Available,Quote Available,Quote Available,Quote Available,https://www.amawaterways.au/Assets/Desktop/Cruises/MAP_2025_Colors%20of%20Provence_CO-LA.jpg,https://www.amawaterways.au/destination/europe-river-cruises/2026/colors-of-provence-wine-cruise#forward-direction_0,,,,,,,,,,,,,,
58145,2026,Europe,7,12-Mar-26,"Basel, Switzerland","Amsterdam, Netherlands",Enchanting Rhine  ,AmaWaterways,AmaLucia,,,,,Quote Available,Quote Available,Quote Available,Quote Available,https://www.amawaterways.au/Assets/Desktop/Cruises/MAP_2025_Enchanting%20Rhine_CO.jpg,https://www.amawaterways.au/destination/europe-river-cruises/2026/enchanting-rhine#forward-direction_0,,,,,,,,,,,,,,
84504,2026,Europe,7,12-Mar-26,"Arles, France","Dijon, France",Essence of Burgundy & Provence  ,AmaWaterways,AmaCello,,,,,Quote Available,Quote Available,Quote Available,Quote Available,https://www.amawaterways.au/Assets/Desktop/Cruises/MAP_Essence-of-Burgundy_2026_CO_DA.jpg,https://www.amawaterways.au/destination/europe-river-cruises/2026/essence-of-burgundy-provence#reverse-direction_0,,,,,,,,,,,,,,
11658,2026,Europe,20,12-Mar-26,"Paris, France","Paris, France",Grand Seine & Bordeaux ,AmaWaterways,AmaLyra,,,,,Quote Available,Quote Available,Quote Available,Quote Available,https://www.amawaterways.au/Assets/Desktop/Cruises/grand_seine_bordeaux_map_2025.jpg,https://www.amawaterways.au/destination/europe-river-cruises/2026/grand-seine-bordeaux#forward-direction_1,,,,,,,,,,,,,,
11754,2026,Europe,15,12-Mar-26,"Paris, France","Bordeaux, France",Grand Seine & Bordeaux  ,AmaWaterways,AmaLyra,,,,,Quote Available,Quote Available,Quote Available,Quote Available,https://www.amawaterways.au/Assets/Desktop/Cruises/grand_seine_bordeaux_map_CO_2025.jpg,https://www.amawaterways.au/destination/europe-river-cruises/2026/grand-seine-bordeaux#forward-direction_0,,,,,,,,,,,,,,
87463,2026,Europe,7,12-Mar-26,"Paris, France","Paris, France",Paris & Normandy  ,AmaWaterways,AmaLyra,,,,,Quote Available,Quote Available,Quote Available,Quote Available,https://www.amawaterways.au/Assets/Desktop/Cruises/MAP_2025_Paris_Normandy_CO.jpg,https://www.amawaterways.au/destination/europe-river-cruises/2026/paris-normandy#forward-direction_0,,,,,,,,,,,,,,
88051,2026,Europe,7,12-Mar-26,"Bordeaux, France","Bordeaux, France",Taste of Bordeaux  ,AmaWaterways,AmaDolce,,,,,Quote Available,Quote Available,Quote Available,Quote Available,https://www.amawaterways.au/Assets/Desktop/Cruises/MAP_Taste_of_Bordeaux_2026_CO.png,https://www.amawaterways.au/destination/europe-river-cruises/2026/taste-of-bordeaux#forward-direction_0,,,,,,,,,,,,,,
97663,2026,Europe,10,12-Mar-26,"Amsterdam, Netherlands","Amsterdam, Netherlands",Tulip Time ,AmaWaterways,AmaStella,,,,,Quote Available,Quote Available,Quote Available,Quote Available,https://www.amawaterways.au/Assets/Desktop/Cruises/MAP_2025_Tulip%20Time_CO.jpg,https://www.amawaterways.au/destination/europe-river-cruises/2026/tulip-time#forward-direction_0,,,,,,,,,,,,,,
54739,2026,Europe,7,13-Mar-26,"Amsterdam, Netherlands","Amsterdam, Netherlands",Tulip Time  ,AmaWaterways,AmaSerena,,,,,Quote Available,Quote Available,Quote Available,Quote Available,https://www.amawaterways.au/Assets/Desktop/Cruises/MAP_2025_Tulip%20Time_CO.jpg,https://www.amawaterways.au/destination/europe-river-cruises/2026/tulip-time#forward-direction_0,,,,,,,,,,,,,,
257536,2026,Europe,7,14-Mar-26,"Vilshofen, Germany","Budapest, Hungary",Romantic Danube  ,AmaWaterways,AmaLea,,,,,Quote Available,Quote Available,Quote Available,Quote Available,https://www.amawaterways.au/Assets/Desktop/Cruises/MAP_2026_romantic-danube-cruise-CO.jpg,https://www.amawaterways.au/destination/europe-river-cruises/2026/romantic-danube#forward-direction_0,,,,,,,,,,,,,,
59012,2026,Europe,7,14-Mar-26,"Amsterdam, Netherlands","Amsterdam, Netherlands",Tulip Time  ,AmaWaterways,AmaStella,,,,,Quote Available,Quote Available,Quote Available,Quote Available,https://www.amawaterways.au/Assets/Desktop/Cruises/MAP_2025_Tulip%20Time_CO.jpg,https://www.amawaterways.au/destination/europe-river-cruises/2026/tulip-time#forward-direction_0,,,,,,,,,,,,,,
58458,2026,Europe,7,15-Mar-26,"Basel, Switzerland","Amsterdam, Netherlands",Enchanting Rhine  ,AmaWaterways,AmaSiena,,,,,Quote Available,Quote Available,Quote Available,Quote Available,https://www.amawaterways.au/Assets/Desktop/Cruises/MAP_2025_Enchanting%20Rhine_CO.jpg,https://www.amawaterways.au/destination/europe-river-cruises/2026/enchanting-rhine#forward-direction_0,,,,,,,,,,,,,,
33368,2026,Europe,7,15-Mar-26,"Vilshofen, Germany","Budapest, Hungary",Magna On The Danube  ,AmaWaterways,AmaMagna,,,,,Quote Available,Quote Available,Quote Available,Quote Available,https://www.amawaterways.au/Assets/Desktop/Cruises/MAP_2026_danube-magna-cruise-BE-CO.jpg,https://www.amawaterways.au/destination/europe-river-cruises/2026/magna-on-the-danube#reverse-direction_0,,,,,,,,,,,,,,
132837,2026,Europe,11,15-Mar-26,"Prague, Czech Republic","Budapest, Hungary",Romantic Danube ,AmaWaterways,AmaReina,,,,,Quote Available,Quote Available,Quote Available,Quote Available,https://www.amawaterways.au/Assets/Desktop/Cruises/MAP_2026_romantic-danube-prague.jpg,https://www.amawaterways.au/destination/europe-river-cruises/2026/romantic-danube#forward-direction_2,,,,,,,,,,,,,,
88008,2026,Europe,15,15-Mar-26,"Bilbao, Spain","Paris, France",Taste of Bordeaux ,AmaWaterways,AmaDolce,,,,,Quote Available,Quote Available,Quote Available,Quote Available,https://www.amawaterways.au/Assets/Desktop/Cruises/taste_of_bordeaux_basque_PRE_loire-paris_POST_2026.jpg,https://www.amawaterways.au/destination/europe-river-cruises/2026/taste-of-bordeaux#forward-direction_1,,,,,,,,,,,,,,
98659,2026,Europe,10,15-Mar-26,"Amsterdam, Netherlands","Amsterdam, Netherlands",Tulip Time ,AmaWaterways,AmaVenita,,,,,Quote Available,Quote Available,Quote Available,Quote Available,https://www.amawaterways.au/Assets/Desktop/Cruises/MAP_2025_Tulip%20Time_CO.jpg,https://www.amawaterways.au/destination/europe-river-cruises/2026/tulip-time#forward-direction_0,,,,,,,,,,,,,,
102287,2026,Europe,14,16-Mar-26,"Amsterdam, Netherlands","Zurich, Switzerland",Captivating Rhine ,AmaWaterways,AmaPrima,,,,,Quote Available,Quote Available,Quote Available,Quote Available,https://www.amawaterways.au/Assets/Desktop/Cruises/MAP_2025_Captivating%20Rhine_CL.jpg,https://www.amawaterways.au/destination/europe-river-cruises/2026/captivating-rhine#forward-direction_1,,,,,,,,,,,,,,
87809,2026,Europe,14,16-Mar-26,"Barcelona, Spain","Paris, France",Colors of Provence ,AmaWaterways,AmaKristina,,,,,Quote Available,Quote Available,Quote Available,Quote Available,https://www.amawaterways.au/Assets/Desktop/Cruises/MAP_2025_Colors%20of%20Provence_CL-PB.jpg,https://www.amawaterways.au/destination/europe-river-cruises/2026/colors-of-provence#reverse-direction_1,,,,,,,,,,,,,,
80091,2026,Asia,7,16-Mar-26,"Siem Reap, Cambodia","Ho Chi Minh City, Vietnam",Riches of the Mekong  ,AmaWaterways,AmaDara,,,,,Quote Available,Quote Available,Quote Available,Quote Available,https://www.amawaterways.au/Assets/Desktop/Cruises/MAP_2026_Riches_Mekong_CO.jpg,https://www.amawaterways.au/destination/vietnam-cambodia-river-cruises/2026/riches-of-the-mekong#forward-direction_0,,,,,,,,,,,,,,
98742,2026,Europe,10,16-Mar-26,"Amsterdam, Netherlands","Amsterdam, Netherlands",Tulip Time ,AmaWaterways,AmaCerto,,,,,Quote Available,Quote Available,Quote Available,Quote Available,https://www.amawaterways.au/Assets/Desktop/Cruises/MAP_2025_Tulip%20Time_CO.jpg,https://www.amawaterways.au/destination/europe-river-cruises/2026/tulip-time#forward-direction_0,,,,,,,,,,,,,,
215175,2026,Europe,12,17-Mar-26,"Zurich, Switzerland","Amsterdam, Netherlands",Enchanting Rhine  ,AmaWaterways,AmaViola,,,,,Quote Available,Quote Available,Quote Available,Quote Available,https://www.amawaterways.au/Assets/Desktop/Cruises/MAP_2025_Enchanting%20Rhine_CL.jpg,https://www.amawaterways.au/destination/europe-river-cruises/2026/enchanting-rhine#forward-direction_1,,,,,,,,,,,,,,
87582,2026,Europe,10,17-Mar-26,"Paris, France","Paris, France",Paris & Normandy ,AmaWaterways,AmaLyra,,,,,Quote Available,Quote Available,Quote Available,Quote Available,https://www.amawaterways.au/Assets/Desktop/Cruises/MAP_2025_Paris_Normandy_CO.jpg,https://www.amawaterways.au/destination/europe-river-cruises/2026/paris-normandy#forward-direction_0,,,,,,,,,,,,,,
99450,2026,Europe,10,17-Mar-26,"Amsterdam, Netherlands","Amsterdam, Netherlands",Tulip Time ,AmaWaterways,AmaLucia,,,,,Quote Available,Quote Available,Quote Available,Quote Available,https://www.amawaterways.au/Assets/Desktop/Cruises/MAP_2025_Tulip%20Time_CO.jpg,https://www.amawaterways.au/destination/europe-river-cruises/2026/tulip-time#forward-direction_0,,,,,,,,,,,,,,
59815,2026,Europe,7,17-Mar-26,"Amsterdam, Netherlands","Amsterdam, Netherlands",Tulip Time  ,AmaWaterways,AmaVenita,,,,,Quote Available,Quote Available,Quote Available,Quote Available,https://www.amawaterways.au/Assets/Desktop/Cruises/MAP_2025_Tulip%20Time_CO.jpg,https://www.amawaterways.au/destination/europe-river-cruises/2026/tulip-time#forward-direction_0,,,,,,,,,,,,,,
25022,2026,Europe,7,18-Mar-26,"Amsterdam, Netherlands","Basel, Switzerland",Captivating Rhine  ,AmaWaterways,AmaPrima,,,,,Quote Available,Quote Available,Quote Available,Quote Available,https://www.amawaterways.au/Assets/Desktop/Cruises/MAP_2025_Captivating%20Rhine_CO.jpg,https://www.amawaterways.au/destination/europe-river-cruises/2026/captivating-rhine#forward-direction_0,,,,,,,,,,,,,,
133060,2026,Europe,11,18-Mar-26,"Prague, Czech Republic","Budapest, Hungary",Romantic Danube ,AmaWaterways,AmaMora,,,,,Quote Available,Quote Available,Quote Available,Quote Available,https://www.amawaterways.au/Assets/Desktop/Cruises/MAP_2026_romantic-danube-prague.jpg,https://www.amawaterways.au/destination/europe-river-cruises/2026/romantic-danube#forward-direction_2,,,,,,,,,,,,,,
257537,2026,Europe,7,18-Mar-26,"Vilshofen, Germany","Budapest, Hungary",Romantic Danube  ,AmaWaterways,AmaReina,,,,,Quote Available,Quote Available,Quote Available,Quote Available,https://www.amawaterways.au/Assets/Desktop/Cruises/MAP_2026_romantic-danube-cruise-CO.jpg,https://www.amawaterways.au/destination/europe-river-cruises/2026/romantic-danube#forward-direction_0,,,,,,,,,,,,,,
99505,2026,Europe,10,18-Mar-26,"Amsterdam, Netherlands","Amsterdam, Netherlands",Tulip Time ,AmaWaterways,AmaSerena,,,,,Quote Available,Quote Available,Quote Available,Quote Available,https://www.amawaterways.au/Assets/Desktop/Cruises/MAP_2025_Tulip%20Time_CO.jpg,https://www.amawaterways.au/destination/europe-river-cruises/2026/tulip-time#forward-direction_0,,,,,,,,,,,,,,
61226,2026,Europe,7,18-Mar-26,"Amsterdam, Netherlands","Amsterdam, Netherlands",Tulip Time  ,AmaWaterways,AmaCerto,,,,,Quote Available,Quote Available,Quote Available,Quote Available,https://www.amawaterways.au/Assets/Desktop/Cruises/MAP_2025_Tulip%20Time_CO.jpg,https://www.amawaterways.au/destination/europe-river-cruises/2026/tulip-time#forward-direction_0,,,,,,,,,,,,,,
87787,2026,Europe,7,19-Mar-26,"Arles, France","Lyon, France",Colors of Provence  ,AmaWaterways,AmaKristina,,,,,Quote Available,Quote Available,Quote Available,Quote Available,https://www.amawaterways.au/Assets/Desktop/Cruises/MAP_2025_Colors%20of%20Provence_CO-LA.jpg,https://www.amawaterways.au/destination/europe-river-cruises/2026/colors-of-provence#reverse-direction_0,,,,,,,,,,,,,,
193920,2026,Europe,14,19-Mar-26,"Bucharest, Romania","Vienna, Austria",Gems of Southeast Europe ,AmaWaterways,AmaVerde,,,,,Quote Available,Quote Available,Quote Available,Quote Available,https://www.amawaterways.au/Assets/Desktop/Cruises/MAP_2026-Gems-of-Southeast-Europe_Full-Land_Vienna-Giurgiu-(AJ).jpg,https://www.amawaterways.au/destination/europe-river-cruises/2026/gems-of-southeast-europe#reverse-direction_1,,,,,,,,,,,,,,
256103,2026,Europe,22,19-Mar-26,"Giurgiu, Romania","Vilshofen, Germany",Grand Danube Cruise ,AmaWaterways,AmaVerde,,,,,Quote Available,Quote Available,Quote Available,Quote Available,https://www.amawaterways.au/Assets/Desktop/Cruises/MAP_2025_Grand_Danube_CO-VG.jpg,https://www.amawaterways.au/destination/europe-river-cruises/2026/grand-danube-cruise#reverse-direction_3,,,,,,,,,,,,,,
193525,2026,Europe,13,19-Mar-26,"Budapest, Hungary","Prague, Czech Republic",Melodies of the Danube ,AmaWaterways,AmaLea,,,,,Quote Available,Quote Available,Quote Available,Quote Available,https://www.amawaterways.au/Assets/Desktop/Cruises/MAP_2026_melodies-of-danube-cruise.jpg,https://www.amawaterways.au/destination/europe-river-cruises/2026/melodies-of-the-danube#forward-direction_1,,,,,,,,,,,,,,
87584,2026,Europe,10,19-Mar-26,"Paris, France","Paris, France",Paris & Normandy ,AmaWaterways,AmaDante,,,,,Quote Available,Quote Available,Quote Available,Quote Available,https://www.amawaterways.au/Assets/Desktop/Cruises/MAP_2025_Paris_Normandy_CO.jpg,https://www.amawaterways.au/destination/europe-river-cruises/2026/paris-normandy#forward-direction_0,,,,,,,,,,,,,,
87466,2026,Europe,7,19-Mar-26,"Paris, France","Paris, France",Paris & Normandy  ,AmaWaterways,AmaLyra,,,,,Quote Available,Quote Available,Quote Available,Quote Available,https://www.amawaterways.au/Assets/Desktop/Cruises/MAP_2025_Paris_Normandy_CO.jpg,https://www.amawaterways.au/destination/europe-river-cruises/2026/paris-normandy#forward-direction_0,,,,,,,,,,,,,,
87931,2026,Europe,7,19-Mar-26,"Bordeaux, France","Bordeaux, France",Taste of Bordeaux  ,AmaWaterways,AmaDolce,,,,,Quote Available,Quote Available,Quote Available,Quote Available,https://www.amawaterways.au/Assets/Desktop/Cruises/MAP_Taste_of_Bordeaux_2026_CO.png,https://www.amawaterways.au/destination/europe-river-cruises/2026/taste-of-bordeaux#forward-direction_0,,,,,,,,,,,,,,
99530,2026,Europe,10,19-Mar-26,"Amsterdam, Netherlands","Amsterdam, Netherlands",Tulip Time ,AmaWaterways,AmaStella,,,,,Quote Available,Quote Available,Quote Available,Quote Available,https://www.amawaterways.au/Assets/Desktop/Cruises/MAP_2025_Tulip%20Time_CO.jpg,https://www.amawaterways.au/destination/europe-river-cruises/2026/tulip-time#forward-direction_0,,,,,,,,,,,,,,
61331,2026,Europe,7,19-Mar-26,"Amsterdam, Netherlands","Amsterdam, Netherlands",Tulip Time  ,AmaWaterways,AmaLucia,,,,,Quote Available,Quote Available,Quote Available,Quote Available,https://www.amawaterways.au/Assets/Desktop/Cruises/MAP_2025_Tulip%20Time_CO.jpg,https://www.amawaterways.au/destination/europe-river-cruises/2026/tulip-time#forward-direction_0,,,,,,,,,,,,,,
100160,2026,Europe,10,20-Mar-26,"Amsterdam, Netherlands","Amsterdam, Netherlands",Tulip Time ,AmaWaterways,AmaSiena,,,,,Quote Available,Quote Available,Quote Available,Quote Available,https://www.amawaterways.au/Assets/Desktop/Cruises/MAP_2025_Tulip%20Time_CO.jpg,https://www.amawaterways.au/destination/europe-river-cruises/2026/tulip-time#forward-direction_0,,,,,,,,,,,,,,
65378,2026,Europe,7,20-Mar-26,"Amsterdam, Netherlands","Amsterdam, Netherlands",Tulip Time  ,AmaWaterways,AmaSerena,,,,,Quote Available,Quote Available,Quote Available,Quote Available,https://www.amawaterways.au/Assets/Desktop/Cruises/MAP_2025_Tulip%20Time_CO.jpg,https://www.amawaterways.au/destination/europe-river-cruises/2026/tulip-time#forward-direction_0,,,,,,,,,,,,,,
104941,2026,Asia,16,21-Mar-26,"Ho Chi Minh City, Vietnam","Hanoi, Vietnam",Charms of the Mekong ,AmaWaterways,AmaDara,,,,,Quote Available,Quote Available,Quote Available,Quote Available,https://www.amawaterways.au/Assets/Desktop/Cruises/MAP_2026_Charms_Mekong_CL_full%20itin.jpg,https://www.amawaterways.au/destination/vietnam-cambodia-river-cruises/2026/charms-of-the-mekong#forward-direction_1,,,,,,,,,,,,,,
212341,2026,Europe,7,21-Mar-26,"Basel, Switzerland","Amsterdam, Netherlands",Enchanting Rhine  ,AmaWaterways,AmaViola,,,,,Quote Available,Quote Available,Quote Available,Quote Available,https://www.amawaterways.au/Assets/Desktop/Cruises/MAP_2025_Enchanting%20Rhine_CO.jpg,https://www.amawaterways.au/destination/europe-river-cruises/2026/enchanting-rhine#forward-direction_0,,,,,,,,,,,,,,
268807,2026,Europe,12,21-Mar-26,"Zurich, Switzerland","Amsterdam, Netherlands",Enchanting Rhine  ,AmaWaterways,AmaPrima,,,,,Quote Available,Quote Available,Quote Available,Quote Available,https://www.amawaterways.au/Assets/Desktop/Cruises/MAP_2025_Enchanting%20Rhine_CL.jpg,https://www.amawaterways.au/destination/europe-river-cruises/2026/enchanting-rhine#forward-direction_1,,,,,,,,,,,,,,
12361,2026,Europe,11,21-Mar-26,"Lisbon, Portugal","Porto, Portugal",Enticing Douro ,AmaWaterways,AmaDouro,,,,,Quote Available,Quote Available,Quote Available,Quote Available,https://www.amawaterways.au/Assets/Desktop/Cruises/MAP_2025_Enticing%20Douro_CL.jpg,https://www.amawaterways.au/destination/europe-river-cruises/2026/enticing-douro#forward-direction_1,,,,,,,,,,,,,,
182384,2026,Europe,7,21-Mar-26,"Porto, Portugal","Vega Terrón, Spain",Flavors of Portugal & Spain  ,AmaWaterways,AmaVida,,,,,Quote Available,Quote Available,Quote Available,Quote Available,https://www.amawaterways.au/Assets/Desktop/Cruises/MAP_2025_Flavors_of_Port_Spain_CO-PV.jpg,https://www.amawaterways.au/destination/europe-river-cruises/2026/flavors-of-portugal-spain#forward-direction_0,,,,,,,,,,,,,,
146247,2026,Europe,7,21-Mar-26,"Budapest, Hungary","Vilshofen, Germany",Melodies of the Danube  ,AmaWaterways,AmaLea,,,,,Quote Available,Quote Available,Quote Available,Quote Available,https://www.amawaterways.au/Assets/Desktop/Cruises/MAP_2026_melodies-of-danube-CO.jpg,https://www.amawaterways.au/destination/europe-river-cruises/2026/melodies-of-the-danube,,,,,,,,,,,,,,
87467,2026,Europe,7,21-Mar-26,"Paris, France","Paris, France",Paris & Normandy  ,AmaWaterways,AmaDante,,,,,Quote Available,Quote Available,Quote Available,Quote Available,https://www.amawaterways.au/Assets/Desktop/Cruises/MAP_2025_Paris_Normandy_CO.jpg,https://www.amawaterways.au/destination/europe-river-cruises/2026/paris-normandy#forward-direction_0,,,,,,,,,,,,,,
257783,2026,Europe,7,21-Mar-26,"Vilshofen, Germany","Budapest, Hungary",Romantic Danube  ,AmaWaterways,AmaMora,,,,,Quote Available,Quote Available,Quote Available,Quote Available,https://www.amawaterways.au/Assets/Desktop/Cruises/MAP_2026_romantic-danube-cruise-CO.jpg,https://www.amawaterways.au/destination/europe-river-cruises/2026/romantic-danube#forward-direction_0,,,,,,,,,,,,,,
74003,2026,Europe,7,21-Mar-26,"Amsterdam, Netherlands","Amsterdam, Netherlands",Tulip Time  ,AmaWaterways,AmaStella,,,,,Quote Available,Quote Available,Quote Available,Quote Available,https://www.amawaterways.au/Assets/Desktop/Cruises/MAP_2025_Tulip%20Time_CO.jpg,https://www.amawaterways.au/destination/europe-river-cruises/2026/tulip-time#forward-direction_0,,,,,,,,,,,,,,
331156,2026,Europe,7,22-Mar-26,"Budapest, Hungary","Vilshofen, Germany",Magna On The Danube  ,AmaWaterways,AmaMagna,,,,,Quote Available,Quote Available,Quote Available,Quote Available,https://www.amawaterways.au/Assets/Desktop/Cruises/MAP_2026_danube-magna-cruise-BE-CO.jpg,https://www.amawaterways.au/destination/europe-river-cruises/2026/magna-on-the-danube#forward-direction_0,,,,,,,,,,,,,,
133210,2026,Europe,11,22-Mar-26,"Prague, Czech Republic","Budapest, Hungary",Romantic Danube ,AmaWaterways,AmaSonata,,,,,Quote Available,Quote Available,Quote Available,Quote Available,https://www.amawaterways.au/Assets/Desktop/Cruises/MAP_2026_romantic-danube-prague.jpg,https://www.amawaterways.au/destination/europe-river-cruises/2026/romantic-danube#forward-direction_2,,,,,,,,,,,,,,
88070,2026,Europe,15,22-Mar-26,"Bilbao, Spain","Paris, France",Taste of Bordeaux  ,AmaWaterways,AmaDolce,,,,,Quote Available,Quote Available,Quote Available,Quote Available,https://www.amawaterways.au/Assets/Desktop/Cruises/taste_of_bordeaux_basque_PRE_loire-paris_POST_2026.jpg,https://www.amawaterways.au/destination/europe-river-cruises/2026/taste-of-bordeaux#forward-direction_1,,,,,,,,,,,,,,
100259,2026,Europe,10,22-Mar-26,"Amsterdam, Netherlands","Amsterdam, Netherlands",Tulip Time ,AmaWaterways,AmaVenita,,,,,Quote Available,Quote Available,Quote Available,Quote Available,https://www.amawaterways.au/Assets/Desktop/Cruises/MAP_2025_Tulip%20Time_CO.jpg,https://www.amawaterways.au/destination/europe-river-cruises/2026/tulip-time#forward-direction_0,,,,,,,,,,,,,,
74166,2026,Europe,7,22-Mar-26,"Amsterdam, Netherlands","Amsterdam, Netherlands",Tulip Time  ,AmaWaterways,AmaSiena,,,,,Quote Available,Quote Available,Quote Available,Quote Available,https://www.amawaterways.au/Assets/Desktop/Cruises/MAP_2025_Tulip%20Time_CO.jpg,https://www.amawaterways.au/destination/europe-river-cruises/2026/tulip-time#forward-direction_0,,,,,,,,,,,,,,
34474,2026,Asia,7,23-Mar-26,"Ho Chi Minh City, Vietnam","Siem Reap, Cambodia",Charms of the Mekong  ,AmaWaterways,AmaDara,,,,,Quote Available,Quote Available,Quote Available,Quote Available,https://www.amawaterways.au/Assets/Desktop/Cruises/MAP_2026_Charms_Mekong_CO.jpg,https://www.amawaterways.au/destination/vietnam-cambodia-river-cruises/2026/charms-of-the-mekong#forward-direction_0,,,,,,,,,,,,,,
87920,2026,Europe,14,23-Mar-26,"Paris, France","Barcelona, Spain",Colors of Provence  ,AmaWaterways,AmaKristina,,,,,Quote Available,Quote Available,Quote Available,Quote Available,https://www.amawaterways.au/Assets/Desktop/Cruises/MAP_2025_Colors%20of%20Provence_CL-PB.jpg,https://www.amawaterways.au/destination/europe-river-cruises/2026/colors-of-provence-wine-cruise#forward-direction_1,,,,,,,,,,,,,,
193942,2026,Europe,7,23-Mar-26,"Giurgiu, Romania","Budapest, Hungary",Gems of Southeast Europe  ,AmaWaterways,AmaVerde,,,,,Quote Available,Quote Available,Quote Available,Quote Available,https://www.amawaterways.au/Assets/Desktop/Cruises/MAP_2026-Gems-of-Southeast-Europe_Cruise-Only_Bud-Giurgiu_AJ.jpg,https://www.amawaterways.au/destination/europe-river-cruises/2026/gems-of-southeast-europe#reverse-direction_0,,,,,,,,,,,,,,
254731,2026,Europe,15,23-Mar-26,"Giurgiu, Romania","Vilshofen, Germany",Grand Danube Cruise  ,AmaWaterways,AmaVerde,,,,,Quote Available,Quote Available,Quote Available,Quote Available,https://www.amawaterways.au/Assets/Desktop/Cruises/MAP_2025_Grand_Danube_CO-VG.jpg,https://www.amawaterways.au/destination/europe-river-cruises/2026/grand-danube-cruise#reverse-direction_3,,,,,,,,,,,,,,
193527,2026,Europe,13,23-Mar-26,"Budapest, Hungary","Prague, Czech Republic",Melodies of the Danube ,AmaWaterways,AmaReina,,,,,Quote Available,Quote Available,Quote Available,Quote Available,https://www.amawaterways.au/Assets/Desktop/Cruises/MAP_2026_melodies-of-danube-cruise.jpg,https://www.amawaterways.au/destination/europe-river-cruises/2026/melodies-of-the-danube#forward-direction_1,,,,,,,,,,,,,,
100382,2026,Europe,10,23-Mar-26,"Amsterdam, Netherlands","Amsterdam, Netherlands",Tulip Time ,AmaWaterways,AmaCerto,,,,,Quote Available,Quote Available,Quote Available,Quote Available,https://www.amawaterways.au/Assets/Desktop/Cruises/MAP_2025_Tulip%20Time_CO.jpg,https://www.amawaterways.au/destination/europe-river-cruises/2026/tulip-time#forward-direction_0,,,,,,,,,,,,,,
12893,2026,Europe,11,24-Mar-26,"Lisbon, Portugal","Porto, Portugal",Enticing Douro ,AmaWaterways,AmaSintra,,,,,Quote Available,Quote Available,Quote Available,Quote Available,https://www.amawaterways.au/Assets/Desktop/Cruises/MAP_2025_Enticing%20Douro_CL.jpg,https://www.amawaterways.au/destination/europe-river-cruises/2026/enticing-douro#forward-direction_1,,,,,,,,,,,,,,
84535,2026,Europe,7,24-Mar-26,"Porto, Portugal","Porto, Portugal",Enticing Douro  ,AmaWaterways,AmaDouro,,,,,Quote Available,Quote Available,Quote Available,Quote Available,https://www.amawaterways.au/Assets/Desktop/Cruises/MAP_2025_Enticing%20Douro_CO.jpg,https://www.amawaterways.au/destination/europe-river-cruises/2026/enticing-douro#forward-direction_0,,,,,,,,,,,,,,
87588,2026,Europe,10,24-Mar-26,"Paris, France","Paris, France",Paris & Normandy ,AmaWaterways,AmaLyra,,,,,Quote Available,Quote Available,Quote Available,Quote Available,https://www.amawaterways.au/Assets/Desktop/Cruises/MAP_2025_Paris_Normandy_CO.jpg,https://www.amawaterways.au/destination/europe-river-cruises/2026/paris-normandy#forward-direction_0,,,,,,,,,,,,,,
195561,2026,Asia,16,24-Mar-26,"Hanoi, Vietnam","Ho Chi Minh City, Vietnam",Riches of the Mekong ,AmaWaterways,AmaDara,,,,,Quote Available,Quote Available,Quote Available,Quote Available,https://www.amawaterways.au/Assets/Desktop/Cruises/MAP_2026_Riches_Mekong_CL_full-itin-nopost.jpg,https://www.amawaterways.au/destination/vietnam-cambodia-river-cruises/2026/riches-of-the-mekong#forward-direction_1,,,,,,,,,,,,,,
100627,2026,Europe,10,24-Mar-26,"Amsterdam, Netherlands","Amsterdam, Netherlands",Tulip Time ,AmaWaterways,AmaLucia,,,,,Quote Available,Quote Available,Quote Available,Quote Available,https://www.amawaterways.au/Assets/Desktop/Cruises/MAP_2025_Tulip%20Time_CO.jpg,https://www.amawaterways.au/destination/europe-river-cruises/2026/tulip-time#forward-direction_0,,,,,,,,,,,,,,
74385,2026,Europe,7,24-Mar-26,"Amsterdam, Netherlands","Amsterdam, Netherlands",Tulip Time  ,AmaWaterways,AmaVenita,,,,,Quote Available,Quote Available,Quote Available,Quote Available,https://www.amawaterways.au/Assets/Desktop/Cruises/MAP_2025_Tulip%20Time_CO.jpg,https://www.amawaterways.au/destination/europe-river-cruises/2026/tulip-time#forward-direction_0,,,,,,,,,,,,,,
59344,2026,Europe,7,25-Mar-26,"Basel, Switzerland","Amsterdam, Netherlands",Enchanting Rhine  ,AmaWaterways,AmaPrima,,,,,Quote Available,Quote Available,Quote Available,Quote Available,https://www.amawaterways.au/Assets/Desktop/Cruises/MAP_2025_Enchanting%20Rhine_CO.jpg,https://www.amawaterways.au/destination/europe-river-cruises/2026/enchanting-rhine#forward-direction_0,,,,,,,,,,,,,,
257226,2026,Europe,14,25-Mar-26,"Madrid, Spain","Lisbon, Portugal",Flavors of Portugal & Spain ,AmaWaterways,AmaVida,,,,,Quote Available,Quote Available,Quote Available,Quote Available,https://www.amawaterways.au/Assets/Desktop/Cruises/MAP_2025_Flavors%20of%20Port&Spain_CL-LM.jpg,https://www.amawaterways.au/destination/europe-river-cruises/2026/flavors-of-portugal-spain#reverse-direction_1,,,,,,,,,,,,,,
147853,2026,Europe,7,25-Mar-26,"Budapest, Hungary","Vilshofen, Germany",Melodies of the Danube  ,AmaWaterways,AmaReina,,,,,Quote Available,Quote Available,Quote Available,Quote Available,https://www.amawaterways.au/Assets/Desktop/Cruises/MAP_2026_melodies-of-danube-CO.jpg,https://www.amawaterways.au/destination/europe-river-cruises/2026/melodies-of-the-danube,,,,,,,,,,,,,,
133371,2026,Europe,11,25-Mar-26,"Prague, Czech Republic","Budapest, Hungary",Romantic Danube ,AmaWaterways,AmaLea,,,,,Quote Available,Quote Available,Quote Available,Quote Available,https://www.amawaterways.au/Assets/Desktop/Cruises/MAP_2026_romantic-danube-prague.jpg,https://www.amawaterways.au/destination/europe-river-cruises/2026/romantic-danube#forward-direction_2,,,,,,,,,,,,,,
257784,2026,Europe,7,25-Mar-26,"Vilshofen, Germany","Budapest, Hungary",Romantic Danube  ,AmaWaterways,AmaSonata,,,,,Quote Available,Quote Available,Quote Available,Quote Available,https://www.amawaterways.au/Assets/Desktop/Cruises/MAP_2026_romantic-danube-cruise-CO.jpg,https://www.amawaterways.au/destination/europe-river-cruises/2026/romantic-danube#forward-direction_0,,,,,,,,,,,,,,
101700,2026,Europe,10,25-Mar-26,"Amsterdam, Netherlands","Amsterdam, Netherlands",Tulip Time ,AmaWaterways,AmaSerena,,,,,Quote Available,Quote Available,Quote Available,Quote Available,https://www.amawaterways.au/Assets/Desktop/Cruises/MAP_2025_Tulip%20Time_CO.jpg,https://www.amawaterways.au/destination/europe-river-cruises/2026/tulip-time#forward-direction_0,,,,,,,,,,,,,,
75437,2026,Europe,7,25-Mar-26,"Amsterdam, Netherlands","Amsterdam, Netherlands",Tulip Time  ,AmaWaterways,AmaCerto,,,,,Quote Available,Quote Available,Quote Available,Quote Available,https://www.amawaterways.au/Assets/Desktop/Cruises/MAP_2025_Tulip%20Time_CO.jpg,https://www.amawaterways.au/destination/europe-river-cruises/2026/tulip-time#forward-direction_0,,,,,,,,,,,,,,
103865,2026,Europe,14,26-Mar-26,"Amsterdam, Netherlands","Zurich, Switzerland",Captivating Rhine ,AmaWaterways,AmaViola,,,,,Quote Available,Quote Available,Quote Available,Quote Available,https://www.amawaterways.au/Assets/Desktop/Cruises/MAP_2025_Captivating%20Rhine_CL.jpg,https://www.amawaterways.au/destination/europe-river-cruises/2026/captivating-rhine#forward-direction_1,,,,,,,,,,,,,,
84735,2026,Europe,7,26-Mar-26,"Lyon, France","Arles, France",Colors of Provence  ,AmaWaterways,AmaKristina,,,,,Quote Available,Quote Available,Quote Available,Quote Available,https://www.amawaterways.au/Assets/Desktop/Cruises/MAP_2025_Colors%20of%20Provence_CO-LA.jpg,https://www.amawaterways.au/destination/europe-river-cruises/2026/colors-of-provence-wine-cruise#forward-direction_0,,,,,,,,,,,,,,
14372,2026,Europe,20,26-Mar-26,"Paris, France","Nice, France",Grand Seine & Rhone ,AmaWaterways,AmaLyra,,,,,Quote Available,Quote Available,Quote Available,Quote Available,https://www.amawaterways.au/Assets/Desktop/Cruises/grand_seine_rhone_map_2025.jpg,https://www.amawaterways.au/destination/europe-river-cruises/2026/grand-seine-rhone#forward-direction_1,,,,,,,,,,,,,,
10097,2026,Europe,15,26-Mar-26,"Paris, France","Arles, France",Grand Seine & Rhone  ,AmaWaterways,AmaLyra,,,,,Quote Available,Quote Available,Quote Available,Quote Available,https://www.amawaterways.au/Assets/Desktop/Cruises/grand_seine_rhone_map_CO_2025.jpg,https://www.amawaterways.au/destination/europe-river-cruises/2026/grand-seine-rhone#forward-direction_0,,,,,,,,,,,,,,
193528,2026,Europe,13,26-Mar-26,"Budapest, Hungary","Prague, Czech Republic",Melodies of the Danube ,AmaWaterways,AmaMora,,,,,Quote Available,Quote Available,Quote Available,Quote Available,https://www.amawaterways.au/Assets/Desktop/Cruises/MAP_2026_melodies-of-danube-cruise.jpg,https://www.amawaterways.au/destination/europe-river-cruises/2026/melodies-of-the-danube#forward-direction_1,,,,,,,,,,,,,,
87469,2026,Europe,7,26-Mar-26,"Paris, France","Paris, France",Paris & Normandy  ,AmaWaterways,AmaLyra,,,,,Quote Available,Quote Available,Quote Available,Quote Available,https://www.amawaterways.au/Assets/Desktop/Cruises/MAP_2025_Paris_Normandy_CO.jpg,https://www.amawaterways.au/destination/europe-river-cruises/2026/paris-normandy#forward-direction_0,,,,,,,,,,,,,,
88053,2026,Europe,7,26-Mar-26,"Bordeaux, France","Bordeaux, France",Taste of Bordeaux  ,AmaWaterways,AmaDolce,,,,,Quote Available,Quote Available,Quote Available,Quote Available,https://www.amawaterways.au/Assets/Desktop/Cruises/MAP_Taste_of_Bordeaux_2026_CO.png,https://www.amawaterways.au/destination/europe-river-cruises/2026/taste-of-bordeaux#forward-direction_0,,,,,,,,,,,,,,
102609,2026,Europe,10,26-Mar-26,"Amsterdam, Netherlands","Amsterdam, Netherlands",Tulip Time ,AmaWaterways,AmaStella,,,,,Quote Available,Quote Available,Quote Available,Quote Available,https://www.amawaterways.au/Assets/Desktop/Cruises/MAP_2025_Tulip%20Time_CO.jpg,https://www.amawaterways.au/destination/europe-river-cruises/2026/tulip-time#forward-direction_0,,,,,,,,,,,,,,
75866,2026,Europe,7,26-Mar-26,"Amsterdam, Netherlands","Amsterdam, Netherlands",Tulip Time  ,AmaWaterways,AmaLucia,,,,,Quote Available,Quote Available,Quote Available,Quote Available,https://www.amawaterways.au/Assets/Desktop/Cruises/MAP_2025_Tulip%20Time_CO.jpg,https://www.amawaterways.au/destination/europe-river-cruises/2026/tulip-time#forward-direction_0,,,,,,,,,,,,,,
84537,2026,Europe,7,27-Mar-26,"Porto, Portugal","Porto, Portugal",Enticing Douro  ,AmaWaterways,AmaSintra,,,,,Quote Available,Quote Available,Quote Available,Quote Available,https://www.amawaterways.au/Assets/Desktop/Cruises/MAP_2025_Enticing%20Douro_CO.jpg,https://www.amawaterways.au/destination/europe-river-cruises/2026/enticing-douro#forward-direction_0,,,,,,,,,,,,,,
102634,2026,Europe,10,27-Mar-26,"Amsterdam, Netherlands","Amsterdam, Netherlands",Tulip Time ,AmaWaterways,AmaSiena,,,,,Quote Available,Quote Available,Quote Available,Quote Available,https://www.amawaterways.au/Assets/Desktop/Cruises/MAP_2025_Tulip%20Time_CO.jpg,https://www.amawaterways.au/destination/europe-river-cruises/2026/tulip-time#forward-direction_0,,,,,,,,,,,,,,
77762,2026,Europe,7,27-Mar-26,"Amsterdam, Netherlands","Amsterdam, Netherlands",Tulip Time  ,AmaWaterways,AmaSerena,,,,,Quote Available,Quote Available,Quote Available,Quote Available,https://www.amawaterways.au/Assets/Desktop/Cruises/MAP_2025_Tulip%20Time_CO.jpg,https://www.amawaterways.au/destination/europe-river-cruises/2026/tulip-time#forward-direction_0,,,,,,,,,,,,,,
25090,2026,Europe,7,28-Mar-26,"Amsterdam, Netherlands","Basel, Switzerland",Captivating Rhine  ,AmaWaterways,AmaViola,,,,,Quote Available,Quote Available,Quote Available,Quote Available,https://www.amawaterways.au/Assets/Desktop/Cruises/MAP_2025_Captivating%20Rhine_CO.jpg,https://www.amawaterways.au/destination/europe-river-cruises/2026/captivating-rhine#forward-direction_0,,,,,,,,,,,,,,
19667,2026,Europe,11,28-Mar-26,"Lisbon, Portugal","Porto, Portugal",Enticing Douro ,AmaWaterways,AmaDouro,,,,,Quote Available,Quote Available,Quote Available,Quote Available,https://www.amawaterways.au/Assets/Desktop/Cruises/MAP_2025_Enticing%20Douro_CL.jpg,https://www.amawaterways.au/destination/europe-river-cruises/2026/enticing-douro#forward-direction_1,,,,,,,,,,,,,,
256487,2026,Europe,7,28-Mar-26,"Vega Terrón, Spain","Porto, Portugal",Flavors of Portugal & Spain  ,AmaWaterways,AmaVida,,,,,Quote Available,Quote Available,Quote Available,Quote Available,https://www.amawaterways.au/Assets/Desktop/Cruises/MAP_2025_Flavors_of_Port_Spain_CO-PV.jpg,https://www.amawaterways.au/destination/europe-river-cruises/2026/flavors-of-portugal-spain#reverse-direction_0,,,,,,,,,,,,,,
21912,2026,Europe,7,28-Mar-26,"Paris, France","Le Havre, France",Impressions of the Seine & Paris  ,AmaWaterways,AmaDante,,,,,Quote Available,Quote Available,Quote Available,Quote Available,https://www.amawaterways.au/Assets/Desktop/Cruises/MAP_2026_Impressions%20of%20Seine_CO-PL.jpg,https://www.amawaterways.au/destination/europe-river-cruises/2026/impressions-of-the-seine-paris#forward-direction_0,,,,,,,,,,,,,,
193530,2026,Europe,13,28-Mar-26,"Budapest, Hungary","Prague, Czech Republic",Melodies of the Danube ,AmaWaterways,AmaVerde,,,,,Quote Available,Quote Available,Quote Available,Quote Available,https://www.amawaterways.au/Assets/Desktop/Cruises/MAP_2026_melodies-of-danube-cruise.jpg,https://www.amawaterways.au/destination/europe-river-cruises/2026/melodies-of-the-danube#forward-direction_1,,,,,,,,,,,,,,
148193,2026,Europe,7,28-Mar-26,"Budapest, Hungary","Vilshofen, Germany",Melodies of the Danube  ,AmaWaterways,AmaMora,,,,,Quote Available,Quote Available,Quote Available,Quote Available,https://www.amawaterways.au/Assets/Desktop/Cruises/MAP_2026_melodies-of-danube-CO.jpg,https://www.amawaterways.au/destination/europe-river-cruises/2026/melodies-of-the-danube,,,,,,,,,,,,,,
257864,2026,Europe,7,28-Mar-26,"Vilshofen, Germany","Budapest, Hungary",Romantic Danube  ,AmaWaterways,AmaLea,,,,,Quote Available,Quote Available,Quote Available,Quote Available,https://www.amawaterways.au/Assets/Desktop/Cruises/MAP_2026_romantic-danube-cruise-CO.jpg,https://www.amawaterways.au/destination/europe-river-cruises/2026/romantic-danube#forward-direction_0,,,,,,,,,,,,,,
78323,2026,Europe,7,28-Mar-26,"Amsterdam, Netherlands","Amsterdam, Netherlands",Tulip Time  ,AmaWaterways,AmaStella,,,,,Quote Available,Quote Available,Quote Available,Quote Available,https://www.amawaterways.au/Assets/Desktop/Cruises/MAP_2025_Tulip%20Time_CO.jpg,https://www.amawaterways.au/destination/europe-river-cruises/2026/tulip-time#forward-direction_0,,,,,,,,,,,,,,
133499,2026,Europe,11,29-Mar-26,"Prague, Czech Republic","Budapest, Hungary",Romantic Danube ,AmaWaterways,AmaReina,,,,,Quote Available,Quote Available,Quote Available,Quote Available,https://www.amawaterways.au/Assets/Desktop/Cruises/MAP_2026_romantic-danube-prague.jpg,https://www.amawaterways.au/destination/europe-river-cruises/2026/romantic-danube#forward-direction_2,,,,,,,,,,,,,,
88009,2026,Europe,15,29-Mar-26,"Bilbao, Spain","Paris, France",Taste of Bordeaux ,AmaWaterways,AmaDolce,,,,,Quote Available,Quote Available,Quote Available,Quote Available,https://www.amawaterways.au/Assets/Desktop/Cruises/taste_of_bordeaux_basque_PRE_loire-paris_POST_2026.jpg,https://www.amawaterways.au/destination/europe-river-cruises/2026/taste-of-bordeaux#forward-direction_1,,,,,,,,,,,,,,
102649,2026,Europe,10,29-Mar-26,"Amsterdam, Netherlands","Amsterdam, Netherlands",Tulip Time ,AmaWaterways,AmaVenita,,,,,Quote Available,Quote Available,Quote Available,Quote Available,https://www.amawaterways.au/Assets/Desktop/Cruises/MAP_2025_Tulip%20Time_CO.jpg,https://www.amawaterways.au/destination/europe-river-cruises/2026/tulip-time#forward-direction_0,,,,,,,,,,,,,,
78914,2026,Europe,7,29-Mar-26,"Amsterdam, Netherlands","Amsterdam, Netherlands",Tulip Time  ,AmaWaterways,AmaSiena,,,,,Quote Available,Quote Available,Quote Available,Quote Available,https://www.amawaterways.au/Assets/Desktop/Cruises/MAP_2025_Tulip%20Time_CO.jpg,https://www.amawaterways.au/destination/europe-river-cruises/2026/tulip-time#forward-direction_0,,,,,,,,,,,,,,
19675,2026,Europe,13,30-Mar-26,"Budapest, Hungary","Prague, Czech Republic",Blue Danube Discovery ,AmaWaterways,AmaSonata,,,,,Quote Available,Quote Available,Quote Available,Quote Available,https://www.amawaterways.au/Assets/Desktop/Cruises/MAP_2026_Blue-Danube-Discovery.jpg,https://www.amawaterways.au/destination/europe-river-cruises/2026/blue-danube-discovery#forward-direction_1,,,,,,,,,,,,,,
87879,2026,Europe,14,30-Mar-26,"Barcelona, Spain","Paris, France",Colors of Provence  ,AmaWaterways,AmaKristina,,,,,Quote Available,Quote Available,Quote Available,Quote Available,https://www.amawaterways.au/Assets/Desktop/Cruises/MAP_2025_Colors%20of%20Provence_CL-PB.jpg,https://www.amawaterways.au/destination/europe-river-cruises/2026/colors-of-provence-wine-cruise#reverse-direction_1,,,,,,,,,,,,,,
216536,2026,Europe,7,30-Mar-26,"Budapest, Hungary","Giurgiu, Romania",Gems of Southeast Europe  ,AmaWaterways,AmaBella,,,,,Quote Available,Quote Available,Quote Available,Quote Available,https://www.amawaterways.au/Assets/Desktop/Cruises/MAP_2026-Gems-of-Southeast-Europe_Cruise-Only_Bud-Giurgiu_AJ.jpg,https://www.amawaterways.au/destination/europe-river-cruises/2026/gems-of-southeast-europe#forward-direction_0,,,,,,,,,,,,,,
148609,2026,Europe,7,30-Mar-26,"Budapest, Hungary","Vilshofen, Germany",Melodies of the Danube  ,AmaWaterways,AmaVerde,,,,,Quote Available,Quote Available,Quote Available,Quote Available,https://www.amawaterways.au/Assets/Desktop/Cruises/MAP_2026_melodies-of-danube-CO.jpg,https://www.amawaterways.au/destination/europe-river-cruises/2026/melodies-of-the-danube,,,,,,,,,,,,,,
80245,2026,Asia,7,30-Mar-26,"Siem Reap, Cambodia","Ho Chi Minh City, Vietnam",Riches of the Mekong  ,AmaWaterways,AmaDara,,,,,Quote Available,Quote Available,Quote Available,Quote Available,https://www.amawaterways.au/Assets/Desktop/Cruises/MAP_2026_Riches_Mekong_CO.jpg,https://www.amawaterways.au/destination/vietnam-cambodia-river-cruises/2026/riches-of-the-mekong#forward-direction_0,,,,,,,,,,,,,,
102672,2026,Europe,10,30-Mar-26,"Amsterdam, Netherlands","Amsterdam, Netherlands",Tulip Time ,AmaWaterways,AmaCerto,,,,,Quote Available,Quote Available,Quote Available,Quote Available,https://www.amawaterways.au/Assets/Desktop/Cruises/MAP_2025_Tulip%20Time_CO.jpg,https://www.amawaterways.au/destination/europe-river-cruises/2026/tulip-time#forward-direction_0,,,,,,,,,,,,,,
268808,2026,Europe,12,31-Mar-26,"Zurich, Switzerland","Amsterdam, Netherlands",Enchanting Rhine  ,AmaWaterways,AmaViola,,,,,Quote Available,Quote Available,Quote Available,Quote Available,https://www.amawaterways.au/Assets/Desktop/Cruises/MAP_2025_Enchanting%20Rhine_CL.jpg,https://www.amawaterways.au/destination/europe-river-cruises/2026/enchanting-rhine#forward-direction_1,,,,,,,,,,,,,,
19698,2026,Europe,11,31-Mar-26,"Lisbon, Portugal","Porto, Portugal",Enticing Douro ,AmaWaterways,AmaSintra,,,,,Quote Available,Quote Available,Quote Available,Quote Available,https://www.amawaterways.au/Assets/Desktop/Cruises/MAP_2025_Enticing%20Douro_CL.jpg,https://www.amawaterways.au/destination/europe-river-cruises/2026/enticing-douro#forward-direction_1,,,,,,,,,,,,,,
84539,2026,Europe,7,31-Mar-26,"Porto, Portugal","Porto, Portugal",Enticing Douro  ,AmaWaterways,AmaDouro,,,,,Quote Available,Quote Available,Quote Available,Quote Available,https://www.amawaterways.au/Assets/Desktop/Cruises/MAP_2025_Enticing%20Douro_CO.jpg,https://www.amawaterways.au/destination/europe-river-cruises/2026/enticing-douro#forward-direction_0,,,,,,,,,,,,,,
133509,2026,Europe,10,31-Mar-26,"Paris, France","Paris, France",Paris & Normandy ,AmaWaterways,AmaLyra,,,,,Quote Available,Quote Available,Quote Available,Quote Available,https://www.amawaterways.au/Assets/Desktop/Cruises/MAP_2025_Paris_Normandy_CO.jpg,https://www.amawaterways.au/destination/europe-river-cruises/2026/paris-normandy#forward-direction_0,,,,,,,,,,,,,,
104140,2026,Europe,10,31-Mar-26,"Amsterdam, Netherlands","Amsterdam, Netherlands",Tulip Time ,AmaWaterways,AmaLucia,,,,,Quote Available,Quote Available,Quote Available,Quote Available,https://www.amawaterways.au/Assets/Desktop/Cruises/MAP_2025_Tulip%20Time_CO.jpg,https://www.amawaterways.au/destination/europe-river-cruises/2026/tulip-time#forward-direction_0,,,,,,,,,,,,,,
78987,2026,Europe,7,31-Mar-26,"Amsterdam, Netherlands","Amsterdam, Netherlands",Tulip Time  ,AmaWaterways,AmaVenita,,,,,Quote Available,Quote Available,Quote Available,Quote Available,https://www.amawaterways.au/Assets/Desktop/Cruises/MAP_2025_Tulip%20Time_CO.jpg,https://www.amawaterways.au/destination/europe-river-cruises/2026/tulip-time#forward-direction_0,,,,,,,,,,,,,,
284772,2026,Europe,7,01-Apr-26,"Budapest, Hungary","Nuremberg, Germany",Blue Danube Discovery  ,AmaWaterways,AmaSonata,,,,,Quote Available,Quote Available,Quote Available,Quote Available,https://www.amawaterways.au/Assets/Desktop/Cruises/MAP_2025_Blue_Danube_Discovery_CO.jpg,https://www.amawaterways.au/destination/europe-river-cruises/2026/blue-danube-discovery#forward-direction_0,,,,,,,,,,,,,,
133653,2026,Europe,11,01-Apr-26,"Prague, Czech Republic","Budapest, Hungary",Romantic Danube ,AmaWaterways,AmaMora,,,,,Quote Available,Quote Available,Quote Available,Quote Available,https://www.amawaterways.au/Assets/Desktop/Cruises/MAP_2026_romantic-danube-prague.jpg,https://www.amawaterways.au/destination/europe-river-cruises/2026/romantic-danube#forward-direction_2,,,,,,,,,,,,,,
257865,2026,Europe,7,01-Apr-26,"Vilshofen, Germany","Budapest, Hungary",Romantic Danube  ,AmaWaterways,AmaReina,,,,,Quote Available,Quote Available,Quote Available,Quote Available,https://www.amawaterways.au/Assets/Desktop/Cruises/MAP_2026_romantic-danube-cruise-CO.jpg,https://www.amawaterways.au/destination/europe-river-cruises/2026/romantic-danube#forward-direction_0,,,,,,,,,,,,,,
104241,2026,Europe,10,01-Apr-26,"Amsterdam, Netherlands","Amsterdam, Netherlands",Tulip Time ,AmaWaterways,AmaSerena,,,,,Quote Available,Quote Available,Quote Available,Quote Available,https://www.amawaterways.au/Assets/Desktop/Cruises/MAP_2025_Tulip%20Time_CO.jpg,https://www.amawaterways.au/destination/europe-river-cruises/2026/tulip-time#forward-direction_0,,,,,,,,,,,,,,
79030,2026,Europe,7,01-Apr-26,"Amsterdam, Netherlands","Amsterdam, Netherlands",Tulip Time  ,AmaWaterways,AmaCerto,,,,,Quote Available,Quote Available,Quote Available,Quote Available,https://www.amawaterways.au/Assets/Desktop/Cruises/MAP_2025_Tulip%20Time_CO.jpg,https://www.amawaterways.au/destination/europe-river-cruises/2026/tulip-time#forward-direction_0,,,,,,,,,,,,,,
194007,2026,Europe,10,02-Apr-26,"Budapest, Hungary","Budapest, Hungary",Best of the Danube ,AmaWaterways,AmaLea,,,,,Quote Available,Quote Available,Quote Available,Quote Available,https://www.amawaterways.au/Assets/Desktop/Cruises/MAP_2026_CelebrationOfMusic_cruise-land.jpg,https://www.amawaterways.au/destination/europe-river-cruises/2026/best-of-the-danube#forward-direction_1,,,,,,,,,,,,,,
84793,2026,Europe,7,02-Apr-26,"Arles, France","Lyon, France",Colors of Provence  ,AmaWaterways,AmaKristina,,,,,Quote Available,Quote Available,Quote Available,Quote Available,https://www.amawaterways.au/Assets/Desktop/Cruises/MAP_2025_Colors%20of%20Provence_CO-LA.jpg,https://www.amawaterways.au/destination/europe-river-cruises/2026/colors-of-provence-wine-cruise#reverse-direction_0,,,,,,,,,,,,,,
193922,2026,Europe,14,02-Apr-26,"Bucharest, Romania","Vienna, Austria",Gems of Southeast Europe ,AmaWaterways,AmaBella,,,,,Quote Available,Quote Available,Quote Available,Quote Available,https://www.amawaterways.au/Assets/Desktop/Cruises/MAP_2026-Gems-of-Southeast-Europe_Full-Land_Vienna-Giurgiu-(AJ).jpg,https://www.amawaterways.au/destination/europe-river-cruises/2026/gems-of-southeast-europe#reverse-direction_1,,,,,,,,,,,,,,
256315,2026,Europe,22,02-Apr-26,"Giurgiu, Romania","Vilshofen, Germany",Grand Danube Cruise ,AmaWaterways,AmaBella,,,,,Quote Available,Quote Available,Quote Available,Quote Available,https://www.amawaterways.au/Assets/Desktop/Cruises/MAP_2025_Grand_Danube_CO-VG.jpg,https://www.amawaterways.au/destination/europe-river-cruises/2026/grand-danube-cruise#reverse-direction_3,,,,,,,,,,,,,,
134908,2026,Europe,7,02-Apr-26,"Paris, France","Paris, France",Paris & Normandy  ,AmaWaterways,AmaLyra,,,,,Quote Available,Quote Available,Quote Available,Quote Available,https://www.amawaterways.au/Assets/Desktop/Cruises/MAP_2025_Paris_Normandy_CO.jpg,https://www.amawaterways.au/destination/europe-river-cruises/2026/paris-normandy#forward-direction_0,,,,,,,,,,,,,,
32307,2026,Europe,10,02-Apr-26,"Munich, Germany","Budapest, Hungary",Romantic Danube ,AmaWaterways,AmaMora,,,,,Quote Available,Quote Available,Quote Available,Quote Available,https://www.amawaterways.au/Assets/Desktop/Cruises/MAP_2026_romantic-danube-munich.jpg,https://www.amawaterways.au/destination/europe-river-cruises/2026/romantic-danube#forward-direction_1,,,,,,,,,,,,,,
87935,2026,Europe,7,02-Apr-26,"Bordeaux, France","Bordeaux, France",Taste of Bordeaux  ,AmaWaterways,AmaDolce,,,,,Quote Available,Quote Available,Quote Available,Quote Available,https://www.amawaterways.au/Assets/Desktop/Cruises/MAP_Taste_of_Bordeaux_2026_CO.png,https://www.amawaterways.au/destination/europe-river-cruises/2026/taste-of-bordeaux#forward-direction_0,,,,,,,,,,,,,,
73327,2026,Europe,10,02-Apr-26,"Amsterdam, Netherlands","Amsterdam, Netherlands",Tulip Time ,AmaWaterways,AmaStella,,,,,Quote Available,Quote Available,Quote Available,Quote Available,https://www.amawaterways.au/Assets/Desktop/Cruises/MAP_2025_Tulip%20Time_CO.jpg,https://www.amawaterways.au/destination/europe-river-cruises/2026/tulip-time#forward-direction_0,,,,,,,,,,,,,,
79516,2026,Europe,7,02-Apr-26,"Amsterdam, Netherlands","Amsterdam, Netherlands",Tulip Time  ,AmaWaterways,AmaLucia,,,,,Quote Available,Quote Available,Quote Available,Quote Available,https://www.amawaterways.au/Assets/Desktop/Cruises/MAP_2025_Tulip%20Time_CO.jpg,https://www.amawaterways.au/destination/europe-river-cruises/2026/tulip-time#forward-direction_0,,,,,,,,,,,,,,
286479,2026,Europe,10,02-Apr-26,"Amsterdam, Netherlands","Amsterdam, Netherlands",Tulip Time  (Smithsonian Journey),AmaWaterways,AmaStella,,,,,Quote Available,Quote Available,Quote Available,Quote Available,https://www.amawaterways.au/Assets/Desktop/Cruises/MAP_2025_Tulip%20Time_CO.jpg,https://www.amawaterways.au/destination/europe-river-cruises/2026/tulip-time#forward-direction_0,,,,,,,,,,,,,,
84542,2026,Europe,7,03-Apr-26,"Porto, Portugal","Porto, Portugal",Enticing Douro  ,AmaWaterways,AmaSintra,,,,,Quote Available,Quote Available,Quote Available,Quote Available,https://www.amawaterways.au/Assets/Desktop/Cruises/MAP_2025_Enticing%20Douro_CO.jpg,https://www.amawaterways.au/destination/europe-river-cruises/2026/enticing-douro#forward-direction_0,,,,,,,,,,,,,,
79866,2026,Europe,7,03-Apr-26,"Amsterdam, Netherlands","Amsterdam, Netherlands",Tulip Time  ,AmaWaterways,AmaSerena,,,,,Quote Available,Quote Available,Quote Available,Quote Available,https://www.amawaterways.au/Assets/Desktop/Cruises/MAP_2025_Tulip%20Time_CO.jpg,https://www.amawaterways.au/destination/europe-river-cruises/2026/tulip-time#forward-direction_0,,,,,,,,,,,,,,
193986,2026,Europe,7,04-Apr-26,"Budapest, Hungary","Budapest, Hungary",Best of the Danube  ,AmaWaterways,AmaLea,,,,,Quote Available,Quote Available,Quote Available,Quote Available,https://www.amawaterways.au/Assets/Desktop/Cruises/MAP_2026-Celebration-of-music-cruise-only.jpg,https://www.amawaterways.au/destination/europe-river-cruises/2026/best-of-the-danube#forward-direction_0,,,,,,,,,,,,,,
105003,2026,Asia,16,04-Apr-26,"Ho Chi Minh City, Vietnam","Hanoi, Vietnam",Charms of the Mekong ,AmaWaterways,AmaDara,,,,,Quote Available,Quote Available,Quote Available,Quote Available,https://www.amawaterways.au/Assets/Desktop/Cruises/MAP_2026_Charms_Mekong_CL_full%20itin.jpg,https://www.amawaterways.au/destination/vietnam-cambodia-river-cruises/2026/charms-of-the-mekong#forward-direction_1,,,,,,,,,,,,,,
60137,2026,Europe,7,04-Apr-26,"Basel, Switzerland","Amsterdam, Netherlands",Enchanting Rhine  ,AmaWaterways,AmaViola,,,,,Quote Available,Quote Available,Quote Available,Quote Available,https://www.amawaterways.au/Assets/Desktop/Cruises/MAP_2025_Enchanting%20Rhine_CO.jpg,https://www.amawaterways.au/destination/europe-river-cruises/2026/enchanting-rhine#forward-direction_0,,,,,,,,,,,,,,
182385,2026,Europe,7,04-Apr-26,"Porto, Portugal","Vega Terrón, Spain",Flavors of Portugal & Spain  ,AmaWaterways,AmaVida,,,,,Quote Available,Quote Available,Quote Available,Quote Available,https://www.amawaterways.au/Assets/Desktop/Cruises/MAP_2025_Flavors_of_Port_Spain_CO-PV.jpg,https://www.amawaterways.au/destination/europe-river-cruises/2026/flavors-of-portugal-spain#forward-direction_0,,,,,,,,,,,,,,
16419,2026,Europe,7,04-Apr-26,"Le Havre, France","Paris, France",Impressions of the Seine & Paris  ,AmaWaterways,AmaDante,,,,,Quote Available,Quote Available,Quote Available,Quote Available,https://www.amawaterways.au/Assets/Desktop/Cruises/MAP_2026_Impressions%20of%20Seine_CO-PL.jpg,https://www.amawaterways.au/destination/europe-river-cruises/2026/impressions-of-the-seine-paris#reverse-direction_0,,,,,,,,,,,,,,
257945,2026,Europe,7,04-Apr-26,"Vilshofen, Germany","Budapest, Hungary",Romantic Danube  ,AmaWaterways,AmaMora,,,,,Quote Available,Quote Available,Quote Available,Quote Available,https://www.amawaterways.au/Assets/Desktop/Cruises/MAP_2026_romantic-danube-cruise-CO.jpg,https://www.amawaterways.au/destination/europe-river-cruises/2026/romantic-danube#forward-direction_0,,,,,,,,,,,,,,
77432,2026,Europe,7,04-Apr-26,"Amsterdam, Netherlands","Amsterdam, Netherlands",Tulip Time  ,AmaWaterways,AmaStella,,,,,Quote Available,Quote Available,Quote Available,Quote Available,https://www.amawaterways.au/Assets/Desktop/Cruises/MAP_2025_Tulip%20Time_CO.jpg,https://www.amawaterways.au/destination/europe-river-cruises/2026/tulip-time#forward-direction_0,,,,,,,,,,,,,,
286475,2026,Europe,7,04-Apr-26,"Amsterdam, Netherlands","Amsterdam, Netherlands","Tulip Time  (Smithsonian Journey, Cruise Only)",AmaWaterways,AmaStella,,,,,Quote Available,Quote Available,Quote Available,Quote Available,https://www.amawaterways.au/Assets/Desktop/Cruises/MAP_2025_Tulip%20Time_CO.jpg,https://www.amawaterways.au/destination/europe-river-cruises/2026/tulip-time#forward-direction_0,,,,,,,,,,,,,,
331157,2026,Europe,7,05-Apr-26,"Budapest, Hungary","Vilshofen, Germany",Magna On The Danube  ,AmaWaterways,AmaMagna,,,,,Quote Available,Quote Available,Quote Available,Quote Available,https://www.amawaterways.au/Assets/Desktop/Cruises/MAP_2026_danube-magna-cruise-BE-CO.jpg,https://www.amawaterways.au/destination/europe-river-cruises/2026/magna-on-the-danube#forward-direction_0,,,,,,,,,,,,,,
61143,2026,Europe,10,05-Apr-26,"Amsterdam, Netherlands","Amsterdam, Netherlands",Tulip Time ,AmaWaterways,AmaVenita,,,,,Quote Available,Quote Available,Quote Available,Quote Available,https://www.amawaterways.au/Assets/Desktop/Cruises/MAP_2025_Tulip%20Time_CO.jpg,https://www.amawaterways.au/destination/europe-river-cruises/2026/tulip-time#forward-direction_0,,,,,,,,,,,,,,
35052,2026,Asia,7,06-Apr-26,"Ho Chi Minh City, Vietnam","Siem Reap, Cambodia",Charms of the Mekong  ,AmaWaterways,AmaDara,,,,,Quote Available,Quote Available,Quote Available,Quote Available,https://www.amawaterways.au/Assets/Desktop/Cruises/MAP_2026_Charms_Mekong_CO.jpg,https://www.amawaterways.au/destination/vietnam-cambodia-river-cruises/2026/charms-of-the-mekong#forward-direction_0,,,,,,,,,,,,,,
193943,2026,Europe,7,06-Apr-26,"Giurgiu, Romania","Budapest, Hungary",Gems of Southeast Europe  ,AmaWaterways,AmaBella,,,,,Quote Available,Quote Available,Quote Available,Quote Available,https://www.amawaterways.au/Assets/Desktop/Cruises/MAP_2026-Gems-of-Southeast-Europe_Cruise-Only_Bud-Giurgiu_AJ.jpg,https://www.amawaterways.au/destination/europe-river-cruises/2026/gems-of-southeast-europe#reverse-direction_0,,,,,,,,,,,,,,
254823,2026,Europe,15,06-Apr-26,"Giurgiu, Romania","Vilshofen, Germany",Grand Danube Cruise  ,AmaWaterways,AmaBella,,,,,Quote Available,Quote Available,Quote Available,Quote Available,https://www.amawaterways.au/Assets/Desktop/Cruises/MAP_2025_Grand_Danube_CO-VG.jpg,https://www.amawaterways.au/destination/europe-river-cruises/2026/grand-danube-cruise#reverse-direction_3,,,,,,,,,,,,,,
193531,2026,Europe,13,06-Apr-26,"Budapest, Hungary","Prague, Czech Republic",Melodies of the Danube ,AmaWaterways,AmaReina,,,,,Quote Available,Quote Available,Quote Available,Quote Available,https://www.amawaterways.au/Assets/Desktop/Cruises/MAP_2026_melodies-of-danube-cruise.jpg,https://www.amawaterways.au/destination/europe-river-cruises/2026/melodies-of-the-danube#forward-direction_1,,,,,,,,,,,,,,
104279,2026,Europe,10,06-Apr-26,"Amsterdam, Netherlands","Amsterdam, Netherlands",Tulip Time ,AmaWaterways,AmaCerto,,,,,Quote Available,Quote Available,Quote Available,Quote Available,https://www.amawaterways.au/Assets/Desktop/Cruises/MAP_2025_Tulip%20Time_CO.jpg,https://www.amawaterways.au/destination/europe-river-cruises/2026/tulip-time#forward-direction_0,,,,,,,,,,,,,,
20613,2026,Europe,11,07-Apr-26,"Lisbon, Portugal","Porto, Portugal",Enticing Douro ,AmaWaterways,AmaSintra,,,,,Quote Available,Quote Available,Quote Available,Quote Available,https://www.amawaterways.au/Assets/Desktop/Cruises/MAP_2025_Enticing%20Douro_CL.jpg,https://www.amawaterways.au/destination/europe-river-cruises/2026/enticing-douro#forward-direction_1,,,,,,,,,,,,,,
87590,2026,Europe,10,07-Apr-26,"Paris, France","Paris, France",Paris & Normandy ,AmaWaterways,AmaLyra,,,,,Quote Available,Quote Available,Quote Available,Quote Available,https://www.amawaterways.au/Assets/Desktop/Cruises/MAP_2025_Paris_Normandy_CO.jpg,https://www.amawaterways.au/destination/europe-river-cruises/2026/paris-normandy#forward-direction_0,,,,,,,,,,,,,,
195562,2026,Asia,16,07-Apr-26,"Hanoi, Vietnam","Ho Chi Minh City, Vietnam",Riches of the Mekong ,AmaWaterways,AmaDara,,,,,Quote Available,Quote Available,Quote Available,Quote Available,https://www.amawaterways.au/Assets/Desktop/Cruises/MAP_2026_Riches_Mekong_CL_full-itin-nopost.jpg,https://www.amawaterways.au/destination/vietnam-cambodia-river-cruises/2026/riches-of-the-mekong#forward-direction_1,,,,,,,,,,,,,,
76031,2026,Europe,10,07-Apr-26,"Amsterdam, Netherlands","Amsterdam, Netherlands",Tulip Time ,AmaWaterways,AmaLucia,,,,,Quote Available,Quote Available,Quote Available,Quote Available,https://www.amawaterways.au/Assets/Desktop/Cruises/MAP_2025_Tulip%20Time_CO.jpg,https://www.amawaterways.au/destination/europe-river-cruises/2026/tulip-time#forward-direction_0,,,,,,,,,,,,,,
60886,2026,Europe,7,07-Apr-26,"Amsterdam, Netherlands","Amsterdam, Netherlands",Tulip Time  ,AmaWaterways,AmaVenita,,,,,Quote Available,Quote Available,Quote Available,Quote Available,https://www.amawaterways.au/Assets/Desktop/Cruises/MAP_2025_Tulip%20Time_CO.jpg,https://www.amawaterways.au/destination/europe-river-cruises/2026/tulip-time#forward-direction_0,,,,,,,,,,,,,,
286480,2026,Europe,10,07-Apr-26,"Amsterdam, Netherlands","Amsterdam, Netherlands",Tulip Time  (Smithsonian Journey),AmaWaterways,AmaLucia,,,,,Quote Available,Quote Available,Quote Available,Quote Available,https://www.amawaterways.au/Assets/Desktop/Cruises/MAP_2025_Tulip%20Time_CO.jpg,https://www.amawaterways.au/destination/europe-river-cruises/2026/tulip-time#forward-direction_0,,,,,,,,,,,,,,
257227,2026,Europe,14,08-Apr-26,"Madrid, Spain","Lisbon, Portugal",Flavors of Portugal & Spain ,AmaWaterways,AmaVida,,,,,Quote Available,Quote Available,Quote Available,Quote Available,https://www.amawaterways.au/Assets/Desktop/Cruises/MAP_2025_Flavors%20of%20Port&Spain_CL-LM.jpg,https://www.amawaterways.au/destination/europe-river-cruises/2026/flavors-of-portugal-spain#reverse-direction_1,,,,,,,,,,,,,,
148610,2026,Europe,7,08-Apr-26,"Budapest, Hungary","Vilshofen, Germany",Melodies of the Danube  ,AmaWaterways,AmaReina,,,,,Quote Available,Quote Available,Quote Available,Quote Available,https://www.amawaterways.au/Assets/Desktop/Cruises/MAP_2026_melodies-of-danube-CO.jpg,https://www.amawaterways.au/destination/europe-river-cruises/2026/melodies-of-the-danube,,,,,,,,,,,,,,
106136,2026,Europe,10,08-Apr-26,"Amsterdam, Netherlands","Amsterdam, Netherlands",Tulip Time ,AmaWaterways,AmaSerena,,,,,Quote Available,Quote Available,Quote Available,Quote Available,https://www.amawaterways.au/Assets/Desktop/Cruises/MAP_2025_Tulip%20Time_CO.jpg,https://www.amawaterways.au/destination/europe-river-cruises/2026/tulip-time#forward-direction_0,,,,,,,,,,,,,,
80139,2026,Europe,7,08-Apr-26,"Amsterdam, Netherlands","Amsterdam, Netherlands",Tulip Time  ,AmaWaterways,AmaCerto,,,,,Quote Available,Quote Available,Quote Available,Quote Available,https://www.amawaterways.au/Assets/Desktop/Cruises/MAP_2025_Tulip%20Time_CO.jpg,https://www.amawaterways.au/destination/europe-river-cruises/2026/tulip-time#forward-direction_0,,,,,,,,,,,,,,
194009,2026,Europe,10,09-Apr-26,"Budapest, Hungary","Budapest, Hungary",Best of the Danube ,AmaWaterways,AmaLea,,,,,Quote Available,Quote Available,Quote Available,Quote Available,https://www.amawaterways.au/Assets/Desktop/Cruises/MAP_2026_CelebrationOfMusic_cruise-land.jpg,https://www.amawaterways.au/destination/europe-river-cruises/2026/best-of-the-danube#forward-direction_1,,,,,,,,,,,,,,
103899,2026,Europe,14,09-Apr-26,"Amsterdam, Netherlands","Zurich, Switzerland",Captivating Rhine ,AmaWaterways,AmaViola,,,,,Quote Available,Quote Available,Quote Available,Quote Available,https://www.amawaterways.au/Assets/Desktop/Cruises/MAP_2025_Captivating%20Rhine_CL.jpg,https://www.amawaterways.au/destination/europe-river-cruises/2026/captivating-rhine#forward-direction_1,,,,,,,,,,,,,,
193533,2026,Europe,13,09-Apr-26,"Budapest, Hungary","Prague, Czech Republic",Melodies of the Danube ,AmaWaterways,AmaMora,,,,,Quote Available,Quote Available,Quote Available,Quote Available,https://www.amawaterways.au/Assets/Desktop/Cruises/MAP_2026_melodies-of-danube-cruise.jpg,https://www.amawaterways.au/destination/europe-river-cruises/2026/melodies-of-the-danube#forward-direction_1,,,,,,,,,,,,,,
87471,2026,Europe,7,09-Apr-26,"Paris, France","Paris, France",Paris & Normandy  ,AmaWaterways,AmaLyra,,,,,Quote Available,Quote Available,Quote Available,Quote Available,https://www.amawaterways.au/Assets/Desktop/Cruises/MAP_2025_Paris_Normandy_CO.jpg,https://www.amawaterways.au/destination/europe-river-cruises/2026/paris-normandy#forward-direction_0,,,,,,,,,,,,,,
77531,2026,Europe,7,09-Apr-26,"Amsterdam, Netherlands","Amsterdam, Netherlands",Tulip Time  ,AmaWaterways,AmaLucia,,,,,Quote Available,Quote Available,Quote Available,Quote Available,https://www.amawaterways.au/Assets/Desktop/Cruises/MAP_2025_Tulip%20Time_CO.jpg,https://www.amawaterways.au/destination/europe-river-cruises/2026/tulip-time#forward-direction_0,,,,,,,,,,,,,,
286476,2026,Europe,7,09-Apr-26,"Amsterdam, Netherlands","Amsterdam, Netherlands","Tulip Time  (Smithsonian Journey, Cruise Only)",AmaWaterways,AmaLucia,,,,,Quote Available,Quote Available,Quote Available,Quote Available,https://www.amawaterways.au/Assets/Desktop/Cruises/MAP_2025_Tulip%20Time_CO.jpg,https://www.amawaterways.au/destination/europe-river-cruises/2026/tulip-time#forward-direction_0,,,,,,,,,,,,,,
84544,2026,Europe,7,10-Apr-26,"Porto, Portugal","Porto, Portugal",Enticing Douro  ,AmaWaterways,AmaSintra,,,,,Quote Available,Quote Available,Quote Available,Quote Available,https://www.amawaterways.au/Assets/Desktop/Cruises/MAP_2025_Enticing%20Douro_CO.jpg,https://www.amawaterways.au/destination/europe-river-cruises/2026/enticing-douro#forward-direction_0,,,,,,,,,,,,,,
76433,2026,Europe,10,10-Apr-26,"Amsterdam, Netherlands","Amsterdam, Netherlands",Tulip Time ,AmaWaterways,AmaSiena,,,,,Quote Available,Quote Available,Quote Available,Quote Available,https://www.amawaterways.au/Assets/Desktop/Cruises/MAP_2025_Tulip%20Time_CO.jpg,https://www.amawaterways.au/destination/europe-river-cruises/2026/tulip-time#forward-direction_0,,,,,,,,,,,,,,
80371,2026,Europe,7,10-Apr-26,"Amsterdam, Netherlands","Amsterdam, Netherlands",Tulip Time  ,AmaWaterways,AmaSerena,,,,,Quote Available,Quote Available,Quote Available,Quote Available,https://www.amawaterways.au/Assets/Desktop/Cruises/MAP_2025_Tulip%20Time_CO.jpg,https://www.amawaterways.au/destination/europe-river-cruises/2026/tulip-time#forward-direction_0,,,,,,,,,,,,,,
286481,2026,Europe,10,10-Apr-26,"Amsterdam, Netherlands","Amsterdam, Netherlands",Tulip Time  (Smithsonian Journey),AmaWaterways,AmaSiena,,,,,Quote Available,Quote Available,Quote Available,Quote Available,https://www.amawaterways.au/Assets/Desktop/Cruises/MAP_2025_Tulip%20Time_CO.jpg,https://www.amawaterways.au/destination/europe-river-cruises/2026/tulip-time#forward-direction_0,,,,,,,,,,,,,,
193987,2026,Europe,7,11-Apr-26,"Budapest, Hungary","Budapest, Hungary",Best of the Danube  ,AmaWaterways,AmaLea,,,,,Quote Available,Quote Available,Quote Available,Quote Available,https://www.amawaterways.au/Assets/Desktop/Cruises/MAP_2026-Celebration-of-music-cruise-only.jpg,https://www.amawaterways.au/destination/europe-river-cruises/2026/best-of-the-danube#forward-direction_0,,,,,,,,,,,,,,
28450,2026,Europe,7,11-Apr-26,"Amsterdam, Netherlands","Basel, Switzerland",Captivating Rhine  ,AmaWaterways,AmaViola,,,,,Quote Available,Quote Available,Quote Available,Quote Available,https://www.amawaterways.au/Assets/Desktop/Cruises/MAP_2025_Captivating%20Rhine_CO.jpg,https://www.amawaterways.au/destination/europe-river-cruises/2026/captivating-rhine#forward-direction_0,,,,,,,,,,,,,,
256488,2026,Europe,7,11-Apr-26,"Vega Terrón, Spain","Porto, Portugal",Flavors of Portugal & Spain  ,AmaWaterways,AmaVida,,,,,Quote Available,Quote Available,Quote Available,Quote Available,https://www.amawaterways.au/Assets/Desktop/Cruises/MAP_2025_Flavors_of_Port_Spain_CO-PV.jpg,https://www.amawaterways.au/destination/europe-river-cruises/2026/flavors-of-portugal-spain#reverse-direction_0,,,,,,,,,,,,,,
193534,2026,Europe,13,11-Apr-26,"Budapest, Hungary","Prague, Czech Republic",Melodies of the Danube ,AmaWaterways,AmaBella,,,,,Quote Available,Quote Available,Quote Available,Quote Available,https://www.amawaterways.au/Assets/Desktop/Cruises/MAP_2026_melodies-of-danube-cruise.jpg,https://www.amawaterways.au/destination/europe-river-cruises/2026/melodies-of-the-danube#forward-direction_1,,,,,,,,,,,,,,
149232,2026,Europe,7,11-Apr-26,"Budapest, Hungary","Vilshofen, Germany",Melodies of the Danube  ,AmaWaterways,AmaMora,,,,,Quote Available,Quote Available,Quote Available,Quote Available,https://www.amawaterways.au/Assets/Desktop/Cruises/MAP_2026_melodies-of-danube-CO.jpg,https://www.amawaterways.au/destination/europe-river-cruises/2026/melodies-of-the-danube,,,,,,,,,,,,,,
33373,2026,Europe,7,12-Apr-26,"Vilshofen, Germany","Budapest, Hungary",Magna On The Danube  ,AmaWaterways,AmaMagna,,,,,Quote Available,Quote Available,Quote Available,Quote Available,https://www.amawaterways.au/Assets/Desktop/Cruises/MAP_2026_danube-magna-cruise-BE-CO.jpg,https://www.amawaterways.au/destination/europe-river-cruises/2026/magna-on-the-danube#reverse-direction_0,,,,,,,,,,,,,,
133794,2026,Europe,11,12-Apr-26,"Prague, Czech Republic","Budapest, Hungary",Romantic Danube ,AmaWaterways,AmaReina,,,,,Quote Available,Quote Available,Quote Available,Quote Available,https://www.amawaterways.au/Assets/Desktop/Cruises/MAP_2026_romantic-danube-prague.jpg,https://www.amawaterways.au/destination/europe-river-cruises/2026/romantic-danube#forward-direction_2,,,,,,,,,,,,,,
88071,2026,Europe,15,12-Apr-26,"Bilbao, Spain","Paris, France",Taste of Bordeaux  ,AmaWaterways,AmaDolce,,,,,Quote Available,Quote Available,Quote Available,Quote Available,https://www.amawaterways.au/Assets/Desktop/Cruises/taste_of_bordeaux_basque_PRE_loire-paris_POST_2026.jpg,https://www.amawaterways.au/destination/europe-river-cruises/2026/taste-of-bordeaux#forward-direction_1,,,,,,,,,,,,,,
61321,2026,Europe,10,12-Apr-26,"Amsterdam, Netherlands","Amsterdam, Netherlands",Tulip Time ,AmaWaterways,AmaVenita,,,,,Quote Available,Quote Available,Quote Available,Quote Available,https://www.amawaterways.au/Assets/Desktop/Cruises/MAP_2025_Tulip%20Time_CO.jpg,https://www.amawaterways.au/destination/europe-river-cruises/2026/tulip-time#forward-direction_0,,,,,,,,,,,,,,
77668,2026,Europe,7,12-Apr-26,"Amsterdam, Netherlands","Amsterdam, Netherlands",Tulip Time  ,AmaWaterways,AmaSiena,,,,,Quote Available,Quote Available,Quote Available,Quote Available,https://www.amawaterways.au/Assets/Desktop/Cruises/MAP_2025_Tulip%20Time_CO.jpg,https://www.amawaterways.au/destination/europe-river-cruises/2026/tulip-time#forward-direction_0,,,,,,,,,,,,,,
286477,2026,Europe,7,12-Apr-26,"Amsterdam, Netherlands","Amsterdam, Netherlands","Tulip Time  (Smithsonian Journey, Cruise Only)",AmaWaterways,AmaSiena,,,,,Quote Available,Quote Available,Quote Available,Quote Available,https://www.amawaterways.au/Assets/Desktop/Cruises/MAP_2025_Tulip%20Time_CO.jpg,https://www.amawaterways.au/destination/europe-river-cruises/2026/tulip-time#forward-direction_0,,,,,,,,,,,,,,
20119,2026,Europe,13,13-Apr-26,"Budapest, Hungary","Prague, Czech Republic",Blue Danube Discovery ,AmaWaterways,AmaSonata,,,,,Quote Available,Quote Available,Quote Available,Quote Available,https://www.amawaterways.au/Assets/Desktop/Cruises/MAP_2026_Blue-Danube-Discovery.jpg,https://www.amawaterways.au/destination/europe-river-cruises/2026/blue-danube-discovery#forward-direction_1,,,,,,,,,,,,,,
87810,2026,Europe,14,13-Apr-26,"Barcelona, Spain","Paris, France",Colors of Provence ,AmaWaterways,AmaKristina,,,,,Quote Available,Quote Available,Quote Available,Quote Available,https://www.amawaterways.au/Assets/Desktop/Cruises/MAP_2025_Colors%20of%20Provence_CL-PB.jpg,https://www.amawaterways.au/destination/europe-river-cruises/2026/colors-of-provence#reverse-direction_1,,,,,,,,,,,,,,
216537,2026,Europe,7,13-Apr-26,"Budapest, Hungary","Giurgiu, Romania",Gems of Southeast Europe  ,AmaWaterways,AmaVerde,,,,,Quote Available,Quote Available,Quote Available,Quote Available,https://www.amawaterways.au/Assets/Desktop/Cruises/MAP_2026-Gems-of-Southeast-Europe_Cruise-Only_Bud-Giurgiu_AJ.jpg,https://www.amawaterways.au/destination/europe-river-cruises/2026/gems-of-southeast-europe#forward-direction_0,,,,,,,,,,,,,,
155983,2026,Europe,7,13-Apr-26,"Budapest, Hungary","Vilshofen, Germany",Melodies of the Danube  ,AmaWaterways,AmaBella,,,,,Quote Available,Quote Available,Quote Available,Quote Available,https://www.amawaterways.au/Assets/Desktop/Cruises/MAP_2026_melodies-of-danube-CO.jpg,https://www.amawaterways.au/destination/europe-river-cruises/2026/melodies-of-the-danube,,,,,,,,,,,,,,
80332,2026,Asia,7,13-Apr-26,"Siem Reap, Cambodia","Ho Chi Minh City, Vietnam",Riches of the Mekong  ,AmaWaterways,AmaDara,,,,,Quote Available,Quote Available,Quote Available,Quote Available,https://www.amawaterways.au/Assets/Desktop/Cruises/MAP_2026_Riches_Mekong_CO.jpg,https://www.amawaterways.au/destination/vietnam-cambodia-river-cruises/2026/riches-of-the-mekong#forward-direction_0,,,,,,,,,,,,,,
32308,2026,Europe,10,13-Apr-26,"Munich, Germany","Budapest, Hungary",Romantic Danube ,AmaWaterways,AmaReina,,,,,Quote Available,Quote Available,Quote Available,Quote Available,https://www.amawaterways.au/Assets/Desktop/Cruises/MAP_2026_romantic-danube-munich.jpg,https://www.amawaterways.au/destination/europe-river-cruises/2026/romantic-danube#forward-direction_1,,,,,,,,,,,,,,
106283,2026,Europe,10,13-Apr-26,"Amsterdam, Netherlands","Amsterdam, Netherlands",Tulip Time ,AmaWaterways,AmaCerto,,,,,Quote Available,Quote Available,Quote Available,Quote Available,https://www.amawaterways.au/Assets/Desktop/Cruises/MAP_2025_Tulip%20Time_CO.jpg,https://www.amawaterways.au/destination/europe-river-cruises/2026/tulip-time#forward-direction_0,,,,,,,,,,,,,,
268809,2026,Europe,12,14-Apr-26,"Zurich, Switzerland","Amsterdam, Netherlands",Enchanting Rhine  ,AmaWaterways,AmaViola,,,,,Quote Available,Quote Available,Quote Available,Quote Available,https://www.amawaterways.au/Assets/Desktop/Cruises/MAP_2025_Enchanting%20Rhine_CL.jpg,https://www.amawaterways.au/destination/europe-river-cruises/2026/enchanting-rhine#forward-direction_1,,,,,,,,,,,,,,
22607,2026,Europe,11,14-Apr-26,"Lisbon, Portugal","Porto, Portugal",Enticing Douro ,AmaWaterways,AmaSintra,,,,,Quote Available,Quote Available,Quote Available,Quote Available,https://www.amawaterways.au/Assets/Desktop/Cruises/MAP_2025_Enticing%20Douro_CL.jpg,https://www.amawaterways.au/destination/europe-river-cruises/2026/enticing-douro#forward-direction_1,,,,,,,,,,,,,,
76514,2026,Europe,10,14-Apr-26,"Amsterdam, Netherlands","Amsterdam, Netherlands",Tulip Time ,AmaWaterways,AmaLucia,,,,,Quote Available,Quote Available,Quote Available,Quote Available,https://www.amawaterways.au/Assets/Desktop/Cruises/MAP_2025_Tulip%20Time_CO.jpg,https://www.amawaterways.au/destination/europe-river-cruises/2026/tulip-time#forward-direction_0,,,,,,,,,,,,,,
60923,2026,Europe,7,14-Apr-26,"Amsterdam, Netherlands","Amsterdam, Netherlands",Tulip Time  ,AmaWaterways,AmaVenita,,,,,Quote Available,Quote Available,Quote Available,Quote Available,https://www.amawaterways.au/Assets/Desktop/Cruises/MAP_2025_Tulip%20Time_CO.jpg,https://www.amawaterways.au/destination/europe-river-cruises/2026/tulip-time#forward-direction_0,,,,,,,,,,,,,,
286482,2026,Europe,10,14-Apr-26,"Amsterdam, Netherlands","Amsterdam, Netherlands",Tulip Time  (Smithsonian Journey),AmaWaterways,AmaLucia,,,,,Quote Available,Quote Available,Quote Available,Quote Available,https://www.amawaterways.au/Assets/Desktop/Cruises/MAP_2025_Tulip%20Time_CO.jpg,https://www.amawaterways.au/destination/europe-river-cruises/2026/tulip-time#forward-direction_0,,,,,,,,,,,,,,
284773,2026,Europe,7,15-Apr-26,"Budapest, Hungary","Nuremberg, Germany",Blue Danube Discovery  ,AmaWaterways,AmaSonata,,,,,Quote Available,Quote Available,Quote Available,Quote Available,https://www.amawaterways.au/Assets/Desktop/Cruises/MAP_2025_Blue_Danube_Discovery_CO.jpg,https://www.amawaterways.au/destination/europe-river-cruises/2026/blue-danube-discovery#forward-direction_0,,,,,,,,,,,,,,
133921,2026,Europe,11,15-Apr-26,"Prague, Czech Republic","Budapest, Hungary",Romantic Danube ,AmaWaterways,AmaMora,,,,,Quote Available,Quote Available,Quote Available,Quote Available,https://www.amawaterways.au/Assets/Desktop/Cruises/MAP_2026_romantic-danube-prague.jpg,https://www.amawaterways.au/destination/europe-river-cruises/2026/romantic-danube#forward-direction_2,,,,,,,,,,,,,,
257946,2026,Europe,7,15-Apr-26,"Vilshofen, Germany","Budapest, Hungary",Romantic Danube  ,AmaWaterways,AmaReina,,,,,Quote Available,Quote Available,Quote Available,Quote Available,https://www.amawaterways.au/Assets/Desktop/Cruises/MAP_2026_romantic-danube-cruise-CO.jpg,https://www.amawaterways.au/destination/europe-river-cruises/2026/romantic-danube#forward-direction_0,,,,,,,,,,,,,,
106325,2026,Europe,10,15-Apr-26,"Amsterdam, Netherlands","Amsterdam, Netherlands",Tulip Time ,AmaWaterways,AmaSerena,,,,,Quote Available,Quote Available,Quote Available,Quote Available,https://www.amawaterways.au/Assets/Desktop/Cruises/MAP_2025_Tulip%20Time_CO.jpg,https://www.amawaterways.au/destination/europe-river-cruises/2026/tulip-time#forward-direction_0,,,,,,,,,,,,,,
80504,2026,Europe,7,15-Apr-26,"Amsterdam, Netherlands","Amsterdam, Netherlands",Tulip Time  ,AmaWaterways,AmaCerto,,,,,Quote Available,Quote Available,Quote Available,Quote Available,https://www.amawaterways.au/Assets/Desktop/Cruises/MAP_2025_Tulip%20Time_CO.jpg,https://www.amawaterways.au/destination/europe-river-cruises/2026/tulip-time#forward-direction_0,,,,,,,,,,,,,,
87788,2026,Europe,7,16-Apr-26,"Arles, France","Lyon, France",Colors of Provence  ,AmaWaterways,AmaKristina,,,,,Quote Available,Quote Available,Quote Available,Quote Available,https://www.amawaterways.au/Assets/Desktop/Cruises/MAP_2025_Colors%20of%20Provence_CO-LA.jpg,https://www.amawaterways.au/destination/europe-river-cruises/2026/colors-of-provence#reverse-direction_0,,,,,,,,,,,,,,
193923,2026,Europe,14,16-Apr-26,"Bucharest, Romania","Vienna, Austria",Gems of Southeast Europe ,AmaWaterways,AmaVerde,,,,,Quote Available,Quote Available,Quote Available,Quote Available,https://www.amawaterways.au/Assets/Desktop/Cruises/MAP_2026-Gems-of-Southeast-Europe_Full-Land_Vienna-Giurgiu-(AJ).jpg,https://www.amawaterways.au/destination/europe-river-cruises/2026/gems-of-southeast-europe#reverse-direction_1,,,,,,,,,,,,,,
256316,2026,Europe,22,16-Apr-26,"Giurgiu, Romania","Vilshofen, Germany",Grand Danube Cruise ,AmaWaterways,AmaVerde,,,,,Quote Available,Quote Available,Quote Available,Quote Available,https://www.amawaterways.au/Assets/Desktop/Cruises/MAP_2025_Grand_Danube_CO-VG.jpg,https://www.amawaterways.au/destination/europe-river-cruises/2026/grand-danube-cruise#reverse-direction_3,,,,,,,,,,,,,,
11660,2026,Europe,20,16-Apr-26,"Paris, France","Paris, France",Grand Seine & Bordeaux ,AmaWaterways,AmaLyra,,,,,Quote Available,Quote Available,Quote Available,Quote Available,https://www.amawaterways.au/Assets/Desktop/Cruises/grand_seine_bordeaux_map_2025.jpg,https://www.amawaterways.au/destination/europe-river-cruises/2026/grand-seine-bordeaux#forward-direction_1,,,,,,,,,,,,,,
11755,2026,Europe,15,16-Apr-26,"Paris, France","Bordeaux, France",Grand Seine & Bordeaux  ,AmaWaterways,AmaLyra,,,,,Quote Available,Quote Available,Quote Available,Quote Available,https://www.amawaterways.au/Assets/Desktop/Cruises/grand_seine_bordeaux_map_CO_2025.jpg,https://www.amawaterways.au/destination/europe-river-cruises/2026/grand-seine-bordeaux#forward-direction_0,,,,,,,,,,,,,,
193536,2026,Europe,13,16-Apr-26,"Budapest, Hungary","Prague, Czech Republic",Melodies of the Danube ,AmaWaterways,AmaLea,,,,,Quote Available,Quote Available,Quote Available,Quote Available,https://www.amawaterways.au/Assets/Desktop/Cruises/MAP_2026_melodies-of-danube-cruise.jpg,https://www.amawaterways.au/destination/europe-river-cruises/2026/melodies-of-the-danube#forward-direction_1,,,,,,,,,,,,,,
87594,2026,Europe,10,16-Apr-26,"Paris, France","Paris, France",Paris & Normandy ,AmaWaterways,AmaDante,,,,,Quote Available,Quote Available,Quote Available,Quote Available,https://www.amawaterways.au/Assets/Desktop/Cruises/MAP_2025_Paris_Normandy_CO.jpg,https://www.amawaterways.au/destination/europe-river-cruises/2026/paris-normandy#forward-direction_0,,,,,,,,,,,,,,
32310,2026,Europe,10,16-Apr-26,"Munich, Germany","Budapest, Hungary",Romantic Danube ,AmaWaterways,AmaMora,,,,,Quote Available,Quote Available,Quote Available,Quote Available,https://www.amawaterways.au/Assets/Desktop/Cruises/MAP_2026_romantic-danube-munich.jpg,https://www.amawaterways.au/destination/europe-river-cruises/2026/romantic-danube#forward-direction_1,,,,,,,,,,,,,,
88054,2026,Europe,7,16-Apr-26,"Bordeaux, France","Bordeaux, France",Taste of Bordeaux  ,AmaWaterways,AmaDolce,,,,,Quote Available,Quote Available,Quote Available,Quote Available,https://www.amawaterways.au/Assets/Desktop/Cruises/MAP_Taste_of_Bordeaux_2026_CO.png,https://www.amawaterways.au/destination/europe-river-cruises/2026/taste-of-bordeaux#forward-direction_0,,,,,,,,,,,,,,
106348,2026,Europe,10,16-Apr-26,"Amsterdam, Netherlands","Amsterdam, Netherlands",Tulip Time ,AmaWaterways,AmaStella,,,,,Quote Available,Quote Available,Quote Available,Quote Available,https://www.amawaterways.au/Assets/Desktop/Cruises/MAP_2025_Tulip%20Time_CO.jpg,https://www.amawaterways.au/destination/europe-river-cruises/2026/tulip-time#forward-direction_0,,,,,,,,,,,,,,
79926,2026,Europe,7,16-Apr-26,"Amsterdam, Netherlands","Amsterdam, Netherlands",Tulip Time  ,AmaWaterways,AmaLucia,,,,,Quote Available,Quote Available,Quote Available,Quote Available,https://www.amawaterways.au/Assets/Desktop/Cruises/MAP_2025_Tulip%20Time_CO.jpg,https://www.amawaterways.au/destination/europe-river-cruises/2026/tulip-time#forward-direction_0,,,,,,,,,,,,,,
286478,2026,Europe,7,16-Apr-26,"Amsterdam, Netherlands","Amsterdam, Netherlands","Tulip Time  (Smithsonian Journey, Cruise Only)",AmaWaterways,AmaLucia,,,,,Quote Available,Quote Available,Quote Available,Quote Available,https://www.amawaterways.au/Assets/Desktop/Cruises/MAP_2025_Tulip%20Time_CO.jpg,https://www.amawaterways.au/destination/europe-river-cruises/2026/tulip-time#forward-direction_0,,,,,,,,,,,,,,
84548,2026,Europe,7,17-Apr-26,"Porto, Portugal","Porto, Portugal",Enticing Douro  ,AmaWaterways,AmaSintra,,,,,Quote Available,Quote Available,Quote Available,Quote Available,https://www.amawaterways.au/Assets/Desktop/Cruises/MAP_2025_Enticing%20Douro_CO.jpg,https://www.amawaterways.au/destination/europe-river-cruises/2026/enticing-douro#forward-direction_0,,,,,,,,,,,,,,
106630,2026,Europe,10,17-Apr-26,"Amsterdam, Netherlands","Amsterdam, Netherlands",Tulip Time ,AmaWaterways,AmaSiena,,,,,Quote Available,Quote Available,Quote Available,Quote Available,https://www.amawaterways.au/Assets/Desktop/Cruises/MAP_2025_Tulip%20Time_CO.jpg,https://www.amawaterways.au/destination/europe-river-cruises/2026/tulip-time#forward-direction_0,,,,,,,,,,,,,,
81100,2026,Europe,7,17-Apr-26,"Amsterdam, Netherlands","Amsterdam, Netherlands",Tulip Time  ,AmaWaterways,AmaSerena,,,,,Quote Available,Quote Available,Quote Available,Quote Available,https://www.amawaterways.au/Assets/Desktop/Cruises/MAP_2025_Tulip%20Time_CO.jpg,https://www.amawaterways.au/destination/europe-river-cruises/2026/tulip-time#forward-direction_0,,,,,,,,,,,,,,
105077,2026,Asia,16,18-Apr-26,"Ho Chi Minh City, Vietnam","Hanoi, Vietnam",Charms of the Mekong ,AmaWaterways,AmaDara,,,,,Quote Available,Quote Available,Quote Available,Quote Available,https://www.amawaterways.au/Assets/Desktop/Cruises/MAP_2026_Charms_Mekong_CL_full%20itin.jpg,https://www.amawaterways.au/destination/vietnam-cambodia-river-cruises/2026/charms-of-the-mekong#forward-direction_1,,,,,,,,,,,,,,
60588,2026,Europe,7,18-Apr-26,"Basel, Switzerland","Amsterdam, Netherlands",Enchanting Rhine  ,AmaWaterways,AmaViola,,,,,Quote Available,Quote Available,Quote Available,Quote Available,https://www.amawaterways.au/Assets/Desktop/Cruises/MAP_2025_Enchanting%20Rhine_CO.jpg,https://www.amawaterways.au/destination/europe-river-cruises/2026/enchanting-rhine#forward-direction_0,,,,,,,,,,,,,,
156351,2026,Europe,7,18-Apr-26,"Budapest, Hungary","Vilshofen, Germany",Melodies of the Danube  ,AmaWaterways,AmaLea,,,,,Quote Available,Quote Available,Quote Available,Quote Available,https://www.amawaterways.au/Assets/Desktop/Cruises/MAP_2026_melodies-of-danube-CO.jpg,https://www.amawaterways.au/destination/europe-river-cruises/2026/melodies-of-the-danube,,,,,,,,,,,,,,
87475,2026,Europe,7,18-Apr-26,"Paris, France","Paris, France",Paris & Normandy  ,AmaWaterways,AmaDante,,,,,Quote Available,Quote Available,Quote Available,Quote Available,https://www.amawaterways.au/Assets/Desktop/Cruises/MAP_2025_Paris_Normandy_CO.jpg,https://www.amawaterways.au/destination/europe-river-cruises/2026/paris-normandy#forward-direction_0,,,,,,,,,,,,,,
258026,2026,Europe,7,18-Apr-26,"Vilshofen, Germany","Budapest, Hungary",Romantic Danube  ,AmaWaterways,AmaMora,,,,,Quote Available,Quote Available,Quote Available,Quote Available,https://www.amawaterways.au/Assets/Desktop/Cruises/MAP_2026_romantic-danube-cruise-CO.jpg,https://www.amawaterways.au/destination/europe-river-cruises/2026/romantic-danube#forward-direction_0,,,,,,,,,,,,,,
82517,2026,Europe,7,18-Apr-26,"Amsterdam, Netherlands","Amsterdam, Netherlands",Tulip Time  ,AmaWaterways,AmaStella,,,,,Quote Available,Quote Available,Quote Available,Quote Available,https://www.amawaterways.au/Assets/Desktop/Cruises/MAP_2025_Tulip%20Time_CO.jpg,https://www.amawaterways.au/destination/europe-river-cruises/2026/tulip-time#forward-direction_0,,,,,,,,,,,,,,
331158,2026,Europe,7,19-Apr-26,"Budapest, Hungary","Vilshofen, Germany",Magna On The Danube  ,AmaWaterways,AmaMagna,,,,,Quote Available,Quote Available,Quote Available,Quote Available,https://www.amawaterways.au/Assets/Desktop/Cruises/MAP_2026_danube-magna-cruise-BE-CO.jpg,https://www.amawaterways.au/destination/europe-river-cruises/2026/magna-on-the-danube#forward-direction_0,,,,,,,,,,,,,,
88011,2026,Europe,15,19-Apr-26,"Bilbao, Spain","Paris, France",Taste of Bordeaux ,AmaWaterways,AmaDolce,,,,,Quote Available,Quote Available,Quote Available,Quote Available,https://www.amawaterways.au/Assets/Desktop/Cruises/taste_of_bordeaux_basque_PRE_loire-paris_POST_2026.jpg,https://www.amawaterways.au/destination/europe-river-cruises/2026/taste-of-bordeaux#forward-direction_1,,,,,,,,,,,,,,
107587,2026,Europe,10,19-Apr-26,"Amsterdam, Netherlands","Amsterdam, Netherlands",Tulip Time ,AmaWaterways,AmaVenita,,,,,Quote Available,Quote Available,Quote Available,Quote Available,https://www.amawaterways.au/Assets/Desktop/Cruises/MAP_2025_Tulip%20Time_CO.jpg,https://www.amawaterways.au/destination/europe-river-cruises/2026/tulip-time#forward-direction_0,,,,,,,,,,,,,,
83405,2026,Europe,7,19-Apr-26,"Amsterdam, Netherlands","Amsterdam, Netherlands",Tulip Time  ,AmaWaterways,AmaSiena,,,,,Quote Available,Quote Available,Quote Available,Quote Available,https://www.amawaterways.au/Assets/Desktop/Cruises/MAP_2025_Tulip%20Time_CO.jpg,https://www.amawaterways.au/destination/europe-river-cruises/2026/tulip-time#forward-direction_0,,,,,,,,,,,,,,
37596,2026,Asia,7,20-Apr-26,"Ho Chi Minh City, Vietnam","Siem Reap, Cambodia",Charms of the Mekong  ,AmaWaterways,AmaDara,,,,,Quote Available,Quote Available,Quote Available,Quote Available,https://www.amawaterways.au/Assets/Desktop/Cruises/MAP_2026_Charms_Mekong_CO.jpg,https://www.amawaterways.au/destination/vietnam-cambodia-river-cruises/2026/charms-of-the-mekong#forward-direction_0,,,,,,,,,,,,,,
87860,2026,Europe,14,20-Apr-26,"Paris, France","Barcelona, Spain",Colors of Provence ,AmaWaterways,AmaKristina,,,,,Quote Available,Quote Available,Quote Available,Quote Available,https://www.amawaterways.au/Assets/Desktop/Cruises/MAP_2025_Colors%20of%20Provence_CL-PB.jpg,https://www.amawaterways.au/destination/europe-river-cruises/2026/colors-of-provence#forward-direction_1,,,,,,,,,,,,,,
193944,2026,Europe,7,20-Apr-26,"Giurgiu, Romania","Budapest, Hungary",Gems of Southeast Europe  ,AmaWaterways,AmaVerde,,,,,Quote Available,Quote Available,Quote Available,Quote Available,https://www.amawaterways.au/Assets/Desktop/Cruises/MAP_2026-Gems-of-Southeast-Europe_Cruise-Only_Bud-Giurgiu_AJ.jpg,https://www.amawaterways.au/destination/europe-river-cruises/2026/gems-of-southeast-europe#reverse-direction_0,,,,,,,,,,,,,,
254824,2026,Europe,15,20-Apr-26,"Giurgiu, Romania","Vilshofen, Germany",Grand Danube Cruise  ,AmaWaterways,AmaVerde,,,,,Quote Available,Quote Available,Quote Available,Quote Available,https://www.amawaterways.au/Assets/Desktop/Cruises/MAP_2025_Grand_Danube_CO-VG.jpg,https://www.amawaterways.au/destination/europe-river-cruises/2026/grand-danube-cruise#reverse-direction_3,,,,,,,,,,,,,,
193537,2026,Europe,13,20-Apr-26,"Budapest, Hungary","Prague, Czech Republic",Melodies of the Danube ,AmaWaterways,AmaReina,,,,,Quote Available,Quote Available,Quote Available,Quote Available,https://www.amawaterways.au/Assets/Desktop/Cruises/MAP_2026_melodies-of-danube-cruise.jpg,https://www.amawaterways.au/destination/europe-river-cruises/2026/melodies-of-the-danube#forward-direction_1,,,,,,,,,,,,,,
107670,2026,Europe,10,20-Apr-26,"Amsterdam, Netherlands","Amsterdam, Netherlands",Tulip Time ,AmaWaterways,AmaCerto,,,,,Quote Available,Quote Available,Quote Available,Quote Available,https://www.amawaterways.au/Assets/Desktop/Cruises/MAP_2025_Tulip%20Time_CO.jpg,https://www.amawaterways.au/destination/europe-river-cruises/2026/tulip-time#forward-direction_0,,,,,,,,,,,,,,
22892,2026,Europe,11,21-Apr-26,"Lisbon, Portugal","Porto, Portugal",Enticing Douro ,AmaWaterways,AmaSintra,,,,,Quote Available,Quote Available,Quote Available,Quote Available,https://www.amawaterways.au/Assets/Desktop/Cruises/MAP_2025_Enticing%20Douro_CL.jpg,https://www.amawaterways.au/destination/europe-river-cruises/2026/enticing-douro#forward-direction_1,,,,,,,,,,,,,,
195563,2026,Asia,16,21-Apr-26,"Hanoi, Vietnam","Ho Chi Minh City, Vietnam",Riches of the Mekong ,AmaWaterways,AmaDara,,,,,Quote Available,Quote Available,Quote Available,Quote Available,https://www.amawaterways.au/Assets/Desktop/Cruises/MAP_2026_Riches_Mekong_CL_full-itin-nopost.jpg,https://www.amawaterways.au/destination/vietnam-cambodia-river-cruises/2026/riches-of-the-mekong#forward-direction_1,,,,,,,,,,,,,,
286463,2026,Europe,10,21-Apr-26,"Amsterdam, Netherlands","Amsterdam, Netherlands",Tulip Time ,AmaWaterways,AmaLucia,,,,,Quote Available,Quote Available,Quote Available,Quote Available,https://www.amawaterways.au/Assets/Desktop/Cruises/MAP_2025_Tulip%20Time_CO.jpg,https://www.amawaterways.au/destination/europe-river-cruises/2026/tulip-time#forward-direction_0,,,,,,,,,,,,,,
83840,2026,Europe,7,21-Apr-26,"Amsterdam, Netherlands","Amsterdam, Netherlands",Tulip Time  ,AmaWaterways,AmaVenita,,,,,Quote Available,Quote Available,Quote Available,Quote Available,https://www.amawaterways.au/Assets/Desktop/Cruises/MAP_2025_Tulip%20Time_CO.jpg,https://www.amawaterways.au/destination/europe-river-cruises/2026/tulip-time#forward-direction_0,,,,,,,,,,,,,,
257309,2026,Europe,14,22-Apr-26,"Madrid, Spain","Lisbon, Portugal",Flavors of Portugal & Spain ,AmaWaterways,AmaVida,,,,,Quote Available,Quote Available,Quote Available,Quote Available,https://www.amawaterways.au/Assets/Desktop/Cruises/MAP_2025_Flavors%20of%20Port&Spain_CL-LM.jpg,https://www.amawaterways.au/destination/europe-river-cruises/2026/flavors-of-portugal-spain#reverse-direction_1,,,,,,,,,,,,,,
156988,2026,Europe,7,22-Apr-26,"Budapest, Hungary","Vilshofen, Germany",Melodies of the Danube  ,AmaWaterways,AmaReina,,,,,Quote Available,Quote Available,Quote Available,Quote Available,https://www.amawaterways.au/Assets/Desktop/Cruises/MAP_2026_melodies-of-danube-CO.jpg,https://www.amawaterways.au/destination/europe-river-cruises/2026/melodies-of-the-danube,,,,,,,,,,,,,,
177247,2026,Europe,7,22-Apr-26,"Luxembourg, Luxembourg","Basel, Switzerland",Rhine & Moselle Splendors ,AmaWaterways,AmaPrima,,,,,Quote Available,Quote Available,Quote Available,Quote Available,https://www.amawaterways.au/Assets/Desktop/Cruises/MAP_2025_Rhine_MosSplendors_CO_LB.jpg,https://www.amawaterways.au/destination/europe-river-cruises/2026/rhine-moselle-splendors#forward-direction_0,,,,,,,,,,,,,,
121888,2026,Europe,10,22-Apr-26,"Amsterdam, Netherlands","Amsterdam, Netherlands",Tulip Time ,AmaWaterways,AmaSerena,,,,,Quote Available,Quote Available,Quote Available,Quote Available,https://www.amawaterways.au/Assets/Desktop/Cruises/MAP_2025_Tulip%20Time_CO.jpg,https://www.amawaterways.au/destination/europe-river-cruises/2026/tulip-time#forward-direction_0,,,,,,,,,,,,,,
87934,2026,Europe,7,22-Apr-26,"Amsterdam, Netherlands","Amsterdam, Netherlands",Tulip Time  ,AmaWaterways,AmaCerto,,,,,Quote Available,Quote Available,Quote Available,Quote Available,https://www.amawaterways.au/Assets/Desktop/Cruises/MAP_2025_Tulip%20Time_CO.jpg,https://www.amawaterways.au/destination/europe-river-cruises/2026/tulip-time#forward-direction_0,,,,,,,,,,,,,,
104019,2026,Europe,14,23-Apr-26,"Amsterdam, Netherlands","Zurich, Switzerland",Captivating Rhine ,AmaWaterways,AmaViola,,,,,Quote Available,Quote Available,Quote Available,Quote Available,https://www.amawaterways.au/Assets/Desktop/Cruises/MAP_2025_Captivating%20Rhine_CL.jpg,https://www.amawaterways.au/destination/europe-river-cruises/2026/captivating-rhine#forward-direction_1,,,,,,,,,,,,,,
87843,2026,Europe,7,23-Apr-26,"Lyon, France","Arles, France",Colors of Provence  ,AmaWaterways,AmaKristina,,,,,Quote Available,Quote Available,Quote Available,Quote Available,https://www.amawaterways.au/Assets/Desktop/Cruises/MAP_2025_Colors%20of%20Provence_CO-LA.jpg,https://www.amawaterways.au/destination/europe-river-cruises/2026/colors-of-provence#forward-direction_0,,,,,,,,,,,,,,
193539,2026,Europe,13,23-Apr-26,"Budapest, Hungary","Prague, Czech Republic",Melodies of the Danube ,AmaWaterways,AmaMora,,,,,Quote Available,Quote Available,Quote Available,Quote Available,https://www.amawaterways.au/Assets/Desktop/Cruises/MAP_2026_melodies-of-danube-cruise.jpg,https://www.amawaterways.au/destination/europe-river-cruises/2026/melodies-of-the-danube#forward-direction_1,,,,,,,,,,,,,,
87942,2026,Europe,7,23-Apr-26,"Bordeaux, France","Bordeaux, France",Taste of Bordeaux  ,AmaWaterways,AmaDolce,,,,,Quote Available,Quote Available,Quote Available,Quote Available,https://www.amawaterways.au/Assets/Desktop/Cruises/MAP_Taste_of_Bordeaux_2026_CO.png,https://www.amawaterways.au/destination/europe-river-cruises/2026/taste-of-bordeaux#forward-direction_0,,,,,,,,,,,,,,
121890,2026,Europe,10,23-Apr-26,"Amsterdam, Netherlands","Amsterdam, Netherlands",Tulip Time ,AmaWaterways,AmaStella,,,,,Quote Available,Quote Available,Quote Available,Quote Available,https://www.amawaterways.au/Assets/Desktop/Cruises/MAP_2025_Tulip%20Time_CO.jpg,https://www.amawaterways.au/destination/europe-river-cruises/2026/tulip-time#forward-direction_0,,,,,,,,,,,,,,
286464,2026,Europe,7,23-Apr-26,"Amsterdam, Netherlands","Amsterdam, Netherlands",Tulip Time  ,AmaWaterways,AmaLucia,,,,,Quote Available,Quote Available,Quote Available,Quote Available,https://www.amawaterways.au/Assets/Desktop/Cruises/MAP_2025_Tulip%20Time_CO.jpg,https://www.amawaterways.au/destination/europe-river-cruises/2026/tulip-time#forward-direction_0,,,,,,,,,,,,,,
84552,2026,Europe,7,24-Apr-26,"Porto, Portugal","Porto, Portugal",Enticing Douro  ,AmaWaterways,AmaSintra,,,,,Quote Available,Quote Available,Quote Available,Quote Available,https://www.amawaterways.au/Assets/Desktop/Cruises/MAP_2025_Enticing%20Douro_CO.jpg,https://www.amawaterways.au/destination/europe-river-cruises/2026/enticing-douro#forward-direction_0,,,,,,,,,,,,,,
121971,2026,Europe,10,24-Apr-26,"Amsterdam, Netherlands","Amsterdam, Netherlands",Tulip Time ,AmaWaterways,AmaSerena,,,,,Quote Available,Quote Available,Quote Available,Quote Available,https://www.amawaterways.au/Assets/Desktop/Cruises/MAP_2025_Tulip%20Time_CO.jpg,https://www.amawaterways.au/destination/europe-river-cruises/2026/tulip-time#forward-direction_0,,,,,,,,,,,,,,
91035,2026,Europe,7,24-Apr-26,"Amsterdam, Netherlands","Amsterdam, Netherlands",Tulip Time  ,AmaWaterways,AmaSerena,,,,,Quote Available,Quote Available,Quote Available,Quote Available,https://www.amawaterways.au/Assets/Desktop/Cruises/MAP_2025_Tulip%20Time_CO.jpg,https://www.amawaterways.au/destination/europe-river-cruises/2026/tulip-time#forward-direction_0,,,,,,,,,,,,,,
28793,2026,Europe,7,25-Apr-26,"Amsterdam, Netherlands","Basel, Switzerland",Captivating Rhine  ,AmaWaterways,AmaViola,,,,,Quote Available,Quote Available,Quote Available,Quote Available,https://www.amawaterways.au/Assets/Desktop/Cruises/MAP_2025_Captivating%20Rhine_CO.jpg,https://www.amawaterways.au/destination/europe-river-cruises/2026/captivating-rhine#forward-direction_0,,,,,,,,,,,,,,
268796,2026,Europe,12,25-Apr-26,"Zurich, Switzerland","Amsterdam, Netherlands",Enchanting Rhine  ,AmaWaterways,AmaPrima,,,,,Quote Available,Quote Available,Quote Available,Quote Available,https://www.amawaterways.au/Assets/Desktop/Cruises/MAP_2025_Enchanting%20Rhine_CL.jpg,https://www.amawaterways.au/destination/europe-river-cruises/2026/enchanting-rhine#forward-direction_1,,,,,,,,,,,,,,
268776,2026,Europe,11,25-Apr-26,"Lisbon, Portugal","Porto, Portugal",Enticing Douro ,AmaWaterways,AmaDouro,,,,,Quote Available,Quote Available,Quote Available,Quote Available,https://www.amawaterways.au/Assets/Desktop/Cruises/MAP_2025_Enticing%20Douro_CL.jpg,https://www.amawaterways.au/destination/europe-river-cruises/2026/enticing-douro#forward-direction_1,,,,,,,,,,,,,,
256569,2026,Europe,7,25-Apr-26,"Vega Terrón, Spain","Porto, Portugal",Flavors of Portugal & Spain  ,AmaWaterways,AmaVida,,,,,Quote Available,Quote Available,Quote Available,Quote Available,https://www.amawaterways.au/Assets/Desktop/Cruises/MAP_2025_Flavors_of_Port_Spain_CO-PV.jpg,https://www.amawaterways.au/destination/europe-river-cruises/2026/flavors-of-portugal-spain#reverse-direction_0,,,,,,,,,,,,,,
193540,2026,Europe,13,25-Apr-26,"Budapest, Hungary","Prague, Czech Republic",Melodies of the Danube ,AmaWaterways,AmaVerde,,,,,Quote Available,Quote Available,Quote Available,Quote Available,https://www.amawaterways.au/Assets/Desktop/Cruises/MAP_2026_melodies-of-danube-cruise.jpg,https://www.amawaterways.au/destination/europe-river-cruises/2026/melodies-of-the-danube#forward-direction_1,,,,,,,,,,,,,,
157750,2026,Europe,7,25-Apr-26,"Budapest, Hungary","Vilshofen, Germany",Melodies of the Danube  ,AmaWaterways,AmaMora,,,,,Quote Available,Quote Available,Quote Available,Quote Available,https://www.amawaterways.au/Assets/Desktop/Cruises/MAP_2026_melodies-of-danube-CO.jpg,https://www.amawaterways.au/destination/europe-river-cruises/2026/melodies-of-the-danube,,,,,,,,,,,,,,
32311,2026,Europe,10,25-Apr-26,"Munich, Germany","Budapest, Hungary",Romantic Danube ,AmaWaterways,AmaLea,,,,,Quote Available,Quote Available,Quote Available,Quote Available,https://www.amawaterways.au/Assets/Desktop/Cruises/MAP_2026_romantic-danube-munich.jpg,https://www.amawaterways.au/destination/europe-river-cruises/2026/romantic-danube#forward-direction_1,,,,,,,,,,,,,,
92864,2026,Europe,7,25-Apr-26,"Amsterdam, Netherlands","Amsterdam, Netherlands",Tulip Time  ,AmaWaterways,AmaStella,,,,,Quote Available,Quote Available,Quote Available,Quote Available,https://www.amawaterways.au/Assets/Desktop/Cruises/MAP_2025_Tulip%20Time_CO.jpg,https://www.amawaterways.au/destination/europe-river-cruises/2026/tulip-time#forward-direction_0,,,,,,,,,,,,,,
33375,2026,Europe,7,26-Apr-26,"Vilshofen, Germany","Budapest, Hungary",Magna On The Danube  ,AmaWaterways,AmaMagna,,,,,Quote Available,Quote Available,Quote Available,Quote Available,https://www.amawaterways.au/Assets/Desktop/Cruises/MAP_2026_danube-magna-cruise-BE-CO.jpg,https://www.amawaterways.au/destination/europe-river-cruises/2026/magna-on-the-danube#reverse-direction_0,,,,,,,,,,,,,,
135978,2026,Europe,11,26-Apr-26,"Prague, Czech Republic","Budapest, Hungary",Romantic Danube ,AmaWaterways,AmaReina,,,,,Quote Available,Quote Available,Quote Available,Quote Available,https://www.amawaterways.au/Assets/Desktop/Cruises/MAP_2026_romantic-danube-prague.jpg,https://www.amawaterways.au/destination/europe-river-cruises/2026/romantic-danube#forward-direction_2,,,,,,,,,,,,,,
122024,2026,Europe,10,26-Apr-26,"Amsterdam, Netherlands","Amsterdam, Netherlands",Tulip Time ,AmaWaterways,AmaVenita,,,,,Quote Available,Quote Available,Quote Available,Quote Available,https://www.amawaterways.au/Assets/Desktop/Cruises/MAP_2025_Tulip%20Time_CO.jpg,https://www.amawaterways.au/destination/europe-river-cruises/2026/tulip-time#forward-direction_0,,,,,,,,,,,,,,
96282,2026,Europe,7,26-Apr-26,"Amsterdam, Netherlands","Amsterdam, Netherlands",Tulip Time  ,AmaWaterways,AmaSiena,,,,,Quote Available,Quote Available,Quote Available,Quote Available,https://www.amawaterways.au/Assets/Desktop/Cruises/MAP_2025_Tulip%20Time_CO.jpg,https://www.amawaterways.au/destination/europe-river-cruises/2026/tulip-time#forward-direction_0,,,,,,,,,,,,,,
20487,2026,Europe,13,27-Apr-26,"Budapest, Hungary","Prague, Czech Republic",Blue Danube Discovery ,AmaWaterways,AmaSonata,,,,,Quote Available,Quote Available,Quote Available,Quote Available,https://www.amawaterways.au/Assets/Desktop/Cruises/MAP_2026_Blue-Danube-Discovery.jpg,https://www.amawaterways.au/destination/europe-river-cruises/2026/blue-danube-discovery#forward-direction_1,,,,,,,,,,,,,,
216538,2026,Europe,7,27-Apr-26,"Budapest, Hungary","Giurgiu, Romania",Gems of Southeast Europe  ,AmaWaterways,AmaBella,,,,,Quote Available,Quote Available,Quote Available,Quote Available,https://www.amawaterways.au/Assets/Desktop/Cruises/MAP_2026-Gems-of-Southeast-Europe_Cruise-Only_Bud-Giurgiu_AJ.jpg,https://www.amawaterways.au/destination/europe-river-cruises/2026/gems-of-southeast-europe#forward-direction_0,,,,,,,,,,,,,,
158802,2026,Europe,7,27-Apr-26,"Budapest, Hungary","Vilshofen, Germany",Melodies of the Danube  ,AmaWaterways,AmaVerde,,,,,Quote Available,Quote Available,Quote Available,Quote Available,https://www.amawaterways.au/Assets/Desktop/Cruises/MAP_2026_melodies-of-danube-CO.jpg,https://www.amawaterways.au/destination/europe-river-cruises/2026/melodies-of-the-danube,,,,,,,,,,,,,,
80468,2026,Asia,7,27-Apr-26,"Siem Reap, Cambodia","Ho Chi Minh City, Vietnam",Riches of the Mekong  ,AmaWaterways,AmaDara,,,,,Quote Available,Quote Available,Quote Available,Quote Available,https://www.amawaterways.au/Assets/Desktop/Cruises/MAP_2026_Riches_Mekong_CO.jpg,https://www.amawaterways.au/destination/vietnam-cambodia-river-cruises/2026/riches-of-the-mekong#forward-direction_0,,,,,,,,,,,,,,
32313,2026,Europe,10,27-Apr-26,"Munich, Germany","Budapest, Hungary",Romantic Danube ,AmaWaterways,AmaReina,,,,,Quote Available,Quote Available,Quote Available,Quote Available,https://www.amawaterways.au/Assets/Desktop/Cruises/MAP_2026_romantic-danube-munich.jpg,https://www.amawaterways.au/destination/europe-river-cruises/2026/romantic-danube#forward-direction_1,,,,,,,,,,,,,,
124819,2026,Europe,10,27-Apr-26,"Amsterdam, Netherlands","Amsterdam, Netherlands",Tulip Time ,AmaWaterways,AmaCerto,,,,,Quote Available,Quote Available,Quote Available,Quote Available,https://www.amawaterways.au/Assets/Desktop/Cruises/MAP_2025_Tulip%20Time_CO.jpg,https://www.amawaterways.au/destination/europe-river-cruises/2026/tulip-time#forward-direction_0,,,,,,,,,,,,,,
104039,2026,Europe,14,28-Apr-26,"Amsterdam, Netherlands","Zurich, Switzerland",Captivating Rhine ,AmaWaterways,AmaLucia,,,,,Quote Available,Quote Available,Quote Available,Quote Available,https://www.amawaterways.au/Assets/Desktop/Cruises/MAP_2025_Captivating%20Rhine_CL.jpg,https://www.amawaterways.au/destination/europe-river-cruises/2026/captivating-rhine#forward-direction_1,,,,,,,,,,,,,,
268798,2026,Europe,12,28-Apr-26,"Zurich, Switzerland","Amsterdam, Netherlands",Enchanting Rhine  ,AmaWaterways,AmaViola,,,,,Quote Available,Quote Available,Quote Available,Quote Available,https://www.amawaterways.au/Assets/Desktop/Cruises/MAP_2025_Enchanting%20Rhine_CL.jpg,https://www.amawaterways.au/destination/europe-river-cruises/2026/enchanting-rhine#forward-direction_1,,,,,,,,,,,,,,
24902,2026,Europe,11,28-Apr-26,"Lisbon, Portugal","Porto, Portugal",Enticing Douro ,AmaWaterways,AmaSintra,,,,,Quote Available,Quote Available,Quote Available,Quote Available,https://www.amawaterways.au/Assets/Desktop/Cruises/MAP_2025_Enticing%20Douro_CL.jpg,https://www.amawaterways.au/destination/europe-river-cruises/2026/enticing-douro#forward-direction_1,,,,,,,,,,,,,,
268777,2026,Europe,7,28-Apr-26,"Porto, Portugal","Porto, Portugal",Enticing Douro  ,AmaWaterways,AmaDouro,,,,,Quote Available,Quote Available,Quote Available,Quote Available,https://www.amawaterways.au/Assets/Desktop/Cruises/MAP_2025_Enticing%20Douro_CO.jpg,https://www.amawaterways.au/destination/europe-river-cruises/2026/enticing-douro#forward-direction_0,,,,,,,,,,,,,,
87596,2026,Europe,10,28-Apr-26,"Paris, France","Paris, France",Paris & Normandy ,AmaWaterways,AmaLyra,,,,,Quote Available,Quote Available,Quote Available,Quote Available,https://www.amawaterways.au/Assets/Desktop/Cruises/MAP_2025_Paris_Normandy_CO.jpg,https://www.amawaterways.au/destination/europe-river-cruises/2026/paris-normandy#forward-direction_0,,,,,,,,,,,,,,
96506,2026,Europe,7,28-Apr-26,"Amsterdam, Netherlands","Amsterdam, Netherlands",Tulip Time  ,AmaWaterways,AmaVenita,,,,,Quote Available,Quote Available,Quote Available,Quote Available,https://www.amawaterways.au/Assets/Desktop/Cruises/MAP_2025_Tulip%20Time_CO.jpg,https://www.amawaterways.au/destination/europe-river-cruises/2026/tulip-time#forward-direction_0,,,,,,,,,,,,,,
284774,2026,Europe,7,29-Apr-26,"Budapest, Hungary","Nuremberg, Germany",Blue Danube Discovery  ,AmaWaterways,AmaSonata,,,,,Quote Available,Quote Available,Quote Available,Quote Available,https://www.amawaterways.au/Assets/Desktop/Cruises/MAP_2025_Blue_Danube_Discovery_CO.jpg,https://www.amawaterways.au/destination/europe-river-cruises/2026/blue-danube-discovery#forward-direction_0,,,,,,,,,,,,,,
61153,2026,Europe,7,29-Apr-26,"Basel, Switzerland","Amsterdam, Netherlands",Enchanting Rhine  ,AmaWaterways,AmaPrima,,,,,Quote Available,Quote Available,Quote Available,Quote Available,https://www.amawaterways.au/Assets/Desktop/Cruises/MAP_2025_Enchanting%20Rhine_CO.jpg,https://www.amawaterways.au/destination/europe-river-cruises/2026/enchanting-rhine#forward-direction_0,,,,,,,,,,,,,,
32669,2026,Europe,18,29-Apr-26,"Amsterdam, Netherlands","Zurich, Switzerland",Rhine & Moselle Fairytales ,AmaWaterways,AmaSerena,,,,,Quote Available,Quote Available,Quote Available,Quote Available,https://www.amawaterways.au/Assets/Desktop/Cruises/MAP_2025_Rhine%20&%20Mos%20Fairytales_CL.jpg,https://www.amawaterways.au/destination/europe-river-cruises/2026/rhine-moselle-fairytales#forward-direction_1,,,,,,,,,,,,,,
137126,2026,Europe,11,29-Apr-26,"Prague, Czech Republic","Budapest, Hungary",Romantic Danube ,AmaWaterways,AmaMora,,,,,Quote Available,Quote Available,Quote Available,Quote Available,https://www.amawaterways.au/Assets/Desktop/Cruises/MAP_2026_romantic-danube-prague.jpg,https://www.amawaterways.au/destination/europe-river-cruises/2026/romantic-danube#forward-direction_2,,,,,,,,,,,,,,
258027,2026,Europe,7,29-Apr-26,"Vilshofen, Germany","Budapest, Hungary",Romantic Danube  ,AmaWaterways,AmaReina,,,,,Quote Available,Quote Available,Quote Available,Quote Available,https://www.amawaterways.au/Assets/Desktop/Cruises/MAP_2026_romantic-danube-cruise-CO.jpg,https://www.amawaterways.au/destination/europe-river-cruises/2026/romantic-danube#forward-direction_0,,,,,,,,,,,,,,
97222,2026,Europe,7,29-Apr-26,"Amsterdam, Netherlands","Amsterdam, Netherlands",Tulip Time  ,AmaWaterways,AmaCerto,,,,,Quote Available,Quote Available,Quote Available,Quote Available,https://www.amawaterways.au/Assets/Desktop/Cruises/MAP_2025_Tulip%20Time_CO.jpg,https://www.amawaterways.au/destination/europe-river-cruises/2026/tulip-time#forward-direction_0,,,,,,,,,,,,,,
272601,2026,Europe,12,30-Apr-26,"Amsterdam, Netherlands","Zurich, Switzerland",Captivating Rhine ,AmaWaterways,AmaLucia,,,,,Quote Available,Quote Available,Quote Available,Quote Available,https://www.amawaterways.au/Assets/Desktop/Cruises/MAP_2025_Captivating%20Rhine_CL.jpg,https://www.amawaterways.au/destination/europe-river-cruises/2026/captivating-rhine#forward-direction_1,,,,,,,,,,,,,,
35567,2026,Europe,7,30-Apr-26,"Amsterdam, Netherlands","Basel, Switzerland",Captivating Rhine  ,AmaWaterways,AmaLucia,,,,,Quote Available,Quote Available,Quote Available,Quote Available,https://www.amawaterways.au/Assets/Desktop/Cruises/MAP_2025_Captivating%20Rhine_CO.jpg,https://www.amawaterways.au/destination/europe-river-cruises/2026/captivating-rhine#forward-direction_0,,,,,,,,,,,,,,
193927,2026,Europe,14,30-Apr-26,"Bucharest, Romania","Vienna, Austria",Gems of Southeast Europe ,AmaWaterways,AmaBella,,,,,Quote Available,Quote Available,Quote Available,Quote Available,https://www.amawaterways.au/Assets/Desktop/Cruises/MAP_2026-Gems-of-Southeast-Europe_Full-Land_Vienna-Giurgiu-(AJ).jpg,https://www.amawaterways.au/destination/europe-river-cruises/2026/gems-of-southeast-europe#reverse-direction_1,,,,,,,,,,,,,,
11662,2026,Europe,20,30-Apr-26,"Paris, France","Paris, France",Grand Seine & Bordeaux ,AmaWaterways,AmaLyra,,,,,Quote Available,Quote Available,Quote Available,Quote Available,https://www.amawaterways.au/Assets/Desktop/Cruises/grand_seine_bordeaux_map_2025.jpg,https://www.amawaterways.au/destination/europe-river-cruises/2026/grand-seine-bordeaux#forward-direction_1,,,,,,,,,,,,,,
11756,2026,Europe,15,30-Apr-26,"Paris, France","Bordeaux, France",Grand Seine & Bordeaux  ,AmaWaterways,AmaLyra,,,,,Quote Available,Quote Available,Quote Available,Quote Available,https://www.amawaterways.au/Assets/Desktop/Cruises/grand_seine_bordeaux_map_CO_2025.jpg,https://www.amawaterways.au/destination/europe-river-cruises/2026/grand-seine-bordeaux#forward-direction_0,,,,,,,,,,,,,,
82455,2026,Europe,19,30-Apr-26,"Amsterdam, Netherlands","Budapest, Hungary",Magnificent Europe ,AmaWaterways,AmaStella,,,,,Quote Available,Quote Available,Quote Available,Quote Available,https://www.amawaterways.au/Assets/Desktop/Cruises/MAP_2026_magnificent_europe_ams_bud.jpg,https://www.amawaterways.au/destination/europe-river-cruises/2026/magnificent-europe#forward-direction_1,,,,,,,,,,,,,,
136333,2026,Europe,17,30-Apr-26,"Budapest, Hungary","Amsterdam, Netherlands",Magnificent Europe ,AmaWaterways,AmaLea,,,,,Quote Available,Quote Available,Quote Available,Quote Available,https://www.amawaterways.au/Assets/Desktop/Cruises/MAP_2026_magnificent_europe_ams_bud.jpg,https://www.amawaterways.au/destination/europe-river-cruises/2026/magnificent-europe#reverse-direction_1,,,,,,,,,,,,,,
87479,2026,Europe,7,30-Apr-26,"Paris, France","Paris, France",Paris & Normandy  ,AmaWaterways,AmaLyra,,,,,Quote Available,Quote Available,Quote Available,Quote Available,https://www.amawaterways.au/Assets/Desktop/Cruises/MAP_2025_Paris_Normandy_CO.jpg,https://www.amawaterways.au/destination/europe-river-cruises/2026/paris-normandy#forward-direction_0,,,,,,,,,,,,,,
32314,2026,Europe,10,30-Apr-26,"Munich, Germany","Budapest, Hungary",Romantic Danube ,AmaWaterways, AmaMora,,,,,Quote Available,Quote Available,Quote Available,Quote Available,https://www.amawaterways.au/Assets/Desktop/Cruises/MAP_2026_romantic-danube-munich.jpg,https://www.amawaterways.au/destination/europe-river-cruises/2026/romantic-danube#forward-direction_1,,,,,,,,,,,,,,
84569,2026,Europe,7,01-May-26,"Porto, Portugal","Porto, Portugal",Enticing Douro  ,AmaWaterways,AmaSintra,,,,,Quote Available,Quote Available,Quote Available,Quote Available,https://www.amawaterways.au/Assets/Desktop/Cruises/MAP_2025_Enticing%20Douro_CO.jpg,https://www.amawaterways.au/destination/europe-river-cruises/2026/enticing-douro#forward-direction_0,,,,,,,,,,,,,,
31221,2026,Europe,12,01-May-26,"Amsterdam, Netherlands","Basel, Switzerland",Rhine & Moselle Fairytales  ,AmaWaterways,AmaSerena,,,,,Quote Available,Quote Available,Quote Available,Quote Available,https://www.amawaterways.au/Assets/Desktop/Cruises/MAP_2025_Rhine_Mos_Fairytales_CO.jpg,https://www.amawaterways.au/destination/europe-river-cruises/2026/rhine-moselle-fairytales#forward-direction_0,,,,,,,,,,,,,,
61658,2026,Europe,7,02-May-26,"Basel, Switzerland","Amsterdam, Netherlands",Enchanting Rhine  ,AmaWaterways,AmaDante,,,,,Quote Available,Quote Available,Quote Available,Quote Available,https://www.amawaterways.au/Assets/Desktop/Cruises/MAP_2025_Enchanting%20Rhine_CO.jpg,https://www.amawaterways.au/destination/europe-river-cruises/2026/enchanting-rhine#forward-direction_0,,,,,,,,,,,,,,
26650,2026,Europe,11,02-May-26,"Lisbon, Portugal","Porto, Portugal",Enticing Douro ,AmaWaterways,AmaDouro,,,,,Quote Available,Quote Available,Quote Available,Quote Available,https://www.amawaterways.au/Assets/Desktop/Cruises/MAP_2025_Enticing%20Douro_CL.jpg,https://www.amawaterways.au/destination/europe-river-cruises/2026/enticing-douro#forward-direction_1,,,,,,,,,,,,,,
182386,2026,Europe,7,02-May-26,"Porto, Portugal","Vega Terrón, Spain",Flavors of Portugal & Spain  ,AmaWaterways,AmaVida,,,,,Quote Available,Quote Available,Quote Available,Quote Available,https://www.amawaterways.au/Assets/Desktop/Cruises/MAP_2025_Flavors_of_Port_Spain_CO-PV.jpg,https://www.amawaterways.au/destination/europe-river-cruises/2026/flavors-of-portugal-spain#forward-direction_0,,,,,,,,,,,,,,
16485,2026,Europe,7,02-May-26,"Le Havre, France","Paris, France",Impressions of the Seine & Paris  ,AmaWaterways,AmaDante,,,,,Quote Available,Quote Available,Quote Available,Quote Available,https://www.amawaterways.au/Assets/Desktop/Cruises/MAP_2026_Impressions%20of%20Seine_CO-PL.jpg,https://www.amawaterways.au/destination/europe-river-cruises/2026/impressions-of-the-seine-paris#reverse-direction_0,,,,,,,,,,,,,,
82451,2026,Europe,15,02-May-26,"Amsterdam, Netherlands","Budapest, Hungary",Magnificent Europe  ,AmaWaterways,AmaStella,,,,,Quote Available,Quote Available,Quote Available,Quote Available,https://www.amawaterways.au/Assets/Desktop/Cruises/MAP_2026_magnificent_europe_cruise_only.jpg,https://www.amawaterways.au/destination/europe-river-cruises/2026/magnificent-europe#forward-direction_0,,,,,,,,,,,,,,
106244,2026,Europe,15,02-May-26,"Budapest, Hungary","Amsterdam, Netherlands",Magnificent Europe  ,AmaWaterways,AmaLea,,,,,Quote Available,Quote Available,Quote Available,Quote Available,https://www.amawaterways.au/Assets/Desktop/Cruises/MAP_2026_magnificent_europe_cruise_only.jpg,https://www.amawaterways.au/destination/europe-river-cruises/2026/magnificent-europe#reverse-direction_0,,,,,,,,,,,,,,
258276,2026,Europe,7,02-May-26,"Vilshofen, Germany","Budapest, Hungary",Romantic Danube  ,AmaWaterways,AmaMora,,,,,Quote Available,Quote Available,Quote Available,Quote Available,https://www.amawaterways.au/Assets/Desktop/Cruises/MAP_2026_romantic-danube-cruise-CO.jpg,https://www.amawaterways.au/destination/europe-river-cruises/2026/romantic-danube#forward-direction_0,,,,,,,,,,,,,,
268811,2026,Europe,12,03-May-26,"Zurich, Switzerland","Amsterdam, Netherlands",Enchanting Rhine  ,AmaWaterways,AmaLucia,,,,,Quote Available,Quote Available,Quote Available,Quote Available,https://www.amawaterways.au/Assets/Desktop/Cruises/MAP_2025_Enchanting%20Rhine_CL.jpg,https://www.amawaterways.au/destination/europe-river-cruises/2026/enchanting-rhine#forward-direction_1,,,,,,,,,,,,,,
331159,2026,Europe,7,03-May-26,"Budapest, Hungary","Vilshofen, Germany",Magna On The Danube  ,AmaWaterways,AmaMagna,,,,,Quote Available,Quote Available,Quote Available,Quote Available,https://www.amawaterways.au/Assets/Desktop/Cruises/MAP_2026_danube-magna-cruise-BE-CO.jpg,https://www.amawaterways.au/destination/europe-river-cruises/2026/magna-on-the-danube#forward-direction_0,,,,,,,,,,,,,,
88014,2026,Europe,15,03-May-26,"Bilbao, Spain","Paris, France",Taste of Bordeaux ,AmaWaterways,AmaDolce,,,,,Quote Available,Quote Available,Quote Available,Quote Available,https://www.amawaterways.au/Assets/Desktop/Cruises/taste_of_bordeaux_basque_PRE_loire-paris_POST_2026.jpg,https://www.amawaterways.au/destination/europe-river-cruises/2026/taste-of-bordeaux#forward-direction_1,,,,,,,,,,,,,,
126473,2026,Europe,10,03-May-26,"Amsterdam, Netherlands","Amsterdam, Netherlands",Tulip Time ,AmaWaterways,AmaVenita,,,,,Quote Available,Quote Available,Quote Available,Quote Available,https://www.amawaterways.au/Assets/Desktop/Cruises/MAP_2025_Tulip%20Time_CO.jpg,https://www.amawaterways.au/destination/europe-river-cruises/2026/tulip-time#forward-direction_0,,,,,,,,,,,,,,
67133,2026,Europe,10,04-May-26,"Amsterdam, Netherlands","Amsterdam, Netherlands",Best of Holland & Belgium ,AmaWaterways,AmaPrima,,,,,Quote Available,Quote Available,Quote Available,Quote Available,https://www.amawaterways.au/Assets/Desktop/Cruises/MAP_2025_BestofHolland_CL.jpg,https://www.amawaterways.au/destination/europe-river-cruises/2026/best-of-holland-belgium#forward-direction_1,,,,,,,,,,,,,,
20932,2026,Europe,13,04-May-26,"Budapest, Hungary","Prague, Czech Republic",Blue Danube Discovery ,AmaWaterways,AmaReina,,,,,Quote Available,Quote Available,Quote Available,Quote Available,https://www.amawaterways.au/Assets/Desktop/Cruises/MAP_2026_Blue-Danube-Discovery.jpg,https://www.amawaterways.au/destination/europe-river-cruises/2026/blue-danube-discovery#forward-direction_1,,,,,,,,,,,,,,
84165,2026,Europe,14,04-May-26,"Amsterdam, Netherlands","Zurich, Switzerland",Captivating Rhine ,AmaWaterways,AmaCerto,,,,,Quote Available,Quote Available,Quote Available,Quote Available,https://www.amawaterways.au/Assets/Desktop/Cruises/MAP_2025_Captivating%20Rhine_CL.jpg,https://www.amawaterways.au/destination/europe-river-cruises/2026/captivating-rhine#forward-direction_1,,,,,,,,,,,,,,
268778,2026,Europe,14,04-May-26,"Paris, France","Barcelona, Spain",Colors of Provence ,AmaWaterways,AmaKristina,,,,,Quote Available,Quote Available,Quote Available,Quote Available,https://www.amawaterways.au/Assets/Desktop/Cruises/MAP_2025_Colors%20of%20Provence_CL-PB.jpg,https://www.amawaterways.au/destination/europe-river-cruises/2026/colors-of-provence#forward-direction_1,,,,,,,,,,,,,,
193945,2026,Europe,7,04-May-26,"Giurgiu, Romania","Budapest, Hungary",Gems of Southeast Europe  ,AmaWaterways,AmaBella,,,,,Quote Available,Quote Available,Quote Available,Quote Available,https://www.amawaterways.au/Assets/Desktop/Cruises/MAP_2026-Gems-of-Southeast-Europe_Cruise-Only_Bud-Giurgiu_AJ.jpg,https://www.amawaterways.au/destination/europe-river-cruises/2026/gems-of-southeast-europe#reverse-direction_0,,,,,,,,,,,,,,
257801,2026,Europe,11,05-May-26,"Lisbon, Portugal","Porto, Portugal",Enticing Douro ,AmaWaterways,AmaSintra,,,,,Quote Available,Quote Available,Quote Available,Quote Available,https://www.amawaterways.au/Assets/Desktop/Cruises/MAP_2025_Enticing%20Douro_CL.jpg,https://www.amawaterways.au/destination/europe-river-cruises/2026/enticing-douro#forward-direction_1,,,,,,,,,,,,,,
84577,2026,Europe,7,05-May-26,"Porto, Portugal","Porto, Portugal",Enticing Douro  ,AmaWaterways,AmaDouro,,,,,Quote Available,Quote Available,Quote Available,Quote Available,https://www.amawaterways.au/Assets/Desktop/Cruises/MAP_2025_Enticing%20Douro_CO.jpg,https://www.amawaterways.au/destination/europe-river-cruises/2026/enticing-douro#forward-direction_0,,,,,,,,,,,,,,
286542,2026,Europe,11,05-May-26,"Lisbon, Portugal","Porto, Portugal",Enticing Douro  (Smithsonian Journey),AmaWaterways,AmaSintra,,,,,Quote Available,Quote Available,Quote Available,Quote Available,https://www.amawaterways.au/Assets/Desktop/Cruises/MAP_2025_Enticing%20Douro_CL.jpg,https://www.amawaterways.au/destination/europe-river-cruises/2026/enticing-douro#forward-direction_1,,,,,,,,,,,,,,
87598,2026,Europe,10,05-May-26,"Paris, France","Paris, France",Paris & Normandy ,AmaWaterways,AmaLyra,,,,,Quote Available,Quote Available,Quote Available,Quote Available,https://www.amawaterways.au/Assets/Desktop/Cruises/MAP_2025_Paris_Normandy_CO.jpg,https://www.amawaterways.au/destination/europe-river-cruises/2026/paris-normandy#forward-direction_0,,,,,,,,,,,,,,
97547,2026,Europe,7,05-May-26,"Amsterdam, Netherlands","Amsterdam, Netherlands",Tulip Time  ,AmaWaterways,AmaVenita,,,,,Quote Available,Quote Available,Quote Available,Quote Available,https://www.amawaterways.au/Assets/Desktop/Cruises/MAP_2025_Tulip%20Time_CO.jpg,https://www.amawaterways.au/destination/europe-river-cruises/2026/tulip-time#forward-direction_0,,,,,,,,,,,,,,
284775,2026,Europe,7,06-May-26,"Budapest, Hungary","Nuremberg, Germany",Blue Danube Discovery  ,AmaWaterways,AmaReina,,,,,Quote Available,Quote Available,Quote Available,Quote Available,https://www.amawaterways.au/Assets/Desktop/Cruises/MAP_2025_Blue_Danube_Discovery_CO.jpg,https://www.amawaterways.au/destination/europe-river-cruises/2026/blue-danube-discovery#forward-direction_0,,,,,,,,,,,,,,
77266,2026,Europe,7,06-May-26,"Amsterdam, Netherlands","Basel, Switzerland",Captivating Rhine  ,AmaWaterways,AmaCerto,,,,,Quote Available,Quote Available,Quote Available,Quote Available,https://www.amawaterways.au/Assets/Desktop/Cruises/MAP_2025_Captivating%20Rhine_CO.jpg,https://www.amawaterways.au/destination/europe-river-cruises/2026/captivating-rhine#forward-direction_0,,,,,,,,,,,,,,
257310,2026,Europe,14,06-May-26,"Madrid, Spain","Lisbon, Portugal",Flavors of Portugal & Spain ,AmaWaterways,AmaVida,,,,,Quote Available,Quote Available,Quote Available,Quote Available,https://www.amawaterways.au/Assets/Desktop/Cruises/MAP_2025_Flavors%20of%20Port&Spain_CL-LM.jpg,https://www.amawaterways.au/destination/europe-river-cruises/2026/flavors-of-portugal-spain#reverse-direction_1,,,,,,,,,,,,,,
105197,2026,Europe,14,07-May-26,"Amsterdam, Netherlands","Zurich, Switzerland",Captivating Rhine ,AmaWaterways,AmaViola,,,,,Quote Available,Quote Available,Quote Available,Quote Available,https://www.amawaterways.au/Assets/Desktop/Cruises/MAP_2025_Captivating%20Rhine_CL.jpg,https://www.amawaterways.au/destination/europe-river-cruises/2026/captivating-rhine#forward-direction_1,,,,,,,,,,,,,,
268779,2026,Europe,7,07-May-26,"Lyon, France","Arles, France",Colors of Provence  ,AmaWaterways,AmaKristina,,,,,Quote Available,Quote Available,Quote Available,Quote Available,https://www.amawaterways.au/Assets/Desktop/Cruises/MAP_2025_Colors%20of%20Provence_CO-LA.jpg,https://www.amawaterways.au/destination/europe-river-cruises/2026/colors-of-provence#forward-direction_0,,,,,,,,,,,,,,
62342,2026,Europe,7,07-May-26,"Basel, Switzerland","Amsterdam, Netherlands",Enchanting Rhine  ,AmaWaterways,AmaLucia,,,,,Quote Available,Quote Available,Quote Available,Quote Available,https://www.amawaterways.au/Assets/Desktop/Cruises/MAP_2025_Enchanting%20Rhine_CO.jpg,https://www.amawaterways.au/destination/europe-river-cruises/2026/enchanting-rhine#forward-direction_0,,,,,,,,,,,,,,
44810,2026,Europe,22,07-May-26,"Prague, Czech Republic","Bucharest, Romania",Grand Danube Cruise ,AmaWaterways,AmaMagna,,,,,Quote Available,Quote Available,Quote Available,Quote Available,https://www.amawaterways.au/Assets/Desktop/Cruises/MAP_2025_Grand_Danube_CL-PB.jpg,https://www.amawaterways.au/destination/europe-river-cruises/2026/grand-danube-cruise#forward-direction_1,,,,,,,,,,,,,,
11664,2026,Europe,20,07-May-26,"Paris, France","Paris, France",Grand Seine & Bordeaux ,AmaWaterways,AmaLyra,,,,,Quote Available,Quote Available,Quote Available,Quote Available,https://www.amawaterways.au/Assets/Desktop/Cruises/grand_seine_bordeaux_map_2025.jpg,https://www.amawaterways.au/destination/europe-river-cruises/2026/grand-seine-bordeaux#forward-direction_1,,,,,,,,,,,,,,
11761,2026,Europe,15,07-May-26,"Paris, France","Bordeaux, France",Grand Seine & Bordeaux  ,AmaWaterways,AmaLyra,,,,,Quote Available,Quote Available,Quote Available,Quote Available,https://www.amawaterways.au/Assets/Desktop/Cruises/grand_seine_bordeaux_map_CO_2025.jpg,https://www.amawaterways.au/destination/europe-river-cruises/2026/grand-seine-bordeaux#forward-direction_0,,,,,,,,,,,,,,
193541,2026,Europe,13,07-May-26,"Budapest, Hungary","Prague, Czech Republic",Melodies of the Danube ,AmaWaterways,AmaMora,,,,,Quote Available,Quote Available,Quote Available,Quote Available,https://www.amawaterways.au/Assets/Desktop/Cruises/MAP_2026_melodies-of-danube-cruise.jpg,https://www.amawaterways.au/destination/europe-river-cruises/2026/melodies-of-the-danube#forward-direction_1,,,,,,,,,,,,,,
87599,2026,Europe,10,07-May-26,"Paris, France","Paris, France",Paris & Normandy ,AmaWaterways,AmaDante,,,,,Quote Available,Quote Available,Quote Available,Quote Available,https://www.amawaterways.au/Assets/Desktop/Cruises/MAP_2025_Paris_Normandy_CO.jpg,https://www.amawaterways.au/destination/europe-river-cruises/2026/paris-normandy#forward-direction_0,,,,,,,,,,,,,,
87480,2026,Europe,7,07-May-26,"Paris, France","Paris, France",Paris & Normandy  ,AmaWaterways,AmaLyra,,,,,Quote Available,Quote Available,Quote Available,Quote Available,https://www.amawaterways.au/Assets/Desktop/Cruises/MAP_2025_Paris_Normandy_CO.jpg,https://www.amawaterways.au/destination/europe-river-cruises/2026/paris-normandy#forward-direction_0,,,,,,,,,,,,,,
87957,2026,Europe,7,07-May-26,"Bordeaux, France","Bordeaux, France",Taste of Bordeaux  ,AmaWaterways,AmaDolce,,,,,Quote Available,Quote Available,Quote Available,Quote Available,https://www.amawaterways.au/Assets/Desktop/Cruises/MAP_Taste_of_Bordeaux_2026_CO.png,https://www.amawaterways.au/destination/europe-river-cruises/2026/taste-of-bordeaux#forward-direction_0,,,,,,,,,,,,,,
258460,2026,Europe,7,08-May-26,"Porto, Portugal","Porto, Portugal",Enticing Douro  ,AmaWaterways,AmaSintra,,,,,Quote Available,Quote Available,Quote Available,Quote Available,https://www.amawaterways.au/Assets/Desktop/Cruises/MAP_2025_Enticing%20Douro_CO.jpg,https://www.amawaterways.au/destination/europe-river-cruises/2026/enticing-douro#forward-direction_0,,,,,,,,,,,,,,
286541,2026,Europe,7,08-May-26,"Porto, Portugal","Porto, Portugal","Enticing Douro  (Smithsonian Journey, Cruise Only)",AmaWaterways,AmaSintra,,,,,Quote Available,Quote Available,Quote Available,Quote Available,https://www.amawaterways.au/Assets/Desktop/Cruises/MAP_2025_Enticing%20Douro_CO.jpg,https://www.amawaterways.au/destination/europe-river-cruises/2026/enticing-douro#forward-direction_0,,,,,,,,,,,,,,
39542,2026,Europe,7,09-May-26,"Amsterdam, Netherlands","Basel, Switzerland",Captivating Rhine  ,AmaWaterways,AmaViola,,,,,Quote Available,Quote Available,Quote Available,Quote Available,https://www.amawaterways.au/Assets/Desktop/Cruises/MAP_2025_Captivating%20Rhine_CO.jpg,https://www.amawaterways.au/destination/europe-river-cruises/2026/captivating-rhine#forward-direction_0,,,,,,,,,,,,,,
268812,2026,Europe,12,09-May-26,"Zurich, Switzerland","Amsterdam, Netherlands",Enchanting Rhine  ,AmaWaterways,AmaCerto,,,,,Quote Available,Quote Available,Quote Available,Quote Available,https://www.amawaterways.au/Assets/Desktop/Cruises/MAP_2025_Enchanting%20Rhine_CL.jpg,https://www.amawaterways.au/destination/europe-river-cruises/2026/enchanting-rhine#forward-direction_1,,,,,,,,,,,,,,
27394,2026,Europe,11,09-May-26,"Lisbon, Portugal","Porto, Portugal",Enticing Douro ,AmaWaterways,AmaDouro,,,,,Quote Available,Quote Available,Quote Available,Quote Available,https://www.amawaterways.au/Assets/Desktop/Cruises/MAP_2025_Enticing%20Douro_CL.jpg,https://www.amawaterways.au/destination/europe-river-cruises/2026/enticing-douro#forward-direction_1,,,,,,,,,,,,,,
256570,2026,Europe,7,09-May-26,"Vega Terrón, Spain","Porto, Portugal",Flavors of Portugal & Spain  ,AmaWaterways,AmaVida,,,,,Quote Available,Quote Available,Quote Available,Quote Available,https://www.amawaterways.au/Assets/Desktop/Cruises/MAP_2025_Flavors_of_Port_Spain_CO-PV.jpg,https://www.amawaterways.au/destination/europe-river-cruises/2026/flavors-of-portugal-spain#reverse-direction_0,,,,,,,,,,,,,,
193908,2026,Europe,14,09-May-26,"Vienna, Austria","Bucharest, Romania",Gems of Southeast Europe ,AmaWaterways,AmaVerde,,,,,Quote Available,Quote Available,Quote Available,Quote Available,https://www.amawaterways.au/Assets/Desktop/Cruises/MAP_2026-Gems-of-Southeast-Europe_Full-Land_Vienna-Giurgiu-(AJ).jpg,https://www.amawaterways.au/destination/europe-river-cruises/2026/gems-of-southeast-europe#forward-direction_1,,,,,,,,,,,,,,
158819,2026,Europe,7,09-May-26,"Budapest, Hungary","Vilshofen, Germany",Melodies of the Danube  ,AmaWaterways,AmaMora,,,,,Quote Available,Quote Available,Quote Available,Quote Available,https://www.amawaterways.au/Assets/Desktop/Cruises/MAP_2026_melodies-of-danube-CO.jpg,https://www.amawaterways.au/destination/europe-river-cruises/2026/melodies-of-the-danube,,,,,,,,,,,,,,
87482,2026,Europe,7,09-May-26,"Paris, France","Paris, France",Paris & Normandy  ,AmaWaterways,AmaDante,,,,,Quote Available,Quote Available,Quote Available,Quote Available,https://www.amawaterways.au/Assets/Desktop/Cruises/MAP_2025_Paris_Normandy_CO.jpg,https://www.amawaterways.au/destination/europe-river-cruises/2026/paris-normandy#forward-direction_0,,,,,,,,,,,,,,
16001,2026,Europe,11,09-May-26,"Lake Como, Italy","Amsterdam, Netherlands",Swiss Alps & Rhine Castles ,AmaWaterways,AmaSerena,,,,,Quote Available,Quote Available,Quote Available,Quote Available,https://www.amawaterways.au/Assets/Desktop/Cruises/MAP_2025_Swiss%20Alps%20&%20Rhine%20Castles_CL.jpg,https://www.amawaterways.au/destination/europe-river-cruises/2026/swiss-alps-rhine-castles#forward-direction_1,,,,,,,,,,,,,,
268813,2026,Europe,12,10-May-26,"Zurich, Switzerland","Amsterdam, Netherlands",Enchanting Rhine  ,AmaWaterways,AmaSiena,,,,,Quote Available,Quote Available,Quote Available,Quote Available,https://www.amawaterways.au/Assets/Desktop/Cruises/MAP_2025_Enchanting%20Rhine_CL.jpg,https://www.amawaterways.au/destination/europe-river-cruises/2026/enchanting-rhine#forward-direction_1,,,,,,,,,,,,,,
254386,2026,Europe,15,10-May-26,"Vilshofen, Germany","Giurgiu, Romania",Grand Danube Cruise  ,AmaWaterways,AmaMagna,,,,,Quote Available,Quote Available,Quote Available,Quote Available,https://www.amawaterways.au/Assets/Desktop/Cruises/MAP_2025_Grand_Danube_CO-VG.jpg,https://www.amawaterways.au/destination/europe-river-cruises/2026/grand-danube-cruise#forward-direction_0,,,,,,,,,,,,,,
33377,2026,Europe,7,10-May-26,"Vilshofen, Germany","Budapest, Hungary",Magna On The Danube  ,AmaWaterways,AmaMagna,,,,,Quote Available,Quote Available,Quote Available,Quote Available,https://www.amawaterways.au/Assets/Desktop/Cruises/MAP_2026_danube-magna-cruise-BE-CO.jpg,https://www.amawaterways.au/destination/europe-river-cruises/2026/magna-on-the-danube#reverse-direction_0,,,,,,,,,,,,,,
132997,2026,Europe,13,10-May-26,"Amsterdam, Netherlands","Lake Como, Italy",Rhine Castles & Swiss Alps ,AmaWaterways,AmaVenita,,,,,Quote Available,Quote Available,Quote Available,Quote Available,https://www.amawaterways.au/Assets/Desktop/Cruises/MAP_2025_Rhine%20Castles%20&%20Swiss%20Alps_CL.jpg,https://www.amawaterways.au/destination/europe-river-cruises/2026/rhine-castles-swiss-alps#forward-direction_1,,,,,,,,,,,,,,
88015,2026,Europe,15,10-May-26,"Bilbao, Spain","Paris, France",Taste of Bordeaux ,AmaWaterways,AmaDolce,,,,,Quote Available,Quote Available,Quote Available,Quote Available,https://www.amawaterways.au/Assets/Desktop/Cruises/taste_of_bordeaux_basque_PRE_loire-paris_POST_2026.jpg,https://www.amawaterways.au/destination/europe-river-cruises/2026/taste-of-bordeaux#forward-direction_1,,,,,,,,,,,,,,
67140,2026,Europe,10,11-May-26,"Amsterdam, Netherlands","Amsterdam, Netherlands",Best of Holland & Belgium ,AmaWaterways,AmaPrima,,,,,Quote Available,Quote Available,Quote Available,Quote Available,https://www.amawaterways.au/Assets/Desktop/Cruises/MAP_2025_BestofHolland_CL.jpg,https://www.amawaterways.au/destination/europe-river-cruises/2026/best-of-holland-belgium#forward-direction_1,,,,,,,,,,,,,,
21008,2026,Europe,13,11-May-26,"Budapest, Hungary","Prague, Czech Republic",Blue Danube Discovery ,AmaWaterways,AmaSonata,,,,,Quote Available,Quote Available,Quote Available,Quote Available,https://www.amawaterways.au/Assets/Desktop/Cruises/MAP_2026_Blue-Danube-Discovery.jpg,https://www.amawaterways.au/destination/europe-river-cruises/2026/blue-danube-discovery#forward-direction_1,,,,,,,,,,,,,,
87812,2026,Europe,14,11-May-26,"Barcelona, Spain","Paris, France",Colors of Provence ,AmaWaterways,AmaKristina,,,,,Quote Available,Quote Available,Quote Available,Quote Available,https://www.amawaterways.au/Assets/Desktop/Cruises/MAP_2025_Colors%20of%20Provence_CL-PB.jpg,https://www.amawaterways.au/destination/europe-river-cruises/2026/colors-of-provence#reverse-direction_1,,,,,,,,,,,,,,
193895,2026,Europe,7,11-May-26,"Budapest, Hungary","Giurgiu, Romania",Gems of Southeast Europe  ,AmaWaterways,AmaVerde,,,,,Quote Available,Quote Available,Quote Available,Quote Available,https://www.amawaterways.au/Assets/Desktop/Cruises/MAP_2026-Gems-of-Southeast-Europe_Cruise-Only_Bud-Giurgiu_AJ.jpg,https://www.amawaterways.au/destination/europe-river-cruises/2026/gems-of-southeast-europe#forward-direction_0,,,,,,,,,,,,,,
286559,2026,Europe,14,12-May-26,"Amsterdam, Netherlands","Zurich, Switzerland",Captivating Rhine  (Smithsonian Journey),AmaWaterways,AmaLucia,,,,,Quote Available,Quote Available,Quote Available,Quote Available,https://www.amawaterways.au/Assets/Desktop/Cruises/MAP_2025_Captivating%20Rhine_CL.jpg,https://www.amawaterways.au/destination/europe-river-cruises/2026/captivating-rhine#forward-direction_1,,,,,,,,,,,,,,
268814,2026,Europe,12,12-May-26,"Zurich, Switzerland","Amsterdam, Netherlands",Enchanting Rhine  ,AmaWaterways,AmaViola,,,,,Quote Available,Quote Available,Quote Available,Quote Available,https://www.amawaterways.au/Assets/Desktop/Cruises/MAP_2025_Enchanting%20Rhine_CL.jpg,https://www.amawaterways.au/destination/europe-river-cruises/2026/enchanting-rhine#forward-direction_1,,,,,,,,,,,,,,
30598,2026,Europe,11,12-May-26,"Lisbon, Portugal","Porto, Portugal",Enticing Douro ,AmaWaterways,AmaSintra,,,,,Quote Available,Quote Available,Quote Available,Quote Available,https://www.amawaterways.au/Assets/Desktop/Cruises/MAP_2025_Enticing%20Douro_CL.jpg,https://www.amawaterways.au/destination/europe-river-cruises/2026/enticing-douro#forward-direction_1,,,,,,,,,,,,,,
84582,2026,Europe,7,12-May-26,"Porto, Portugal","Porto, Portugal",Enticing Douro  ,AmaWaterways,AmaDouro,,,,,Quote Available,Quote Available,Quote Available,Quote Available,https://www.amawaterways.au/Assets/Desktop/Cruises/MAP_2025_Enticing%20Douro_CO.jpg,https://www.amawaterways.au/destination/europe-river-cruises/2026/enticing-douro#forward-direction_0,,,,,,,,,,,,,,
133664,2026,Europe,10,12-May-26,"Paris, France","Paris, France",Paris & Normandy ,AmaWaterways,AmaLyra,,,,,Quote Available,Quote Available,Quote Available,Quote Available,https://www.amawaterways.au/Assets/Desktop/Cruises/MAP_2025_Paris_Normandy_CO.jpg,https://www.amawaterways.au/destination/europe-river-cruises/2026/paris-normandy#forward-direction_0,,,,,,,,,,,,,,
119733,2026,Europe,7,12-May-26,"Amsterdam, Netherlands","Basel, Switzerland",Rhine Castles & Swiss Alps  ,AmaWaterways,AmaVenita,,,,,Quote Available,Quote Available,Quote Available,Quote Available,https://www.amawaterways.au/Assets/Desktop/Cruises/MAP_2025_Rhine_Castles_Swiss_Alps_CO.jpg,https://www.amawaterways.au/destination/europe-river-cruises/2026/rhine-castles-swiss-alps#forward-direction_0,,,,,,,,,,,,,,
133956,2026,Europe,7,12-May-26,"Basel, Switzerland","Amsterdam, Netherlands",Swiss Alps & Rhine Castles  ,AmaWaterways,AmaSerena,,,,,Quote Available,Quote Available,Quote Available,Quote Available,https://www.amawaterways.au/Assets/Desktop/Cruises/MAP_2025_Swiss_Alps_Rhine_Castles_CO.jpg,https://www.amawaterways.au/destination/europe-river-cruises/2026/swiss-alps-rhine-castles#forward-direction_0,,,,,,,,,,,,,,
284776,2026,Europe,7,13-May-26,"Budapest, Hungary","Nuremberg, Germany",Blue Danube Discovery  ,AmaWaterways,AmaSonata,,,,,Quote Available,Quote Available,Quote Available,Quote Available,https://www.amawaterways.au/Assets/Desktop/Cruises/MAP_2025_Blue_Danube_Discovery_CO.jpg,https://www.amawaterways.au/destination/europe-river-cruises/2026/blue-danube-discovery#forward-direction_0,,,,,,,,,,,,,,
62904,2026,Europe,7,13-May-26,"Basel, Switzerland","Amsterdam, Netherlands",Enchanting Rhine  ,AmaWaterways,AmaCerto,,,,,Quote Available,Quote Available,Quote Available,Quote Available,https://www.amawaterways.au/Assets/Desktop/Cruises/MAP_2025_Enchanting%20Rhine_CO.jpg,https://www.amawaterways.au/destination/europe-river-cruises/2026/enchanting-rhine#forward-direction_0,,,,,,,,,,,,,,
137180,2026,Europe,11,13-May-26,"Prague, Czech Republic","Budapest, Hungary",Romantic Danube ,AmaWaterways,AmaMora,,,,,Quote Available,Quote Available,Quote Available,Quote Available,https://www.amawaterways.au/Assets/Desktop/Cruises/MAP_2026_romantic-danube-prague.jpg,https://www.amawaterways.au/destination/europe-river-cruises/2026/romantic-danube#forward-direction_2,,,,,,,,,,,,,,
286555,2026,Europe,7,14-May-26,"Amsterdam, Netherlands","Basel, Switzerland","Captivating Rhine  (Smithsonian Journey, Cruise Only)",AmaWaterways,AmaLucia,,,,,Quote Available,Quote Available,Quote Available,Quote Available,https://www.amawaterways.au/Assets/Desktop/Cruises/MAP_2025_Captivating%20Rhine_CO.jpg,https://www.amawaterways.au/destination/europe-river-cruises/2026/captivating-rhine#forward-direction_0,,,,,,,,,,,,,,
87789,2026,Europe,7,14-May-26,"Arles, France","Lyon, France",Colors of Provence  ,AmaWaterways,AmaKristina,,,,,Quote Available,Quote Available,Quote Available,Quote Available,https://www.amawaterways.au/Assets/Desktop/Cruises/MAP_2025_Colors%20of%20Provence_CO-LA.jpg,https://www.amawaterways.au/destination/europe-river-cruises/2026/colors-of-provence#reverse-direction_0,,,,,,,,,,,,,,
63360,2026,Europe,7,14-May-26,"Basel, Switzerland","Amsterdam, Netherlands",Enchanting Rhine  ,AmaWaterways,AmaSiena,,,,,Quote Available,Quote Available,Quote Available,Quote Available,https://www.amawaterways.au/Assets/Desktop/Cruises/MAP_2025_Enchanting%20Rhine_CO.jpg,https://www.amawaterways.au/destination/europe-river-cruises/2026/enchanting-rhine#forward-direction_0,,,,,,,,,,,,,,
193928,2026,Europe,14,14-May-26,"Bucharest, Romania","Vienna, Austria",Gems of Southeast Europe ,AmaWaterways,AmaVerde,,,,,Quote Available,Quote Available,Quote Available,Quote Available,https://www.amawaterways.au/Assets/Desktop/Cruises/MAP_2026-Gems-of-Southeast-Europe_Full-Land_Vienna-Giurgiu-(AJ).jpg,https://www.amawaterways.au/destination/europe-river-cruises/2026/gems-of-southeast-europe#reverse-direction_1,,,,,,,,,,,,,,
256477,2026,Europe,22,14-May-26,"Giurgiu, Romania","Vilshofen, Germany",Grand Danube Cruise ,AmaWaterways,AmaVerde,,,,,Quote Available,Quote Available,Quote Available,Quote Available,https://www.amawaterways.au/Assets/Desktop/Cruises/MAP_2025_Grand_Danube_CO-VG.jpg,https://www.amawaterways.au/destination/europe-river-cruises/2026/grand-danube-cruise#reverse-direction_3,,,,,,,,,,,,,,
82457,2026,Europe,19,14-May-26,"Amsterdam, Netherlands","Budapest, Hungary",Magnificent Europe ,AmaWaterways,AmaLea,,,,,Quote Available,Quote Available,Quote Available,Quote Available,https://www.amawaterways.au/Assets/Desktop/Cruises/MAP_2026_magnificent_europe_ams_bud.jpg,https://www.amawaterways.au/destination/europe-river-cruises/2026/magnificent-europe#forward-direction_1,,,,,,,,,,,,,,
136334,2026,Europe,17,14-May-26,"Budapest, Hungary","Amsterdam, Netherlands",Magnificent Europe ,AmaWaterways,AmaStella,,,,,Quote Available,Quote Available,Quote Available,Quote Available,https://www.amawaterways.au/Assets/Desktop/Cruises/MAP_2026_magnificent_europe_ams_bud.jpg,https://www.amawaterways.au/destination/europe-river-cruises/2026/magnificent-europe#reverse-direction_1,,,,,,,,,,,,,,
136572,2026,Europe,7,14-May-26,"Paris, France","Paris, France",Paris & Normandy  ,AmaWaterways,AmaLyra,,,,,Quote Available,Quote Available,Quote Available,Quote Available,https://www.amawaterways.au/Assets/Desktop/Cruises/MAP_2025_Paris_Normandy_CO.jpg,https://www.amawaterways.au/destination/europe-river-cruises/2026/paris-normandy#forward-direction_0,,,,,,,,,,,,,,
286529,2026,Europe,7,14-May-26,"Paris, France","Paris, France","Paris & Normandy  (Smithsonian Journey, Cruise Only)",AmaWaterways,AmaLyra,,,,,Quote Available,Quote Available,Quote Available,Quote Available,https://www.amawaterways.au/Assets/Desktop/Cruises/MAP_2025_Paris_Normandy_CO.jpg,https://www.amawaterways.au/destination/europe-river-cruises/2026/paris-normandy#forward-direction_0,,,,,,,,,,,,,,
32316,2026,Europe,10,14-May-26,"Munich, Germany","Budapest, Hungary",Romantic Danube ,AmaWaterways,AmaMora,,,,,Quote Available,Quote Available,Quote Available,Quote Available,https://www.amawaterways.au/Assets/Desktop/Cruises/MAP_2026_romantic-danube-munich.jpg,https://www.amawaterways.au/destination/europe-river-cruises/2026/romantic-danube#forward-direction_1,,,,,,,,,,,,,,
87977,2026,Europe,7,14-May-26,"Bordeaux, France","Bordeaux, France",Taste of Bordeaux  ,AmaWaterways,AmaDolce,,,,,Quote Available,Quote Available,Quote Available,Quote Available,https://www.amawaterways.au/Assets/Desktop/Cruises/MAP_Taste_of_Bordeaux_2026_CO.png,https://www.amawaterways.au/destination/europe-river-cruises/2026/taste-of-bordeaux#forward-direction_0,,,,,,,,,,,,,,
84584,2026,Europe,7,15-May-26,"Porto, Portugal","Porto, Portugal",Enticing Douro  ,AmaWaterways,AmaSintra,,,,,Quote Available,Quote Available,Quote Available,Quote Available,https://www.amawaterways.au/Assets/Desktop/Cruises/MAP_2025_Enticing%20Douro_CO.jpg,https://www.amawaterways.au/destination/europe-river-cruises/2026/enticing-douro#forward-direction_0,,,,,,,,,,,,,,
193909,2026,Europe,14,15-May-26,"Vienna, Austria","Bucharest, Romania",Gems of Southeast Europe ,AmaWaterways,AmaMagna,,,,,Quote Available,Quote Available,Quote Available,Quote Available,https://www.amawaterways.au/Assets/Desktop/Cruises/MAP_2026-Gems-of-Southeast-Europe_Full-Land_Vienna-Giurgiu-(AJ).jpg,https://www.amawaterways.au/destination/europe-river-cruises/2026/gems-of-southeast-europe#forward-direction_1,,,,,,,,,,,,,,
44943,2026,Europe,22,15-May-26,"Prague, Czech Republic","Bucharest, Romania",Grand Danube Cruise ,AmaWaterways,AmaBella,,,,,Quote Available,Quote Available,Quote Available,Quote Available,https://www.amawaterways.au/Assets/Desktop/Cruises/MAP_2025_Grand_Danube_CL-PB.jpg,https://www.amawaterways.au/destination/europe-river-cruises/2026/grand-danube-cruise#forward-direction_1,,,,,,,,,,,,,,
286522,2026,Europe,22,15-May-26,"Prague, Czech Republic","Bucharest, Romania",Grand Danube Cruise  (Smithsonian Journey),AmaWaterways,AmaBella,,,,,Quote Available,Quote Available,Quote Available,Quote Available,https://www.amawaterways.au/Assets/Desktop/Cruises/MAP_2025_Grand_Danube_CL-PB.jpg,https://www.amawaterways.au/destination/europe-river-cruises/2026/grand-danube-cruise#forward-direction_1,,,,,,,,,,,,,,
86862,2026,Europe,11,15-May-26,"Prague, Czech Republic","Budapest, Hungary",Romantic Danube ,AmaWaterways,AmaBella,,,,,Quote Available,Quote Available,Quote Available,Quote Available,https://www.amawaterways.au/Assets/Desktop/Cruises/MAP_2026_romantic-danube-prague.jpg,https://www.amawaterways.au/destination/europe-river-cruises/2026/romantic-danube#forward-direction_2,,,,,,,,,,,,,,
286534,2026,Europe,10,15-May-26,"Munich, Germany","Budapest, Hungary",Romantic Danube  (Smithsonian Journey),AmaWaterways,AmaBella,,,,,Quote Available,Quote Available,Quote Available,Quote Available,https://www.amawaterways.au/Assets/Desktop/Cruises/MAP_2026_romantic-danube-munich.jpg,https://www.amawaterways.au/destination/europe-river-cruises/2026/romantic-danube#forward-direction_1,,,,,,,,,,,,,,
63383,2026,Europe,7,16-May-26,"Basel, Switzerland","Amsterdam, Netherlands",Enchanting Rhine  ,AmaWaterways,AmaViola,,,,,Quote Available,Quote Available,Quote Available,Quote Available,https://www.amawaterways.au/Assets/Desktop/Cruises/MAP_2025_Enchanting%20Rhine_CO.jpg,https://www.amawaterways.au/destination/europe-river-cruises/2026/enchanting-rhine#forward-direction_0,,,,,,,,,,,,,,
30706,2026,Europe,11,16-May-26,"Lisbon, Portugal","Porto, Portugal",Enticing Douro ,AmaWaterways,AmaDouro,,,,,Quote Available,Quote Available,Quote Available,Quote Available,https://www.amawaterways.au/Assets/Desktop/Cruises/MAP_2025_Enticing%20Douro_CL.jpg,https://www.amawaterways.au/destination/europe-river-cruises/2026/enticing-douro#forward-direction_1,,,,,,,,,,,,,,
82452,2026,Europe,15,16-May-26,"Amsterdam, Netherlands","Budapest, Hungary",Magnificent Europe  ,AmaWaterways,AmaLea,,,,,Quote Available,Quote Available,Quote Available,Quote Available,https://www.amawaterways.au/Assets/Desktop/Cruises/MAP_2026_magnificent_europe_cruise_only.jpg,https://www.amawaterways.au/destination/europe-river-cruises/2026/magnificent-europe#forward-direction_0,,,,,,,,,,,,,,
106245,2026,Europe,15,16-May-26,"Budapest, Hungary","Amsterdam, Netherlands",Magnificent Europe  ,AmaWaterways,AmaStella,,,,,Quote Available,Quote Available,Quote Available,Quote Available,https://www.amawaterways.au/Assets/Desktop/Cruises/MAP_2026_magnificent_europe_cruise_only.jpg,https://www.amawaterways.au/destination/europe-river-cruises/2026/magnificent-europe#reverse-direction_0,,,,,,,,,,,,,,
258277,2026,Europe,7,16-May-26,"Vilshofen, Germany","Budapest, Hungary",Romantic Danube  ,AmaWaterways,AmaMora,,,,,Quote Available,Quote Available,Quote Available,Quote Available,https://www.amawaterways.au/Assets/Desktop/Cruises/MAP_2026_romantic-danube-cruise-CO.jpg,https://www.amawaterways.au/destination/europe-river-cruises/2026/romantic-danube#forward-direction_0,,,,,,,,,,,,,,
19247,2026,Europe,11,16-May-26,"Lake Como, Italy","Amsterdam, Netherlands",Swiss Alps & Rhine Castles ,AmaWaterways,AmaVenita,,,,,Quote Available,Quote Available,Quote Available,Quote Available,https://www.amawaterways.au/Assets/Desktop/Cruises/MAP_2025_Swiss%20Alps%20&%20Rhine%20Castles_CL.jpg,https://www.amawaterways.au/destination/europe-river-cruises/2026/swiss-alps-rhine-castles#forward-direction_1,,,,,,,,,,,,,,
268815,2026,Europe,12,17-May-26,"Zurich, Switzerland","Amsterdam, Netherlands",Enchanting Rhine  ,AmaWaterways,AmaLucia,,,,,Quote Available,Quote Available,Quote Available,Quote Available,https://www.amawaterways.au/Assets/Desktop/Cruises/MAP_2025_Enchanting%20Rhine_CL.jpg,https://www.amawaterways.au/destination/europe-river-cruises/2026/enchanting-rhine#forward-direction_1,,,,,,,,,,,,,,
193899,2026,Europe,7,17-May-26,"Budapest, Hungary","Giurgiu, Romania",Gems of Southeast Europe  ,AmaWaterways,AmaMagna,,,,,Quote Available,Quote Available,Quote Available,Quote Available,https://www.amawaterways.au/Assets/Desktop/Cruises/MAP_2026-Gems-of-Southeast-Europe_Cruise-Only_Bud-Giurgiu_AJ.jpg,https://www.amawaterways.au/destination/europe-river-cruises/2026/gems-of-southeast-europe#forward-direction_0,,,,,,,,,,,,,,
133104,2026,Europe,13,17-May-26,"Amsterdam, Netherlands","Lake Como, Italy",Rhine Castles & Swiss Alps ,AmaWaterways,AmaSerena,,,,,Quote Available,Quote Available,Quote Available,Quote Available,https://www.amawaterways.au/Assets/Desktop/Cruises/MAP_2025_Rhine%20Castles%20&%20Swiss%20Alps_CL.jpg,https://www.amawaterways.au/destination/europe-river-cruises/2026/rhine-castles-swiss-alps#forward-direction_1,,,,,,,,,,,,,,
194013,2026,Europe,10,18-May-26,"Budapest, Hungary","Budapest, Hungary",Best of the Danube ,AmaWaterways,AmaReina,,,,,Quote Available,Quote Available,Quote Available,Quote Available,https://www.amawaterways.au/Assets/Desktop/Cruises/MAP_2026_CelebrationOfMusic_cruise-land.jpg,https://www.amawaterways.au/destination/europe-river-cruises/2026/best-of-the-danube#forward-direction_1,,,,,,,,,,,,,,
131273,2026,Europe,14,18-May-26,"Paris, France","Barcelona, Spain",Colors of Provence ,AmaWaterways,AmaKristina,,,,,Quote Available,Quote Available,Quote Available,Quote Available,https://www.amawaterways.au/Assets/Desktop/Cruises/MAP_2025_Colors%20of%20Provence_CL-PB.jpg,https://www.amawaterways.au/destination/europe-river-cruises/2026/colors-of-provence#forward-direction_1,,,,,,,,,,,,,,
286580,2026,Europe,14,18-May-26,"Paris, France","Barcelona, Spain",Colors of Provence  (Smithsonian Journey),AmaWaterways,AmaKristina,,,,,Quote Available,Quote Available,Quote Available,Quote Available,https://www.amawaterways.au/Assets/Desktop/Cruises/MAP_2025_Colors%20of%20Provence_CL-PB.jpg,https://www.amawaterways.au/destination/europe-river-cruises/2026/colors-of-provence#forward-direction_1,,,,,,,,,,,,,,
193946,2026,Europe,7,18-May-26,"Giurgiu, Romania","Budapest, Hungary",Gems of Southeast Europe  ,AmaWaterways,AmaVerde,,,,,Quote Available,Quote Available,Quote Available,Quote Available,https://www.amawaterways.au/Assets/Desktop/Cruises/MAP_2026-Gems-of-Southeast-Europe_Cruise-Only_Bud-Giurgiu_AJ.jpg,https://www.amawaterways.au/destination/europe-river-cruises/2026/gems-of-southeast-europe#reverse-direction_0,,,,,,,,,,,,,,
254906,2026,Europe,15,18-May-26,"Giurgiu, Romania","Vilshofen, Germany",Grand Danube Cruise  ,AmaWaterways,AmaVerde,,,,,Quote Available,Quote Available,Quote Available,Quote Available,https://www.amawaterways.au/Assets/Desktop/Cruises/MAP_2025_Grand_Danube_CO-VG.jpg,https://www.amawaterways.au/destination/europe-river-cruises/2026/grand-danube-cruise#reverse-direction_3,,,,,,,,,,,,,,
99917,2026,Europe,15,18-May-26,"Vilshofen, Germany","Giurgiu, Romania",Grand Danube Cruise  ,AmaWaterways,AmaBella,,,,,Quote Available,Quote Available,Quote Available,Quote Available,https://www.amawaterways.au/Assets/Desktop/Cruises/MAP_2025_Grand_Danube_CO-VG.jpg,https://www.amawaterways.au/destination/europe-river-cruises/2026/grand-danube-cruise#forward-direction_0,,,,,,,,,,,,,,
286518,2026,Europe,15,18-May-26,"Vilshofen, Germany","Giurgiu, Romania","Grand Danube Cruise  (Smithsonian Journey, Cruise Only)",AmaWaterways,AmaBella,,,,,Quote Available,Quote Available,Quote Available,Quote Available,https://www.amawaterways.au/Assets/Desktop/Cruises/MAP_2025_Grand_Danube_CO-VG.jpg,https://www.amawaterways.au/destination/europe-river-cruises/2026/grand-danube-cruise#forward-direction_0,,,,,,,,,,,,,,
32671,2026,Europe,18,18-May-26,"Amsterdam, Netherlands","Zurich, Switzerland",Rhine & Moselle Fairytales ,AmaWaterways,AmaCerto,,,,,Quote Available,Quote Available,Quote Available,Quote Available,https://www.amawaterways.au/Assets/Desktop/Cruises/MAP_2025_Rhine%20&%20Mos%20Fairytales_CL.jpg,https://www.amawaterways.au/destination/europe-river-cruises/2026/rhine-moselle-fairytales#forward-direction_1,,,,,,,,,,,,,,
95023,2026,Europe,7,18-May-26,"Vilshofen, Germany","Budapest, Hungary",Romantic Danube  ,AmaWaterways,AmaBella,,,,,Quote Available,Quote Available,Quote Available,Quote Available,https://www.amawaterways.au/Assets/Desktop/Cruises/MAP_2026_romantic-danube-cruise-CO.jpg,https://www.amawaterways.au/destination/europe-river-cruises/2026/romantic-danube#forward-direction_0,,,,,,,,,,,,,,
286527,2026,Europe,7,18-May-26,"Vilshofen, Germany","Budapest, Hungary","Romantic Danube  (Smithsonian Journey, Cruise Only)",AmaWaterways,AmaBella,,,,,Quote Available,Quote Available,Quote Available,Quote Available,https://www.amawaterways.au/Assets/Desktop/Cruises/MAP_2026_romantic-danube-cruise-CO.jpg,https://www.amawaterways.au/destination/europe-river-cruises/2026/romantic-danube#forward-direction_0,,,,,,,,,,,,,,
105668,2026,Europe,14,19-May-26,"Amsterdam, Netherlands","Zurich, Switzerland",Captivating Rhine ,AmaWaterways,AmaSiena,,,,,Quote Available,Quote Available,Quote Available,Quote Available,https://www.amawaterways.au/Assets/Desktop/Cruises/MAP_2025_Captivating%20Rhine_CL.jpg,https://www.amawaterways.au/destination/europe-river-cruises/2026/captivating-rhine#forward-direction_1,,,,,,,,,,,,,,
84586,2026,Europe,7,19-May-26,"Porto, Portugal","Porto, Portugal",Enticing Douro  ,AmaWaterways,AmaDouro,,,,,Quote Available,Quote Available,Quote Available,Quote Available,https://www.amawaterways.au/Assets/Desktop/Cruises/MAP_2025_Enticing%20Douro_CO.jpg,https://www.amawaterways.au/destination/europe-river-cruises/2026/enticing-douro#forward-direction_0,,,,,,,,,,,,,,
87603,2026,Europe,10,19-May-26,"Paris, France","Paris, France",Paris & Normandy ,AmaWaterways,AmaLyra,,,,,Quote Available,Quote Available,Quote Available,Quote Available,https://www.amawaterways.au/Assets/Desktop/Cruises/MAP_2025_Paris_Normandy_CO.jpg,https://www.amawaterways.au/destination/europe-river-cruises/2026/paris-normandy#forward-direction_0,,,,,,,,,,,,,,
119748,2026,Europe,7,19-May-26,"Amsterdam, Netherlands","Basel, Switzerland",Rhine Castles & Swiss Alps  ,AmaWaterways,AmaSerena,,,,,Quote Available,Quote Available,Quote Available,Quote Available,https://www.amawaterways.au/Assets/Desktop/Cruises/MAP_2025_Rhine_Castles_Swiss_Alps_CO.jpg,https://www.amawaterways.au/destination/europe-river-cruises/2026/rhine-castles-swiss-alps#forward-direction_0,,,,,,,,,,,,,,
134821,2026,Europe,7,19-May-26,"Basel, Switzerland","Amsterdam, Netherlands",Swiss Alps & Rhine Castles  ,AmaWaterways,AmaVenita,,,,,Quote Available,Quote Available,Quote Available,Quote Available,https://www.amawaterways.au/Assets/Desktop/Cruises/MAP_2025_Swiss_Alps_Rhine_Castles_CO.jpg,https://www.amawaterways.au/destination/europe-river-cruises/2026/swiss-alps-rhine-castles#forward-direction_0,,,,,,,,,,,,,,
193988,2026,Europe,7,20-May-26,"Budapest, Hungary","Budapest, Hungary",Best of the Danube  ,AmaWaterways,AmaReina,,,,,Quote Available,Quote Available,Quote Available,Quote Available,https://www.amawaterways.au/Assets/Desktop/Cruises/MAP_2026-Celebration-of-music-cruise-only.jpg,https://www.amawaterways.au/destination/europe-river-cruises/2026/best-of-the-danube#forward-direction_0,,,,,,,,,,,,,,
257311,2026,Europe,14,20-May-26,"Madrid, Spain","Lisbon, Portugal",Flavors of Portugal & Spain ,AmaWaterways,AmaVida,,,,,Quote Available,Quote Available,Quote Available,Quote Available,https://www.amawaterways.au/Assets/Desktop/Cruises/MAP_2025_Flavors%20of%20Port&Spain_CL-LM.jpg,https://www.amawaterways.au/destination/europe-river-cruises/2026/flavors-of-portugal-spain#reverse-direction_1,,,,,,,,,,,,,,
31933,2026,Europe,12,20-May-26,"Amsterdam, Netherlands","Basel, Switzerland",Rhine & Moselle Fairytales  ,AmaWaterways,AmaCerto,,,,,Quote Available,Quote Available,Quote Available,Quote Available,https://www.amawaterways.au/Assets/Desktop/Cruises/MAP_2025_Rhine_Mos_Fairytales_CO.jpg,https://www.amawaterways.au/destination/europe-river-cruises/2026/rhine-moselle-fairytales#forward-direction_0,,,,,,,,,,,,,,
105962,2026,Europe,14,21-May-26,"Amsterdam, Netherlands","Zurich, Switzerland",Captivating Rhine ,AmaWaterways,AmaViola,,,,,Quote Available,Quote Available,Quote Available,Quote Available,https://www.amawaterways.au/Assets/Desktop/Cruises/MAP_2025_Captivating%20Rhine_CL.jpg,https://www.amawaterways.au/destination/europe-river-cruises/2026/captivating-rhine#forward-direction_1,,,,,,,,,,,,,,
40718,2026,Europe,7,21-May-26,"Amsterdam, Netherlands","Basel, Switzerland",Captivating Rhine  ,AmaWaterways,AmaSiena,,,,,Quote Available,Quote Available,Quote Available,Quote Available,https://www.amawaterways.au/Assets/Desktop/Cruises/MAP_2025_Captivating%20Rhine_CO.jpg,https://www.amawaterways.au/destination/europe-river-cruises/2026/captivating-rhine#forward-direction_0,,,,,,,,,,,,,,
132848,2026,Europe,7,21-May-26,"Lyon, France","Arles, France",Colors of Provence  ,AmaWaterways,AmaKristina,,,,,Quote Available,Quote Available,Quote Available,Quote Available,https://www.amawaterways.au/Assets/Desktop/Cruises/MAP_2025_Colors%20of%20Provence_CO-LA.jpg,https://www.amawaterways.au/destination/europe-river-cruises/2026/colors-of-provence#forward-direction_0,,,,,,,,,,,,,,
286575,2026,Europe,7,21-May-26,"Lyon, France","Arles, France","Colors of Provence  (Smithsonian Journey, Cruise Only)",AmaWaterways,AmaKristina,,,,,Quote Available,Quote Available,Quote Available,Quote Available,https://www.amawaterways.au/Assets/Desktop/Cruises/MAP_2025_Colors%20of%20Provence_CO-LA.jpg,https://www.amawaterways.au/destination/europe-river-cruises/2026/colors-of-provence#reverse-direction_0,,,,,,,,,,,,,,
65895,2026,Europe,7,21-May-26,"Basel, Switzerland","Amsterdam, Netherlands",Enchanting Rhine  ,AmaWaterways,AmaLucia,,,,,Quote Available,Quote Available,Quote Available,Quote Available,https://www.amawaterways.au/Assets/Desktop/Cruises/MAP_2025_Enchanting%20Rhine_CO.jpg,https://www.amawaterways.au/destination/europe-river-cruises/2026/enchanting-rhine#forward-direction_0,,,,,,,,,,,,,,
17518,2026,Europe,20,21-May-26,"Paris, France","Nice, France",Grand Seine & Rhone ,AmaWaterways,AmaLyra,,,,,Quote Available,Quote Available,Quote Available,Quote Available,https://www.amawaterways.au/Assets/Desktop/Cruises/grand_seine_rhone_map_2025.jpg,https://www.amawaterways.au/destination/europe-river-cruises/2026/grand-seine-rhone#forward-direction_1,,,,,,,,,,,,,,
10204,2026,Europe,15,21-May-26,"Paris, France","Arles, France",Grand Seine & Rhone  ,AmaWaterways,AmaLyra,,,,,Quote Available,Quote Available,Quote Available,Quote Available,https://www.amawaterways.au/Assets/Desktop/Cruises/grand_seine_rhone_map_CO_2025.jpg,https://www.amawaterways.au/destination/europe-river-cruises/2026/grand-seine-rhone#forward-direction_0,,,,,,,,,,,,,,
193543,2026,Europe,13,21-May-26,"Budapest, Hungary","Prague, Czech Republic",Melodies of the Danube ,AmaWaterways,AmaMora,,,,,Quote Available,Quote Available,Quote Available,Quote Available,https://www.amawaterways.au/Assets/Desktop/Cruises/MAP_2026_melodies-of-danube-cruise.jpg,https://www.amawaterways.au/destination/europe-river-cruises/2026/melodies-of-the-danube#forward-direction_1,,,,,,,,,,,,,,
87486,2026,Europe,7,21-May-26,"Paris, France","Paris, France",Paris & Normandy  ,AmaWaterways,AmaLyra,,,,,Quote Available,Quote Available,Quote Available,Quote Available,https://www.amawaterways.au/Assets/Desktop/Cruises/MAP_2025_Paris_Normandy_CO.jpg,https://www.amawaterways.au/destination/europe-river-cruises/2026/paris-normandy#forward-direction_0,,,,,,,,,,,,,,
106253,2026,Europe,19,22-May-26,"Amsterdam, Netherlands","Budapest, Hungary",Magnificent Europe ,AmaWaterways,AmaSofia,,,,,Quote Available,Quote Available,Quote Available,Quote Available,https://www.amawaterways.au/Assets/Desktop/Cruises/MAP_2026_magnificent_europe_ams_bud.jpg,https://www.amawaterways.au/destination/europe-river-cruises/2026/magnificent-europe#forward-direction_1,,,,,,,,,,,,,,
40838,2026,Europe,7,23-May-26,"Amsterdam, Netherlands","Basel, Switzerland",Captivating Rhine  ,AmaWaterways,AmaViola,,,,,Quote Available,Quote Available,Quote Available,Quote Available,https://www.amawaterways.au/Assets/Desktop/Cruises/MAP_2025_Captivating%20Rhine_CO.jpg,https://www.amawaterways.au/destination/europe-river-cruises/2026/captivating-rhine#forward-direction_0,,,,,,,,,,,,,,
256571,2026,Europe,7,23-May-26,"Vega Terrón, Spain","Porto, Portugal",Flavors of Portugal & Spain  ,AmaWaterways,AmaVida,,,,,Quote Available,Quote Available,Quote Available,Quote Available,https://www.amawaterways.au/Assets/Desktop/Cruises/MAP_2025_Flavors_of_Port_Spain_CO-PV.jpg,https://www.amawaterways.au/destination/europe-river-cruises/2026/flavors-of-portugal-spain#reverse-direction_0,,,,,,,,,,,,,,
23939,2026,Europe,14,23-May-26,"Vienna, Austria","Bucharest, Romania",Gems of Southeast Europe ,AmaWaterways,AmaBella,,,,,Quote Available,Quote Available,Quote Available,Quote Available,https://www.amawaterways.au/Assets/Desktop/Cruises/MAP_2026-Gems-of-Southeast-Europe_Full-Land_Vienna-Giurgiu-(AJ).jpg,https://www.amawaterways.au/destination/europe-river-cruises/2026/gems-of-southeast-europe#forward-direction_1,,,,,,,,,,,,,,
286573,2026,Europe,14,23-May-26,"Vienna, Austria","Bucharest, Romania",Gems of Southeast Europe  (Smithsonian Journey),AmaWaterways,AmaBella,,,,,Quote Available,Quote Available,Quote Available,Quote Available,https://www.amawaterways.au/Assets/Desktop/Cruises/MAP_2026-Gems-of-Southeast-Europe_Full-Land_Vienna-Giurgiu-(AJ).jpg,https://www.amawaterways.au/destination/europe-river-cruises/2026/gems-of-southeast-europe#forward-direction_1,,,,,,,,,,,,,,
193544,2026,Europe,13,23-May-26,"Budapest, Hungary","Prague, Czech Republic",Melodies of the Danube ,AmaWaterways,AmaVerde,,,,,Quote Available,Quote Available,Quote Available,Quote Available,https://www.amawaterways.au/Assets/Desktop/Cruises/MAP_2026_melodies-of-danube-cruise.jpg,https://www.amawaterways.au/destination/europe-river-cruises/2026/melodies-of-the-danube#forward-direction_1,,,,,,,,,,,,,,
161895,2026,Europe,7,23-May-26,"Budapest, Hungary","Vilshofen, Germany",Melodies of the Danube  ,AmaWaterways,AmaMora,,,,,Quote Available,Quote Available,Quote Available,Quote Available,https://www.amawaterways.au/Assets/Desktop/Cruises/MAP_2026_melodies-of-danube-CO.jpg,https://www.amawaterways.au/destination/europe-river-cruises/2026/melodies-of-the-danube,,,,,,,,,,,,,,
24703,2026,Europe,11,23-May-26,"Lake Como, Italy","Amsterdam, Netherlands",Swiss Alps & Rhine Castles ,AmaWaterways,AmaSerena,,,,,Quote Available,Quote Available,Quote Available,Quote Available,https://www.amawaterways.au/Assets/Desktop/Cruises/MAP_2025_Swiss%20Alps%20&%20Rhine%20Castles_CL.jpg,https://www.amawaterways.au/destination/europe-river-cruises/2026/swiss-alps-rhine-castles#forward-direction_1,,,,,,,,,,,,,,
268816,2026,Europe,12,24-May-26,"Zurich, Switzerland","Amsterdam, Netherlands",Enchanting Rhine  ,AmaWaterways,AmaSiena,,,,,Quote Available,Quote Available,Quote Available,Quote Available,https://www.amawaterways.au/Assets/Desktop/Cruises/MAP_2025_Enchanting%20Rhine_CL.jpg,https://www.amawaterways.au/destination/europe-river-cruises/2026/enchanting-rhine#forward-direction_1,,,,,,,,,,,,,,
106252,2026,Europe,15,24-May-26,"Amsterdam, Netherlands","Budapest, Hungary",Magnificent Europe  ,AmaWaterways,AmaSofia,,,,,Quote Available,Quote Available,Quote Available,Quote Available,https://www.amawaterways.au/Assets/Desktop/Cruises/MAP_2026_magnificent_europe_cruise_only.jpg,https://www.amawaterways.au/destination/europe-river-cruises/2026/magnificent-europe#forward-direction_0,,,,,,,,,,,,,,
133105,2026,Europe,13,24-May-26,"Amsterdam, Netherlands","Lake Como, Italy",Rhine Castles & Swiss Alps ,AmaWaterways,AmaVenita,,,,,Quote Available,Quote Available,Quote Available,Quote Available,https://www.amawaterways.au/Assets/Desktop/Cruises/MAP_2025_Rhine%20Castles%20&%20Swiss%20Alps_CL.jpg,https://www.amawaterways.au/destination/europe-river-cruises/2026/rhine-castles-swiss-alps#forward-direction_1,,,,,,,,,,,,,,
88018,2026,Europe,15,24-May-26,"Bilbao, Spain","Paris, France",Taste of Bordeaux ,AmaWaterways,AmaDolce,,,,,Quote Available,Quote Available,Quote Available,Quote Available,https://www.amawaterways.au/Assets/Desktop/Cruises/taste_of_bordeaux_basque_PRE_loire-paris_POST_2026.jpg,https://www.amawaterways.au/destination/europe-river-cruises/2026/taste-of-bordeaux#forward-direction_1,,,,,,,,,,,,,,
194014,2026,Europe,10,25-May-26,"Budapest, Hungary","Budapest, Hungary",Best of the Danube ,AmaWaterways,AmaReina,,,,,Quote Available,Quote Available,Quote Available,Quote Available,https://www.amawaterways.au/Assets/Desktop/Cruises/MAP_2026_CelebrationOfMusic_cruise-land.jpg,https://www.amawaterways.au/destination/europe-river-cruises/2026/best-of-the-danube#forward-direction_1,,,,,,,,,,,,,,
22754,2026,Europe,13,25-May-26,"Budapest, Hungary","Prague, Czech Republic",Blue Danube Discovery ,AmaWaterways,AmaSonata,,,,,Quote Available,Quote Available,Quote Available,Quote Available,https://www.amawaterways.au/Assets/Desktop/Cruises/MAP_2026_Blue-Danube-Discovery.jpg,https://www.amawaterways.au/destination/europe-river-cruises/2026/blue-danube-discovery#forward-direction_1,,,,,,,,,,,,,,
87813,2026,Europe,14,25-May-26,"Barcelona, Spain","Paris, France",Colors of Provence ,AmaWaterways,AmaKristina,,,,,Quote Available,Quote Available,Quote Available,Quote Available,https://www.amawaterways.au/Assets/Desktop/Cruises/MAP_2025_Colors%20of%20Provence_CL-PB.jpg,https://www.amawaterways.au/destination/europe-river-cruises/2026/colors-of-provence#reverse-direction_1,,,,,,,,,,,,,,
28270,2026,Europe,7,25-May-26,"Budapest, Hungary","Giurgiu, Romania",Gems of Southeast Europe  ,AmaWaterways,AmaBella,,,,,Quote Available,Quote Available,Quote Available,Quote Available,https://www.amawaterways.au/Assets/Desktop/Cruises/MAP_2026-Gems-of-Southeast-Europe_Cruise-Only_Bud-Giurgiu_AJ.jpg,https://www.amawaterways.au/destination/europe-river-cruises/2026/gems-of-southeast-europe#forward-direction_0,,,,,,,,,,,,,,
286567,2026,Europe,7,25-May-26,"Budapest, Hungary","Giurgiu, Romania","Gems of Southeast Europe  (Smithsonian Journey, Cruise Only)",AmaWaterways,AmaBella,,,,,Quote Available,Quote Available,Quote Available,Quote Available,https://www.amawaterways.au/Assets/Desktop/Cruises/MAP_2026-Gems-of-Southeast-Europe_Cruise-Only_Bud-Giurgiu_AJ.jpg,https://www.amawaterways.au/destination/europe-river-cruises/2026/gems-of-southeast-europe#forward-direction_0,,,,,,,,,,,,,,
165054,2026,Europe,7,25-May-26,"Budapest, Hungary","Vilshofen, Germany",Melodies of the Danube  ,AmaWaterways,AmaVerde,,,,,Quote Available,Quote Available,Quote Available,Quote Available,https://www.amawaterways.au/Assets/Desktop/Cruises/MAP_2026_melodies-of-danube-CO.jpg,https://www.amawaterways.au/destination/europe-river-cruises/2026/melodies-of-the-danube,,,,,,,,,,,,,,
106260,2026,Europe,14,26-May-26,"Amsterdam, Netherlands","Zurich, Switzerland",Captivating Rhine ,AmaWaterways,AmaLucia,,,,,Quote Available,Quote Available,Quote Available,Quote Available,https://www.amawaterways.au/Assets/Desktop/Cruises/MAP_2025_Captivating%20Rhine_CL.jpg,https://www.amawaterways.au/destination/europe-river-cruises/2026/captivating-rhine#forward-direction_1,,,,,,,,,,,,,,
268817,2026,Europe,12,26-May-26,"Zurich, Switzerland","Amsterdam, Netherlands",Enchanting Rhine  ,AmaWaterways,AmaViola,,,,,Quote Available,Quote Available,Quote Available,Quote Available,https://www.amawaterways.au/Assets/Desktop/Cruises/MAP_2025_Enchanting%20Rhine_CL.jpg,https://www.amawaterways.au/destination/europe-river-cruises/2026/enchanting-rhine#forward-direction_1,,,,,,,,,,,,,,
35086,2026,Europe,11,26-May-26,"Lisbon, Portugal","Porto, Portugal",Enticing Douro ,AmaWaterways,AmaSintra,,,,,Quote Available,Quote Available,Quote Available,Quote Available,https://www.amawaterways.au/Assets/Desktop/Cruises/MAP_2025_Enticing%20Douro_CL.jpg,https://www.amawaterways.au/destination/europe-river-cruises/2026/enticing-douro#forward-direction_1,,,,,,,,,,,,,,
87605,2026,Europe,10,26-May-26,"Paris, France","Paris, France",Paris & Normandy ,AmaWaterways,AmaLyra,,,,,Quote Available,Quote Available,Quote Available,Quote Available,https://www.amawaterways.au/Assets/Desktop/Cruises/MAP_2025_Paris_Normandy_CO.jpg,https://www.amawaterways.au/destination/europe-river-cruises/2026/paris-normandy#forward-direction_0,,,,,,,,,,,,,,
120599,2026,Europe,7,26-May-26,"Amsterdam, Netherlands","Basel, Switzerland",Rhine Castles & Swiss Alps  ,AmaWaterways,AmaVenita,,,,,Quote Available,Quote Available,Quote Available,Quote Available,https://www.amawaterways.au/Assets/Desktop/Cruises/MAP_2025_Rhine_Castles_Swiss_Alps_CO.jpg,https://www.amawaterways.au/destination/europe-river-cruises/2026/rhine-castles-swiss-alps#forward-direction_0,,,,,,,,,,,,,,
134907,2026,Europe,7,26-May-26,"Basel, Switzerland","Amsterdam, Netherlands",Swiss Alps & Rhine Castles  ,AmaWaterways,AmaSerena,,,,,Quote Available,Quote Available,Quote Available,Quote Available,https://www.amawaterways.au/Assets/Desktop/Cruises/MAP_2025_Swiss_Alps_Rhine_Castles_CO.jpg,https://www.amawaterways.au/destination/europe-river-cruises/2026/swiss-alps-rhine-castles#forward-direction_0,,,,,,,,,,,,,,
193989,2026,Europe,7,27-May-26,"Budapest, Hungary","Budapest, Hungary",Best of the Danube  ,AmaWaterways,AmaReina,,,,,Quote Available,Quote Available,Quote Available,Quote Available,https://www.amawaterways.au/Assets/Desktop/Cruises/MAP_2026-Celebration-of-music-cruise-only.jpg,https://www.amawaterways.au/destination/europe-river-cruises/2026/best-of-the-danube#forward-direction_0,,,,,,,,,,,,,,
284777,2026,Europe,7,27-May-26,"Budapest, Hungary","Nuremberg, Germany",Blue Danube Discovery  ,AmaWaterways,AmaSonata,,,,,Quote Available,Quote Available,Quote Available,Quote Available,https://www.amawaterways.au/Assets/Desktop/Cruises/MAP_2025_Blue_Danube_Discovery_CO.jpg,https://www.amawaterways.au/destination/europe-river-cruises/2026/blue-danube-discovery#forward-direction_0,,,,,,,,,,,,,,
145610,2026,Europe,11,27-May-26,"Prague, Czech Republic","Budapest, Hungary",Romantic Danube ,AmaWaterways,AmaMora,,,,,Quote Available,Quote Available,Quote Available,Quote Available,https://www.amawaterways.au/Assets/Desktop/Cruises/MAP_2026_romantic-danube-prague.jpg,https://www.amawaterways.au/destination/europe-river-cruises/2026/romantic-danube#forward-direction_2,,,,,,,,,,,,,,
41479,2026,Europe,7,28-May-26,"Amsterdam, Netherlands","Basel, Switzerland",Captivating Rhine  ,AmaWaterways,AmaLucia,,,,,Quote Available,Quote Available,Quote Available,Quote Available,https://www.amawaterways.au/Assets/Desktop/Cruises/MAP_2025_Captivating%20Rhine_CO.jpg,https://www.amawaterways.au/destination/europe-river-cruises/2026/captivating-rhine#forward-direction_0,,,,,,,,,,,,,,
87790,2026,Europe,7,28-May-26,"Arles, France","Lyon, France",Colors of Provence  ,AmaWaterways,AmaKristina,,,,,Quote Available,Quote Available,Quote Available,Quote Available,https://www.amawaterways.au/Assets/Desktop/Cruises/MAP_2025_Colors%20of%20Provence_CO-LA.jpg,https://www.amawaterways.au/destination/europe-river-cruises/2026/colors-of-provence#reverse-direction_0,,,,,,,,,,,,,,
66307,2026,Europe,7,28-May-26,"Basel, Switzerland","Amsterdam, Netherlands",Enchanting Rhine  ,AmaWaterways,AmaSiena,,,,,Quote Available,Quote Available,Quote Available,Quote Available,https://www.amawaterways.au/Assets/Desktop/Cruises/MAP_2025_Enchanting%20Rhine_CO.jpg,https://www.amawaterways.au/destination/europe-river-cruises/2026/enchanting-rhine#forward-direction_0,,,,,,,,,,,,,,
193930,2026,Europe,14,28-May-26,"Bucharest, Romania","Vienna, Austria",Gems of Southeast Europe ,AmaWaterways,AmaBella,,,,,Quote Available,Quote Available,Quote Available,Quote Available,https://www.amawaterways.au/Assets/Desktop/Cruises/MAP_2026-Gems-of-Southeast-Europe_Full-Land_Vienna-Giurgiu-(AJ).jpg,https://www.amawaterways.au/destination/europe-river-cruises/2026/gems-of-southeast-europe#reverse-direction_1,,,,,,,,,,,,,,
256478,2026,Europe,22,28-May-26,"Giurgiu, Romania","Vilshofen, Germany",Grand Danube Cruise ,AmaWaterways,AmaBella,,,,,Quote Available,Quote Available,Quote Available,Quote Available,https://www.amawaterways.au/Assets/Desktop/Cruises/MAP_2025_Grand_Danube_CO-VG.jpg,https://www.amawaterways.au/destination/europe-river-cruises/2026/grand-danube-cruise#reverse-direction_3,,,,,,,,,,,,,,
11666,2026,Europe,20,28-May-26,"Paris, France","Paris, France",Grand Seine & Bordeaux ,AmaWaterways,AmaLyra,,,,,Quote Available,Quote Available,Quote Available,Quote Available,https://www.amawaterways.au/Assets/Desktop/Cruises/grand_seine_bordeaux_map_2025.jpg,https://www.amawaterways.au/destination/europe-river-cruises/2026/grand-seine-bordeaux#forward-direction_1,,,,,,,,,,,,,,
11763,2026,Europe,15,28-May-26,"Paris, France","Bordeaux, France",Grand Seine & Bordeaux  ,AmaWaterways,AmaLyra,,,,,Quote Available,Quote Available,Quote Available,Quote Available,https://www.amawaterways.au/Assets/Desktop/Cruises/grand_seine_bordeaux_map_CO_2025.jpg,https://www.amawaterways.au/destination/europe-river-cruises/2026/grand-seine-bordeaux#forward-direction_0,,,,,,,,,,,,,,
106378,2026,Europe,19,28-May-26,"Amsterdam, Netherlands","Budapest, Hungary",Magnificent Europe ,AmaWaterways,AmaStella,,,,,Quote Available,Quote Available,Quote Available,Quote Available,https://www.amawaterways.au/Assets/Desktop/Cruises/MAP_2026_magnificent_europe_ams_bud.jpg,https://www.amawaterways.au/destination/europe-river-cruises/2026/magnificent-europe#forward-direction_1,,,,,,,,,,,,,,
136335,2026,Europe,17,28-May-26,"Budapest, Hungary","Amsterdam, Netherlands",Magnificent Europe ,AmaWaterways,AmaLea,,,,,Quote Available,Quote Available,Quote Available,Quote Available,https://www.amawaterways.au/Assets/Desktop/Cruises/MAP_2026_magnificent_europe_ams_bud.jpg,https://www.amawaterways.au/destination/europe-river-cruises/2026/magnificent-europe#reverse-direction_1,,,,,,,,,,,,,,
286552,2026,Europe,17,28-May-26,"Budapest, Hungary","Amsterdam, Netherlands",Magnificent Europe  (Smithsonian Journey),AmaWaterways,AmaLea,,,,,Quote Available,Quote Available,Quote Available,Quote Available,https://www.amawaterways.au/Assets/Desktop/Cruises/MAP_2026_magnificent_europe_ams_bud.jpg,https://www.amawaterways.au/destination/europe-river-cruises/2026/magnificent-europe#reverse-direction_1,,,,,,,,,,,,,,
87487,2026,Europe,7,28-May-26,"Paris, France","Paris, France",Paris & Normandy  ,AmaWaterways,AmaLyra,,,,,Quote Available,Quote Available,Quote Available,Quote Available,https://www.amawaterways.au/Assets/Desktop/Cruises/MAP_2025_Paris_Normandy_CO.jpg,https://www.amawaterways.au/destination/europe-river-cruises/2026/paris-normandy#forward-direction_0,,,,,,,,,,,,,,
32317,2026,Europe,10,28-May-26,"Munich, Germany","Budapest, Hungary",Romantic Danube ,AmaWaterways,AmaMora,,,,,Quote Available,Quote Available,Quote Available,Quote Available,https://www.amawaterways.au/Assets/Desktop/Cruises/MAP_2026_romantic-danube-munich.jpg,https://www.amawaterways.au/destination/europe-river-cruises/2026/romantic-danube#forward-direction_1,,,,,,,,,,,,,,
87980,2026,Europe,7,28-May-26,"Bordeaux, France","Bordeaux, France",Taste of Bordeaux  ,AmaWaterways,AmaDolce,,,,,Quote Available,Quote Available,Quote Available,Quote Available,https://www.amawaterways.au/Assets/Desktop/Cruises/MAP_Taste_of_Bordeaux_2026_CO.png,https://www.amawaterways.au/destination/europe-river-cruises/2026/taste-of-bordeaux#forward-direction_0,,,,,,,,,,,,,,
84595,2026,Europe,7,29-May-26,"Porto, Portugal","Porto, Portugal",Enticing Douro  ,AmaWaterways,AmaSintra,,,,,Quote Available,Quote Available,Quote Available,Quote Available,https://www.amawaterways.au/Assets/Desktop/Cruises/MAP_2025_Enticing%20Douro_CO.jpg,https://www.amawaterways.au/destination/europe-river-cruises/2026/enticing-douro#forward-direction_0,,,,,,,,,,,,,,
253917,2026,Europe,22,29-May-26,"Prague, Czech Republic","Bucharest, Romania",Grand Danube Cruise ,AmaWaterways,AmaVerde,,,,,Quote Available,Quote Available,Quote Available,Quote Available,https://www.amawaterways.au/Assets/Desktop/Cruises/MAP_2025_Grand_Danube_CL-PB.jpg,https://www.amawaterways.au/destination/europe-river-cruises/2026/grand-danube-cruise#forward-direction_1,,,,,,,,,,,,,,
151663,2026,Europe,11,29-May-26,"Prague, Czech Republic","Budapest, Hungary",Romantic Danube ,AmaWaterways,AmaVerde,,,,,Quote Available,Quote Available,Quote Available,Quote Available,https://www.amawaterways.au/Assets/Desktop/Cruises/MAP_2026_romantic-danube-prague.jpg,https://www.amawaterways.au/destination/europe-river-cruises/2026/romantic-danube#forward-direction_2,,,,,,,,,,,,,,
66827,2026,Europe,7,30-May-26,"Basel, Switzerland","Amsterdam, Netherlands",Enchanting Rhine  ,AmaWaterways,AmaViola,,,,,Quote Available,Quote Available,Quote Available,Quote Available,https://www.amawaterways.au/Assets/Desktop/Cruises/MAP_2025_Enchanting%20Rhine_CO.jpg,https://www.amawaterways.au/destination/europe-river-cruises/2026/enchanting-rhine#forward-direction_0,,,,,,,,,,,,,,
268818,2026,Europe,12,30-May-26,"Zurich, Switzerland","Amsterdam, Netherlands",Enchanting Rhine  ,AmaWaterways,AmaPrima,,,,,Quote Available,Quote Available,Quote Available,Quote Available,https://www.amawaterways.au/Assets/Desktop/Cruises/MAP_2025_Enchanting%20Rhine_CL.jpg,https://www.amawaterways.au/destination/europe-river-cruises/2026/enchanting-rhine#forward-direction_1,,,,,,,,,,,,,,
35319,2026,Europe,11,30-May-26,"Lisbon, Portugal","Porto, Portugal",Enticing Douro ,AmaWaterways,AmaDouro,,,,,Quote Available,Quote Available,Quote Available,Quote Available,https://www.amawaterways.au/Assets/Desktop/Cruises/MAP_2025_Enticing%20Douro_CL.jpg,https://www.amawaterways.au/destination/europe-river-cruises/2026/enticing-douro#forward-direction_1,,,,,,,,,,,,,,
182387,2026,Europe,7,30-May-26,"Porto, Portugal","Vega Terrón, Spain",Flavors of Portugal & Spain  ,AmaWaterways,AmaVida,,,,,Quote Available,Quote Available,Quote Available,Quote Available,https://www.amawaterways.au/Assets/Desktop/Cruises/MAP_2025_Flavors_of_Port_Spain_CO-PV.jpg,https://www.amawaterways.au/destination/europe-river-cruises/2026/flavors-of-portugal-spain#forward-direction_0,,,,,,,,,,,,,,
16634,2026,Europe,7,30-May-26,"Le Havre, France","Paris, France",Impressions of the Seine & Paris  ,AmaWaterways,AmaDante,,,,,Quote Available,Quote Available,Quote Available,Quote Available,https://www.amawaterways.au/Assets/Desktop/Cruises/MAP_2026_Impressions%20of%20Seine_CO-PL.jpg,https://www.amawaterways.au/destination/europe-river-cruises/2026/impressions-of-the-seine-paris#reverse-direction_0,,,,,,,,,,,,,,
108604,2026,Europe,15,30-May-26,"Amsterdam, Netherlands","Budapest, Hungary",Magnificent Europe  ,AmaWaterways,AmaStella,,,,,Quote Available,Quote Available,Quote Available,Quote Available,https://www.amawaterways.au/Assets/Desktop/Cruises/MAP_2026_magnificent_europe_cruise_only.jpg,https://www.amawaterways.au/destination/europe-river-cruises/2026/magnificent-europe#forward-direction_0,,,,,,,,,,,,,,
106246,2026,Europe,15,30-May-26,"Budapest, Hungary","Amsterdam, Netherlands",Magnificent Europe  ,AmaWaterways,AmaLea,,,,,Quote Available,Quote Available,Quote Available,Quote Available,https://www.amawaterways.au/Assets/Desktop/Cruises/MAP_2026_magnificent_europe_cruise_only.jpg,https://www.amawaterways.au/destination/europe-river-cruises/2026/magnificent-europe#reverse-direction_0,,,,,,,,,,,,,,
286550,2026,Europe,15,30-May-26,"Budapest, Hungary","Amsterdam, Netherlands","Magnificent Europe  (Smithsonian Journey, Cruise Only)",AmaWaterways,AmaStella,,,,,Quote Available,Quote Available,Quote Available,Quote Available,https://www.amawaterways.au/Assets/Desktop/Cruises/MAP_2026_magnificent_europe_cruise_only.jpg,https://www.amawaterways.au/destination/europe-river-cruises/2026/magnificent-europe#reverse-direction_0,,,,,,,,,,,,,,
32322,2026,Europe,10,30-May-26,"Munich, Germany","Budapest, Hungary",Romantic Danube ,AmaWaterways,AmaVerde,,,,,Quote Available,Quote Available,Quote Available,Quote Available,https://www.amawaterways.au/Assets/Desktop/Cruises/MAP_2026_romantic-danube-munich.jpg,https://www.amawaterways.au/destination/europe-river-cruises/2026/romantic-danube#forward-direction_1,,,,,,,,,,,,,,
258442,2026,Europe,7,30-May-26,"Vilshofen, Germany","Budapest, Hungary",Romantic Danube  ,AmaWaterways,AmaMora,,,,,Quote Available,Quote Available,Quote Available,Quote Available,https://www.amawaterways.au/Assets/Desktop/Cruises/MAP_2026_romantic-danube-cruise-CO.jpg,https://www.amawaterways.au/destination/europe-river-cruises/2026/romantic-danube#forward-direction_0,,,,,,,,,,,,,,
26775,2026,Europe,11,30-May-26,"Lake Como, Italy","Amsterdam, Netherlands",Swiss Alps & Rhine Castles ,AmaWaterways,AmaVenita,,,,,Quote Available,Quote Available,Quote Available,Quote Available,https://www.amawaterways.au/Assets/Desktop/Cruises/MAP_2025_Swiss%20Alps%20&%20Rhine%20Castles_CL.jpg,https://www.amawaterways.au/destination/europe-river-cruises/2026/swiss-alps-rhine-castles#forward-direction_1,,,,,,,,,,,,,,
331160,2026,Europe,7,31-May-26,"Budapest, Hungary","Vilshofen, Germany",Magna On The Danube  ,AmaWaterways,AmaMagna,,,,,Quote Available,Quote Available,Quote Available,Quote Available,https://www.amawaterways.au/Assets/Desktop/Cruises/MAP_2026_danube-magna-cruise-BE-CO.jpg,https://www.amawaterways.au/destination/europe-river-cruises/2026/magna-on-the-danube#forward-direction_0,,,,,,,,,,,,,,
133106,2026,Europe,13,31-May-26,"Amsterdam, Netherlands","Lake Como, Italy",Rhine Castles & Swiss Alps ,AmaWaterways,AmaSerena,,,,,Quote Available,Quote Available,Quote Available,Quote Available,https://www.amawaterways.au/Assets/Desktop/Cruises/MAP_2025_Rhine%20Castles%20&%20Swiss%20Alps_CL.jpg,https://www.amawaterways.au/destination/europe-river-cruises/2026/rhine-castles-swiss-alps#forward-direction_1,,,,,,,,,,,,,,
88077,2026,Europe,15,31-May-26,"Bilbao, Spain","Paris, France",Taste of Bordeaux  ,AmaWaterways,AmaDolce,,,,,Quote Available,Quote Available,Quote Available,Quote Available,https://www.amawaterways.au/Assets/Desktop/Cruises/taste_of_bordeaux_basque_PRE_loire-paris_POST_2026.jpg,https://www.amawaterways.au/destination/europe-river-cruises/2026/taste-of-bordeaux#forward-direction_1,,,,,,,,,,,,,,
27259,2026,Europe,13,01-Jun-26,"Budapest, Hungary","Prague, Czech Republic",Blue Danube Discovery ,AmaWaterways,AmaReina,,,,,Quote Available,Quote Available,Quote Available,Quote Available,https://www.amawaterways.au/Assets/Desktop/Cruises/MAP_2026_Blue-Danube-Discovery.jpg,https://www.amawaterways.au/destination/europe-river-cruises/2026/blue-danube-discovery#forward-direction_1,,,,,,,,,,,,,,
193951,2026,Europe,7,01-Jun-26,"Giurgiu, Romania","Budapest, Hungary",Gems of Southeast Europe  ,AmaWaterways,AmaBella,,,,,Quote Available,Quote Available,Quote Available,Quote Available,https://www.amawaterways.au/Assets/Desktop/Cruises/MAP_2026-Gems-of-Southeast-Europe_Cruise-Only_Bud-Giurgiu_AJ.jpg,https://www.amawaterways.au/destination/europe-river-cruises/2026/gems-of-southeast-europe#reverse-direction_0,,,,,,,,,,,,,,
254974,2026,Europe,15,01-Jun-26,"Giurgiu, Romania","Vilshofen, Germany",Grand Danube Cruise  ,AmaWaterways,AmaBella,,,,,Quote Available,Quote Available,Quote Available,Quote Available,https://www.amawaterways.au/Assets/Desktop/Cruises/MAP_2025_Grand_Danube_CO-VG.jpg,https://www.amawaterways.au/destination/europe-river-cruises/2026/grand-danube-cruise#reverse-direction_3,,,,,,,,,,,,,,
254478,2026,Europe,15,01-Jun-26,"Vilshofen, Germany","Giurgiu, Romania",Grand Danube Cruise  ,AmaWaterways,AmaVerde,,,,,Quote Available,Quote Available,Quote Available,Quote Available,https://www.amawaterways.au/Assets/Desktop/Cruises/MAP_2025_Grand_Danube_CO-VG.jpg,https://www.amawaterways.au/destination/europe-river-cruises/2026/grand-danube-cruise#forward-direction_0,,,,,,,,,,,,,,
258443,2026,Europe,7,01-Jun-26,"Vilshofen, Germany","Budapest, Hungary",Romantic Danube  ,AmaWaterways,AmaVerde,,,,,Quote Available,Quote Available,Quote Available,Quote Available,https://www.amawaterways.au/Assets/Desktop/Cruises/MAP_2026_romantic-danube-cruise-CO.jpg,https://www.amawaterways.au/destination/europe-river-cruises/2026/romantic-danube#forward-direction_0,,,,,,,,,,,,,,
106387,2026,Europe,14,02-Jun-26,"Amsterdam, Netherlands","Zurich, Switzerland",Captivating Rhine ,AmaWaterways,AmaSiena,,,,,Quote Available,Quote Available,Quote Available,Quote Available,https://www.amawaterways.au/Assets/Desktop/Cruises/MAP_2025_Captivating%20Rhine_CL.jpg,https://www.amawaterways.au/destination/europe-river-cruises/2026/captivating-rhine#forward-direction_1,,,,,,,,,,,,,,
84596,2026,Europe,7,02-Jun-26,"Porto, Portugal","Porto, Portugal",Enticing Douro  ,AmaWaterways,AmaDouro,,,,,Quote Available,Quote Available,Quote Available,Quote Available,https://www.amawaterways.au/Assets/Desktop/Cruises/MAP_2025_Enticing%20Douro_CO.jpg,https://www.amawaterways.au/destination/europe-river-cruises/2026/enticing-douro#forward-direction_0,,,,,,,,,,,,,,
87606,2026,Europe,10,02-Jun-26,"Paris, France","Paris, France",Paris & Normandy ,AmaWaterways,AmaLyra,,,,,Quote Available,Quote Available,Quote Available,Quote Available,https://www.amawaterways.au/Assets/Desktop/Cruises/MAP_2025_Paris_Normandy_CO.jpg,https://www.amawaterways.au/destination/europe-river-cruises/2026/paris-normandy#forward-direction_0,,,,,,,,,,,,,,
123631,2026,Europe,7,02-Jun-26,"Amsterdam, Netherlands","Basel, Switzerland",Rhine Castles & Swiss Alps  ,AmaWaterways,AmaSerena,,,,,Quote Available,Quote Available,Quote Available,Quote Available,https://www.amawaterways.au/Assets/Desktop/Cruises/MAP_2025_Rhine_Castles_Swiss_Alps_CO.jpg,https://www.amawaterways.au/destination/europe-river-cruises/2026/rhine-castles-swiss-alps#forward-direction_0,,,,,,,,,,,,,,
135591,2026,Europe,7,02-Jun-26,"Basel, Switzerland","Amsterdam, Netherlands",Swiss Alps & Rhine Castles  ,AmaWaterways,AmaVenita,,,,,Quote Available,Quote Available,Quote Available,Quote Available,https://www.amawaterways.au/Assets/Desktop/Cruises/MAP_2025_Swiss_Alps_Rhine_Castles_CO.jpg,https://www.amawaterways.au/destination/europe-river-cruises/2026/swiss-alps-rhine-castles#forward-direction_0,,,,,,,,,,,,,,
284778,2026,Europe,7,03-Jun-26,"Budapest, Hungary","Nuremberg, Germany",Blue Danube Discovery  ,AmaWaterways, AmaReina,,,,,Quote Available,Quote Available,Quote Available,Quote Available,https://www.amawaterways.au/Assets/Desktop/Cruises/MAP_2025_Blue_Danube_Discovery_CO.jpg,https://www.amawaterways.au/destination/europe-river-cruises/2026/blue-danube-discovery#forward-direction_0,,,,,,,,,,,,,,
67090,2026,Europe,7,03-Jun-26,"Basel, Switzerland","Amsterdam, Netherlands",Enchanting Rhine  ,AmaWaterways,AmaPrima,,,,,Quote Available,Quote Available,Quote Available,Quote Available,https://www.amawaterways.au/Assets/Desktop/Cruises/MAP_2025_Enchanting%20Rhine_CO.jpg,https://www.amawaterways.au/destination/europe-river-cruises/2026/enchanting-rhine#forward-direction_0,,,,,,,,,,,,,,
257385,2026,Europe,14,03-Jun-26,"Madrid, Spain","Lisbon, Portugal",Flavors of Portugal & Spain ,AmaWaterways,AmaVida,,,,,Quote Available,Quote Available,Quote Available,Quote Available,https://www.amawaterways.au/Assets/Desktop/Cruises/MAP_2025_Flavors%20of%20Port&Spain_CL-LM.jpg,https://www.amawaterways.au/destination/europe-river-cruises/2026/flavors-of-portugal-spain#reverse-direction_1,,,,,,,,,,,,,,
106954,2026,Europe,14,04-Jun-26,"Amsterdam, Netherlands","Zurich, Switzerland",Captivating Rhine ,AmaWaterways,AmaViola,,,,,Quote Available,Quote Available,Quote Available,Quote Available,https://www.amawaterways.au/Assets/Desktop/Cruises/MAP_2025_Captivating%20Rhine_CL.jpg,https://www.amawaterways.au/destination/europe-river-cruises/2026/captivating-rhine#forward-direction_1,,,,,,,,,,,,,,
42322,2026,Europe,7,04-Jun-26,"Amsterdam, Netherlands","Basel, Switzerland",Captivating Rhine  ,AmaWaterways,AmaSiena,,,,,Quote Available,Quote Available,Quote Available,Quote Available,https://www.amawaterways.au/Assets/Desktop/Cruises/MAP_2025_Captivating%20Rhine_CO.jpg,https://www.amawaterways.au/destination/europe-river-cruises/2026/captivating-rhine#forward-direction_0,,,,,,,,,,,,,,
58712,2026,Europe,22,04-Jun-26,"Prague, Czech Republic","Bucharest, Romania",Grand Danube Cruise ,AmaWaterways,AmaMagna,,,,,Quote Available,Quote Available,Quote Available,Quote Available,https://www.amawaterways.au/Assets/Desktop/Cruises/MAP_2025_Grand_Danube_CL-PB.jpg,https://www.amawaterways.au/destination/europe-river-cruises/2026/grand-danube-cruise#forward-direction_1,,,,,,,,,,,,,,
11667,2026,Europe,20,04-Jun-26,"Paris, France","Paris, France",Grand Seine & Bordeaux ,AmaWaterways,AmaLyra,,,,,Quote Available,Quote Available,Quote Available,Quote Available,https://www.amawaterways.au/Assets/Desktop/Cruises/grand_seine_bordeaux_map_2025.jpg,https://www.amawaterways.au/destination/europe-river-cruises/2026/grand-seine-bordeaux#forward-direction_1,,,,,,,,,,,,,,
11764,2026,Europe,15,04-Jun-26,"Paris, France","Bordeaux, France",Grand Seine & Bordeaux  ,AmaWaterways,AmaLyra,,,,,Quote Available,Quote Available,Quote Available,Quote Available,https://www.amawaterways.au/Assets/Desktop/Cruises/grand_seine_bordeaux_map_CO_2025.jpg,https://www.amawaterways.au/destination/europe-river-cruises/2026/grand-seine-bordeaux#forward-direction_0,,,,,,,,,,,,,,
193546,2026,Europe,13,04-Jun-26,"Budapest, Hungary","Prague, Czech Republic",Melodies of the Danube ,AmaWaterways,AmaMora,,,,,Quote Available,Quote Available,Quote Available,Quote Available,https://www.amawaterways.au/Assets/Desktop/Cruises/MAP_2026_melodies-of-danube-cruise.jpg,https://www.amawaterways.au/destination/europe-river-cruises/2026/melodies-of-the-danube#forward-direction_1,,,,,,,,,,,,,,
87607,2026,Europe,10,04-Jun-26,"Paris, France","Paris, France",Paris & Normandy ,AmaWaterways,AmaDante,,,,,Quote Available,Quote Available,Quote Available,Quote Available,https://www.amawaterways.au/Assets/Desktop/Cruises/MAP_2025_Paris_Normandy_CO.jpg,https://www.amawaterways.au/destination/europe-river-cruises/2026/paris-normandy#forward-direction_0,,,,,,,,,,,,,,
87493,2026,Europe,7,04-Jun-26,"Paris, France","Paris, France",Paris & Normandy  ,AmaWaterways,AmaLyra,,,,,Quote Available,Quote Available,Quote Available,Quote Available,https://www.amawaterways.au/Assets/Desktop/Cruises/MAP_2025_Paris_Normandy_CO.jpg,https://www.amawaterways.au/destination/europe-river-cruises/2026/paris-normandy#forward-direction_0,,,,,,,,,,,,,,
88055,2026,Europe,7,04-Jun-26,"Bordeaux, France","Bordeaux, France",Taste of Bordeaux  ,AmaWaterways,AmaDolce,,,,,Quote Available,Quote Available,Quote Available,Quote Available,https://www.amawaterways.au/Assets/Desktop/Cruises/MAP_Taste_of_Bordeaux_2026_CO.png,https://www.amawaterways.au/destination/europe-river-cruises/2026/taste-of-bordeaux#forward-direction_0,,,,,,,,,,,,,,
193547,2026,Europe,13,05-Jun-26,"Budapest, Hungary","Prague, Czech Republic",Melodies of the Danube ,AmaWaterways,AmaSofia,,,,,Quote Available,Quote Available,Quote Available,Quote Available,https://www.amawaterways.au/Assets/Desktop/Cruises/MAP_2026_melodies-of-danube-cruise.jpg,https://www.amawaterways.au/destination/europe-river-cruises/2026/melodies-of-the-danube#forward-direction_1,,,,,,,,,,,,,,
45074,2026,Europe,7,06-Jun-26,"Amsterdam, Netherlands","Basel, Switzerland",Captivating Rhine  ,AmaWaterways,AmaViola,,,,,Quote Available,Quote Available,Quote Available,Quote Available,https://www.amawaterways.au/Assets/Desktop/Cruises/MAP_2025_Captivating%20Rhine_CO.jpg,https://www.amawaterways.au/destination/europe-river-cruises/2026/captivating-rhine#forward-direction_0,,,,,,,,,,,,,,
257882,2026,Europe,11,06-Jun-26,"Lisbon, Portugal","Porto, Portugal",Enticing Douro ,AmaWaterways,AmaDouro,,,,,Quote Available,Quote Available,Quote Available,Quote Available,https://www.amawaterways.au/Assets/Desktop/Cruises/MAP_2025_Enticing%20Douro_CL.jpg,https://www.amawaterways.au/destination/europe-river-cruises/2026/enticing-douro#forward-direction_1,,,,,,,,,,,,,,
256652,2026,Europe,7,06-Jun-26,"Vega Terrón, Spain","Porto, Portugal",Flavors of Portugal & Spain  ,AmaWaterways,AmaVida,,,,,Quote Available,Quote Available,Quote Available,Quote Available,https://www.amawaterways.au/Assets/Desktop/Cruises/MAP_2025_Flavors_of_Port_Spain_CO-PV.jpg,https://www.amawaterways.au/destination/europe-river-cruises/2026/flavors-of-portugal-spain#reverse-direction_0,,,,,,,,,,,,,,
193910,2026,Europe,14,06-Jun-26,"Vienna, Austria","Bucharest, Romania",Gems of Southeast Europe ,AmaWaterways,AmaVerde,,,,,Quote Available,Quote Available,Quote Available,Quote Available,https://www.amawaterways.au/Assets/Desktop/Cruises/MAP_2026-Gems-of-Southeast-Europe_Full-Land_Vienna-Giurgiu-(AJ).jpg,https://www.amawaterways.au/destination/europe-river-cruises/2026/gems-of-southeast-europe#forward-direction_1,,,,,,,,,,,,,,
193549,2026,Europe,13,06-Jun-26,"Budapest, Hungary","Prague, Czech Republic",Melodies of the Danube ,AmaWaterways,AmaBella,,,,,Quote Available,Quote Available,Quote Available,Quote Available,https://www.amawaterways.au/Assets/Desktop/Cruises/MAP_2026_melodies-of-danube-cruise.jpg,https://www.amawaterways.au/destination/europe-river-cruises/2026/melodies-of-the-danube#forward-direction_1,,,,,,,,,,,,,,
165546,2026,Europe,7,06-Jun-26,"Budapest, Hungary","Vilshofen, Germany",Melodies of the Danube  ,AmaWaterways,AmaMora,,,,,Quote Available,Quote Available,Quote Available,Quote Available,https://www.amawaterways.au/Assets/Desktop/Cruises/MAP_2026_melodies-of-danube-CO.jpg,https://www.amawaterways.au/destination/europe-river-cruises/2026/melodies-of-the-danube,,,,,,,,,,,,,,
87502,2026,Europe,7,06-Jun-26,"Paris, France","Paris, France",Paris & Normandy  ,AmaWaterways,AmaDante,,,,,Quote Available,Quote Available,Quote Available,Quote Available,https://www.amawaterways.au/Assets/Desktop/Cruises/MAP_2025_Paris_Normandy_CO.jpg,https://www.amawaterways.au/destination/europe-river-cruises/2026/paris-normandy#forward-direction_0,,,,,,,,,,,,,,
27816,2026,Europe,11,06-Jun-26,"Lake Como, Italy","Amsterdam, Netherlands",Swiss Alps & Rhine Castles ,AmaWaterways,AmaSerena,,,,,Quote Available,Quote Available,Quote Available,Quote Available,https://www.amawaterways.au/Assets/Desktop/Cruises/MAP_2025_Swiss%20Alps%20&%20Rhine%20Castles_CL.jpg,https://www.amawaterways.au/destination/europe-river-cruises/2026/swiss-alps-rhine-castles#forward-direction_1,,,,,,,,,,,,,,
254479,2026,Europe,15,07-Jun-26,"Vilshofen, Germany","Giurgiu, Romania",Grand Danube Cruise  ,AmaWaterways,AmaMagna,,,,,Quote Available,Quote Available,Quote Available,Quote Available,https://www.amawaterways.au/Assets/Desktop/Cruises/MAP_2025_Grand_Danube_CO-VG.jpg,https://www.amawaterways.au/destination/europe-river-cruises/2026/grand-danube-cruise#forward-direction_0,,,,,,,,,,,,,,
33380,2026,Europe,7,07-Jun-26,"Vilshofen, Germany","Budapest, Hungary",Magna On The Danube  ,AmaWaterways,AmaMagna,,,,,Quote Available,Quote Available,Quote Available,Quote Available,https://www.amawaterways.au/Assets/Desktop/Cruises/MAP_2026_danube-magna-cruise-BE-CO.jpg,https://www.amawaterways.au/destination/europe-river-cruises/2026/magna-on-the-danube#reverse-direction_0,,,,,,,,,,,,,,
166114,2026,Europe,7,07-Jun-26,"Budapest, Hungary","Vilshofen, Germany",Melodies of the Danube  ,AmaWaterways,AmaSofia,,,,,Quote Available,Quote Available,Quote Available,Quote Available,https://www.amawaterways.au/Assets/Desktop/Cruises/MAP_2026_melodies-of-danube-CO.jpg,https://www.amawaterways.au/destination/europe-river-cruises/2026/melodies-of-the-danube,,,,,,,,,,,,,,
133107,2026,Europe,13,07-Jun-26,"Amsterdam, Netherlands","Lake Como, Italy",Rhine Castles & Swiss Alps ,AmaWaterways,AmaVenita,,,,,Quote Available,Quote Available,Quote Available,Quote Available,https://www.amawaterways.au/Assets/Desktop/Cruises/MAP_2025_Rhine%20Castles%20&%20Swiss%20Alps_CL.jpg,https://www.amawaterways.au/destination/europe-river-cruises/2026/rhine-castles-swiss-alps#forward-direction_1,,,,,,,,,,,,,,
88019,2026,Europe,15,07-Jun-26,"Bilbao, Spain","Paris, France",Taste of Bordeaux ,AmaWaterways,AmaDolce,,,,,Quote Available,Quote Available,Quote Available,Quote Available,https://www.amawaterways.au/Assets/Desktop/Cruises/taste_of_bordeaux_basque_PRE_loire-paris_POST_2026.jpg,https://www.amawaterways.au/destination/europe-river-cruises/2026/taste-of-bordeaux#forward-direction_1,,,,,,,,,,,,,,
67143,2026,Europe,10,08-Jun-26,"Amsterdam, Netherlands","Amsterdam, Netherlands",Best of Holland & Belgium ,AmaWaterways,AmaPrima,,,,,Quote Available,Quote Available,Quote Available,Quote Available,https://www.amawaterways.au/Assets/Desktop/Cruises/MAP_2025_BestofHolland_CL.jpg,https://www.amawaterways.au/destination/europe-river-cruises/2026/best-of-holland-belgium#forward-direction_1,,,,,,,,,,,,,,
29949,2026,Europe,13,08-Jun-26,"Budapest, Hungary","Prague, Czech Republic",Blue Danube Discovery ,AmaWaterways,AmaSonata,,,,,Quote Available,Quote Available,Quote Available,Quote Available,https://www.amawaterways.au/Assets/Desktop/Cruises/MAP_2026_Blue-Danube-Discovery.jpg,https://www.amawaterways.au/destination/europe-river-cruises/2026/blue-danube-discovery#forward-direction_1,,,,,,,,,,,,,,
107279,2026,Europe,14,08-Jun-26,"Amsterdam, Netherlands","Zurich, Switzerland",Captivating Rhine ,AmaWaterways,AmaCerto,,,,,Quote Available,Quote Available,Quote Available,Quote Available,https://www.amawaterways.au/Assets/Desktop/Cruises/MAP_2025_Captivating%20Rhine_CL.jpg,https://www.amawaterways.au/destination/europe-river-cruises/2026/captivating-rhine#forward-direction_1,,,,,,,,,,,,,,
193900,2026,Europe,7,08-Jun-26,"Budapest, Hungary","Giurgiu, Romania",Gems of Southeast Europe  ,AmaWaterways,AmaVerde,,,,,Quote Available,Quote Available,Quote Available,Quote Available,https://www.amawaterways.au/Assets/Desktop/Cruises/MAP_2026-Gems-of-Southeast-Europe_Cruise-Only_Bud-Giurgiu_AJ.jpg,https://www.amawaterways.au/destination/europe-river-cruises/2026/gems-of-southeast-europe#forward-direction_0,,,,,,,,,,,,,,
166561,2026,Europe,7,08-Jun-26,"Budapest, Hungary","Vilshofen, Germany",Melodies of the Danube  ,AmaWaterways,AmaBella,,,,,Quote Available,Quote Available,Quote Available,Quote Available,https://www.amawaterways.au/Assets/Desktop/Cruises/MAP_2026_melodies-of-danube-CO.jpg,https://www.amawaterways.au/destination/europe-river-cruises/2026/melodies-of-the-danube,,,,,,,,,,,,,,
107735,2026,Europe,14,09-Jun-26,"Amsterdam, Netherlands","Zurich, Switzerland",Captivating Rhine ,AmaWaterways,AmaLucia,,,,,Quote Available,Quote Available,Quote Available,Quote Available,https://www.amawaterways.au/Assets/Desktop/Cruises/MAP_2025_Captivating%20Rhine_CL.jpg,https://www.amawaterways.au/destination/europe-river-cruises/2026/captivating-rhine#forward-direction_1,,,,,,,,,,,,,,
268819,2026,Europe,12,09-Jun-26,"Zurich, Switzerland","Amsterdam, Netherlands",Enchanting Rhine  ,AmaWaterways,AmaViola,,,,,Quote Available,Quote Available,Quote Available,Quote Available,https://www.amawaterways.au/Assets/Desktop/Cruises/MAP_2025_Enchanting%20Rhine_CL.jpg,https://www.amawaterways.au/destination/europe-river-cruises/2026/enchanting-rhine#forward-direction_1,,,,,,,,,,,,,,
38601,2026,Europe,11,09-Jun-26,"Lisbon, Portugal","Porto, Portugal",Enticing Douro ,AmaWaterways,AmaSintra,,,,,Quote Available,Quote Available,Quote Available,Quote Available,https://www.amawaterways.au/Assets/Desktop/Cruises/MAP_2025_Enticing%20Douro_CL.jpg,https://www.amawaterways.au/destination/europe-river-cruises/2026/enticing-douro#forward-direction_1,,,,,,,,,,,,,,
258543,2026,Europe,7,09-Jun-26,"Porto, Portugal","Porto, Portugal",Enticing Douro  ,AmaWaterways,AmaDouro,,,,,Quote Available,Quote Available,Quote Available,Quote Available,https://www.amawaterways.au/Assets/Desktop/Cruises/MAP_2025_Enticing%20Douro_CO.jpg,https://www.amawaterways.au/destination/europe-river-cruises/2026/enticing-douro#forward-direction_0,,,,,,,,,,,,,,
87609,2026,Europe,10,09-Jun-26,"Paris, France","Paris, France",Paris & Normandy ,AmaWaterways,AmaLyra,,,,,Quote Available,Quote Available,Quote Available,Quote Available,https://www.amawaterways.au/Assets/Desktop/Cruises/MAP_2025_Paris_Normandy_CO.jpg,https://www.amawaterways.au/destination/europe-river-cruises/2026/paris-normandy#forward-direction_0,,,,,,,,,,,,,,
123705,2026,Europe,7,09-Jun-26,"Amsterdam, Netherlands","Basel, Switzerland",Rhine Castles & Swiss Alps  ,AmaWaterways,AmaVenita,,,,,Quote Available,Quote Available,Quote Available,Quote Available,https://www.amawaterways.au/Assets/Desktop/Cruises/MAP_2025_Rhine_Castles_Swiss_Alps_CO.jpg,https://www.amawaterways.au/destination/europe-river-cruises/2026/rhine-castles-swiss-alps#forward-direction_0,,,,,,,,,,,,,,
136330,2026,Europe,7,09-Jun-26,"Basel, Switzerland","Amsterdam, Netherlands",Swiss Alps & Rhine Castles  ,AmaWaterways,AmaSerena,,,,,Quote Available,Quote Available,Quote Available,Quote Available,https://www.amawaterways.au/Assets/Desktop/Cruises/MAP_2025_Swiss_Alps_Rhine_Castles_CO.jpg,https://www.amawaterways.au/destination/europe-river-cruises/2026/swiss-alps-rhine-castles#forward-direction_0,,,,,,,,,,,,,,
284779,2026,Europe,7,10-Jun-26,"Budapest, Hungary","Nuremberg, Germany",Blue Danube Discovery  ,AmaWaterways,AmaSonata,,,,,Quote Available,Quote Available,Quote Available,Quote Available,https://www.amawaterways.au/Assets/Desktop/Cruises/MAP_2025_Blue_Danube_Discovery_CO.jpg,https://www.amawaterways.au/destination/europe-river-cruises/2026/blue-danube-discovery#forward-direction_0,,,,,,,,,,,,,,
45801,2026,Europe,7,10-Jun-26,"Amsterdam, Netherlands","Basel, Switzerland",Captivating Rhine  ,AmaWaterways,AmaCerto,,,,,Quote Available,Quote Available,Quote Available,Quote Available,https://www.amawaterways.au/Assets/Desktop/Cruises/MAP_2025_Captivating%20Rhine_CO.jpg,https://www.amawaterways.au/destination/europe-river-cruises/2026/captivating-rhine#forward-direction_0,,,,,,,,,,,,,,
152755,2026,Europe,11,10-Jun-26,"Prague, Czech Republic","Budapest, Hungary",Romantic Danube ,AmaWaterways,AmaMora,,,,,Quote Available,Quote Available,Quote Available,Quote Available,https://www.amawaterways.au/Assets/Desktop/Cruises/MAP_2026_romantic-danube-prague.jpg,https://www.amawaterways.au/destination/europe-river-cruises/2026/romantic-danube#forward-direction_2,,,,,,,,,,,,,,
46856,2026,Europe,7,11-Jun-26,"Amsterdam, Netherlands","Basel, Switzerland",Captivating Rhine  ,AmaWaterways,AmaLucia,,,,,Quote Available,Quote Available,Quote Available,Quote Available,https://www.amawaterways.au/Assets/Desktop/Cruises/MAP_2025_Captivating%20Rhine_CO.jpg,https://www.amawaterways.au/destination/europe-river-cruises/2026/captivating-rhine#forward-direction_0,,,,,,,,,,,,,,
193931,2026,Europe,14,11-Jun-26,"Bucharest, Romania","Vienna, Austria",Gems of Southeast Europe ,AmaWaterways,AmaVerde,,,,,Quote Available,Quote Available,Quote Available,Quote Available,https://www.amawaterways.au/Assets/Desktop/Cruises/MAP_2026-Gems-of-Southeast-Europe_Full-Land_Vienna-Giurgiu-(AJ).jpg,https://www.amawaterways.au/destination/europe-river-cruises/2026/gems-of-southeast-europe#reverse-direction_1,,,,,,,,,,,,,,
256560,2026,Europe,22,11-Jun-26,"Giurgiu, Romania","Vilshofen, Germany",Grand Danube Cruise ,AmaWaterways,AmaVerde,,,,,Quote Available,Quote Available,Quote Available,Quote Available,https://www.amawaterways.au/Assets/Desktop/Cruises/MAP_2025_Grand_Danube_CO-VG.jpg,https://www.amawaterways.au/destination/europe-river-cruises/2026/grand-danube-cruise#reverse-direction_3,,,,,,,,,,,,,,
11670,2026,Europe,20,11-Jun-26,"Paris, France","Paris, France",Grand Seine & Bordeaux ,AmaWaterways,AmaLyra,,,,,Quote Available,Quote Available,Quote Available,Quote Available,https://www.amawaterways.au/Assets/Desktop/Cruises/grand_seine_bordeaux_map_2025.jpg,https://www.amawaterways.au/destination/europe-river-cruises/2026/grand-seine-bordeaux#forward-direction_1,,,,,,,,,,,,,,
11766,2026,Europe,15,11-Jun-26,"Paris, France","Bordeaux, France",Grand Seine & Bordeaux  ,AmaWaterways,AmaLyra,,,,,Quote Available,Quote Available,Quote Available,Quote Available,https://www.amawaterways.au/Assets/Desktop/Cruises/grand_seine_bordeaux_map_CO_2025.jpg,https://www.amawaterways.au/destination/europe-river-cruises/2026/grand-seine-bordeaux#forward-direction_0,,,,,,,,,,,,,,
82459,2026,Europe,19,11-Jun-26,"Amsterdam, Netherlands","Budapest, Hungary",Magnificent Europe ,AmaWaterways,AmaLea,,,,,Quote Available,Quote Available,Quote Available,Quote Available,https://www.amawaterways.au/Assets/Desktop/Cruises/MAP_2026_magnificent_europe_ams_bud.jpg,https://www.amawaterways.au/destination/europe-river-cruises/2026/magnificent-europe#forward-direction_1,,,,,,,,,,,,,,
136336,2026,Europe,17,11-Jun-26,"Budapest, Hungary","Amsterdam, Netherlands",Magnificent Europe ,AmaWaterways,AmaStella,,,,,Quote Available,Quote Available,Quote Available,Quote Available,https://www.amawaterways.au/Assets/Desktop/Cruises/MAP_2026_magnificent_europe_ams_bud.jpg,https://www.amawaterways.au/destination/europe-river-cruises/2026/magnificent-europe#reverse-direction_1,,,,,,,,,,,,,,
87611,2026,Europe,10,11-Jun-26,"Paris, France","Paris, France",Paris & Normandy ,AmaWaterways,AmaDante,,,,,Quote Available,Quote Available,Quote Available,Quote Available,https://www.amawaterways.au/Assets/Desktop/Cruises/MAP_2025_Paris_Normandy_CO.jpg,https://www.amawaterways.au/destination/europe-river-cruises/2026/paris-normandy#forward-direction_0,,,,,,,,,,,,,,
87507,2026,Europe,7,11-Jun-26,"Paris, France","Paris, France",Paris & Normandy  ,AmaWaterways,AmaLyra,,,,,Quote Available,Quote Available,Quote Available,Quote Available,https://www.amawaterways.au/Assets/Desktop/Cruises/MAP_2025_Paris_Normandy_CO.jpg,https://www.amawaterways.au/destination/europe-river-cruises/2026/paris-normandy#forward-direction_0,,,,,,,,,,,,,,
32470,2026,Europe,10,11-Jun-26,"Munich, Germany","Budapest, Hungary",Romantic Danube ,AmaWaterways,AmaMora,,,,,Quote Available,Quote Available,Quote Available,Quote Available,https://www.amawaterways.au/Assets/Desktop/Cruises/MAP_2026_romantic-danube-munich.jpg,https://www.amawaterways.au/destination/europe-river-cruises/2026/romantic-danube#forward-direction_1,,,,,,,,,,,,,,
87981,2026,Europe,7,11-Jun-26,"Bordeaux, France","Bordeaux, France",Taste of Bordeaux  ,AmaWaterways,AmaDolce,,,,,Quote Available,Quote Available,Quote Available,Quote Available,https://www.amawaterways.au/Assets/Desktop/Cruises/MAP_Taste_of_Bordeaux_2026_CO.png,https://www.amawaterways.au/destination/europe-river-cruises/2026/taste-of-bordeaux#forward-direction_0,,,,,,,,,,,,,,
84604,2026,Europe,7,12-Jun-26,"Porto, Portugal","Porto, Portugal",Enticing Douro  ,AmaWaterways,AmaSintra,,,,,Quote Available,Quote Available,Quote Available,Quote Available,https://www.amawaterways.au/Assets/Desktop/Cruises/MAP_2025_Enticing%20Douro_CO.jpg,https://www.amawaterways.au/destination/europe-river-cruises/2026/enticing-douro#forward-direction_0,,,,,,,,,,,,,,
193911,2026,Europe,14,12-Jun-26,"Vienna, Austria","Bucharest, Romania",Gems of Southeast Europe ,AmaWaterways,AmaMagna,,,,,Quote Available,Quote Available,Quote Available,Quote Available,https://www.amawaterways.au/Assets/Desktop/Cruises/MAP_2026-Gems-of-Southeast-Europe_Full-Land_Vienna-Giurgiu-(AJ).jpg,https://www.amawaterways.au/destination/europe-river-cruises/2026/gems-of-southeast-europe#forward-direction_1,,,,,,,,,,,,,,
63823,2026,Europe,22,12-Jun-26,"Prague, Czech Republic","Bucharest, Romania",Grand Danube Cruise ,AmaWaterways,AmaBella,,,,,Quote Available,Quote Available,Quote Available,Quote Available,https://www.amawaterways.au/Assets/Desktop/Cruises/MAP_2025_Grand_Danube_CL-PB.jpg,https://www.amawaterways.au/destination/europe-river-cruises/2026/grand-danube-cruise#forward-direction_1,,,,,,,,,,,,,,
286523,2026,Europe,22,12-Jun-26,"Prague, Czech Republic","Bucharest, Romania",Grand Danube Cruise  (Smithsonian Journey),AmaWaterways,AmaBella,,,,,Quote Available,Quote Available,Quote Available,Quote Available,https://www.amawaterways.au/Assets/Desktop/Cruises/MAP_2025_Grand_Danube_CL-PB.jpg,https://www.amawaterways.au/destination/europe-river-cruises/2026/grand-danube-cruise#forward-direction_1,,,,,,,,,,,,,,
91218,2026,Europe,11,12-Jun-26,"Prague, Czech Republic","Budapest, Hungary",Romantic Danube ,AmaWaterways,AmaBella,,,,,Quote Available,Quote Available,Quote Available,Quote Available,https://www.amawaterways.au/Assets/Desktop/Cruises/MAP_2026_romantic-danube-prague.jpg,https://www.amawaterways.au/destination/europe-river-cruises/2026/romantic-danube#forward-direction_2,,,,,,,,,,,,,,
286536,2026,Europe,10,12-Jun-26,"Munich, Germany","Budapest, Hungary",Romantic Danube  (Smithsonian Journey),AmaWaterways,AmaBella,,,,,Quote Available,Quote Available,Quote Available,Quote Available,https://www.amawaterways.au/Assets/Desktop/Cruises/MAP_2026_romantic-danube-munich.jpg,https://www.amawaterways.au/destination/europe-river-cruises/2026/romantic-danube#forward-direction_1,,,,,,,,,,,,,,
67971,2026,Europe,7,13-Jun-26,"Basel, Switzerland","Amsterdam, Netherlands",Enchanting Rhine  ,AmaWaterways,AmaViola,,,,,Quote Available,Quote Available,Quote Available,Quote Available,https://www.amawaterways.au/Assets/Desktop/Cruises/MAP_2025_Enchanting%20Rhine_CO.jpg,https://www.amawaterways.au/destination/europe-river-cruises/2026/enchanting-rhine#forward-direction_0,,,,,,,,,,,,,,
268820,2026,Europe,12,13-Jun-26,"Zurich, Switzerland","Amsterdam, Netherlands",Enchanting Rhine  ,AmaWaterways,AmaCerto,,,,,Quote Available,Quote Available,Quote Available,Quote Available,https://www.amawaterways.au/Assets/Desktop/Cruises/MAP_2025_Enchanting%20Rhine_CL.jpg,https://www.amawaterways.au/destination/europe-river-cruises/2026/enchanting-rhine#forward-direction_1,,,,,,,,,,,,,,
39261,2026,Europe,11,13-Jun-26,"Lisbon, Portugal","Porto, Portugal",Enticing Douro ,AmaWaterways,AmaDouro,,,,,Quote Available,Quote Available,Quote Available,Quote Available,https://www.amawaterways.au/Assets/Desktop/Cruises/MAP_2025_Enticing%20Douro_CL.jpg,https://www.amawaterways.au/destination/europe-river-cruises/2026/enticing-douro#forward-direction_1,,,,,,,,,,,,,,
182388,2026,Europe,7,13-Jun-26,"Porto, Portugal","Vega Terrón, Spain",Flavors of Portugal & Spain  ,AmaWaterways,AmaVida,,,,,Quote Available,Quote Available,Quote Available,Quote Available,https://www.amawaterways.au/Assets/Desktop/Cruises/MAP_2025_Flavors_of_Port_Spain_CO-PV.jpg,https://www.amawaterways.au/destination/europe-river-cruises/2026/flavors-of-portugal-spain#forward-direction_0,,,,,,,,,,,,,,
82454,2026,Europe,15,13-Jun-26,"Amsterdam, Netherlands","Budapest, Hungary",Magnificent Europe  ,AmaWaterways,AmaLea,,,,,Quote Available,Quote Available,Quote Available,Quote Available,https://www.amawaterways.au/Assets/Desktop/Cruises/MAP_2026_magnificent_europe_cruise_only.jpg,https://www.amawaterways.au/destination/europe-river-cruises/2026/magnificent-europe#forward-direction_0,,,,,,,,,,,,,,
106247,2026,Europe,15,13-Jun-26,"Budapest, Hungary","Amsterdam, Netherlands",Magnificent Europe  ,AmaWaterways,AmaStella,,,,,Quote Available,Quote Available,Quote Available,Quote Available,https://www.amawaterways.au/Assets/Desktop/Cruises/MAP_2026_magnificent_europe_cruise_only.jpg,https://www.amawaterways.au/destination/europe-river-cruises/2026/magnificent-europe#reverse-direction_0,,,,,,,,,,,,,,
87509,2026,Europe,7,13-Jun-26,"Paris, France","Paris, France",Paris & Normandy  ,AmaWaterways,AmaDante,,,,,Quote Available,Quote Available,Quote Available,Quote Available,https://www.amawaterways.au/Assets/Desktop/Cruises/MAP_2025_Paris_Normandy_CO.jpg,https://www.amawaterways.au/destination/europe-river-cruises/2026/paris-normandy#forward-direction_0,,,,,,,,,,,,,,
258525,2026,Europe,7,13-Jun-26,"Vilshofen, Germany","Budapest, Hungary",Romantic Danube  ,AmaWaterways,AmaMora,,,,,Quote Available,Quote Available,Quote Available,Quote Available,https://www.amawaterways.au/Assets/Desktop/Cruises/MAP_2026_romantic-danube-cruise-CO.jpg,https://www.amawaterways.au/destination/europe-river-cruises/2026/romantic-danube#forward-direction_0,,,,,,,,,,,,,,
29467,2026,Europe,11,13-Jun-26,"Lake Como, Italy","Amsterdam, Netherlands",Swiss Alps & Rhine Castles ,AmaWaterways,AmaVenita,,,,,Quote Available,Quote Available,Quote Available,Quote Available,https://www.amawaterways.au/Assets/Desktop/Cruises/MAP_2025_Swiss%20Alps%20&%20Rhine%20Castles_CL.jpg,https://www.amawaterways.au/destination/europe-river-cruises/2026/swiss-alps-rhine-castles#forward-direction_1,,,,,,,,,,,,,,
268821,2026,Europe,12,14-Jun-26,"Zurich, Switzerland","Amsterdam, Netherlands",Enchanting Rhine  ,AmaWaterways,AmaLucia,,,,,Quote Available,Quote Available,Quote Available,Quote Available,https://www.amawaterways.au/Assets/Desktop/Cruises/MAP_2025_Enchanting%20Rhine_CL.jpg,https://www.amawaterways.au/destination/europe-river-cruises/2026/enchanting-rhine#forward-direction_1,,,,,,,,,,,,,,
193901,2026,Europe,7,14-Jun-26,"Budapest, Hungary","Giurgiu, Romania",Gems of Southeast Europe  ,AmaWaterways,AmaMagna,,,,,Quote Available,Quote Available,Quote Available,Quote Available,https://www.amawaterways.au/Assets/Desktop/Cruises/MAP_2026-Gems-of-Southeast-Europe_Cruise-Only_Bud-Giurgiu_AJ.jpg,https://www.amawaterways.au/destination/europe-river-cruises/2026/gems-of-southeast-europe#forward-direction_0,,,,,,,,,,,,,,
133257,2026,Europe,13,14-Jun-26,"Amsterdam, Netherlands","Lake Como, Italy",Rhine Castles & Swiss Alps ,AmaWaterways,AmaSerena,,,,,Quote Available,Quote Available,Quote Available,Quote Available,https://www.amawaterways.au/Assets/Desktop/Cruises/MAP_2025_Rhine%20Castles%20&%20Swiss%20Alps_CL.jpg,https://www.amawaterways.au/destination/europe-river-cruises/2026/rhine-castles-swiss-alps#forward-direction_1,,,,,,,,,,,,,,
88020,2026,Europe,15,14-Jun-26,"Bilbao, Spain","Paris, France",Taste of Bordeaux ,AmaWaterways,AmaDolce,,,,,Quote Available,Quote Available,Quote Available,Quote Available,https://www.amawaterways.au/Assets/Desktop/Cruises/taste_of_bordeaux_basque_PRE_loire-paris_POST_2026.jpg,https://www.amawaterways.au/destination/europe-river-cruises/2026/taste-of-bordeaux#forward-direction_1,,,,,,,,,,,,,,
107752,2026,Europe,14,15-Jun-26,"Amsterdam, Netherlands","Zurich, Switzerland",Captivating Rhine ,AmaWaterways,AmaPrima,,,,,Quote Available,Quote Available,Quote Available,Quote Available,https://www.amawaterways.au/Assets/Desktop/Cruises/MAP_2025_Captivating%20Rhine_CL.jpg,https://www.amawaterways.au/destination/europe-river-cruises/2026/captivating-rhine#forward-direction_1,,,,,,,,,,,,,,
193955,2026,Europe,7,15-Jun-26,"Giurgiu, Romania","Budapest, Hungary",Gems of Southeast Europe  ,AmaWaterways,AmaVerde,,,,,Quote Available,Quote Available,Quote Available,Quote Available,https://www.amawaterways.au/Assets/Desktop/Cruises/MAP_2026-Gems-of-Southeast-Europe_Cruise-Only_Bud-Giurgiu_AJ.jpg,https://www.amawaterways.au/destination/europe-river-cruises/2026/gems-of-southeast-europe#reverse-direction_0,,,,,,,,,,,,,,
255042,2026,Europe,15,15-Jun-26,"Giurgiu, Romania","Vilshofen, Germany",Grand Danube Cruise  ,AmaWaterways,AmaVerde,,,,,Quote Available,Quote Available,Quote Available,Quote Available,https://www.amawaterways.au/Assets/Desktop/Cruises/MAP_2025_Grand_Danube_CO-VG.jpg,https://www.amawaterways.au/destination/europe-river-cruises/2026/grand-danube-cruise#reverse-direction_3,,,,,,,,,,,,,,
100510,2026,Europe,15,15-Jun-26,"Vilshofen, Germany","Giurgiu, Romania",Grand Danube Cruise  ,AmaWaterways,AmaBella,,,,,Quote Available,Quote Available,Quote Available,Quote Available,https://www.amawaterways.au/Assets/Desktop/Cruises/MAP_2025_Grand_Danube_CO-VG.jpg,https://www.amawaterways.au/destination/europe-river-cruises/2026/grand-danube-cruise#forward-direction_0,,,,,,,,,,,,,,
286519,2026,Europe,15,15-Jun-26,"Vilshofen, Germany","Giurgiu, Romania","Grand Danube Cruise  (Smithsonian Journey, Cruise Only)",AmaWaterways,AmaBella,,,,,Quote Available,Quote Available,Quote Available,Quote Available,https://www.amawaterways.au/Assets/Desktop/Cruises/MAP_2025_Grand_Danube_CO-VG.jpg,https://www.amawaterways.au/destination/europe-river-cruises/2026/grand-danube-cruise#forward-direction_0,,,,,,,,,,,,,,
193550,2026,Europe,13,15-Jun-26,"Budapest, Hungary","Prague, Czech Republic",Melodies of the Danube ,AmaWaterways,AmaReina,,,,,Quote Available,Quote Available,Quote Available,Quote Available,https://www.amawaterways.au/Assets/Desktop/Cruises/MAP_2026_melodies-of-danube-cruise.jpg,https://www.amawaterways.au/destination/europe-river-cruises/2026/melodies-of-the-danube#forward-direction_1,,,,,,,,,,,,,,
97332,2026,Europe,7,15-Jun-26,"Vilshofen, Germany","Budapest, Hungary",Romantic Danube  ,AmaWaterways,AmaBella,,,,,Quote Available,Quote Available,Quote Available,Quote Available,https://www.amawaterways.au/Assets/Desktop/Cruises/MAP_2026_romantic-danube-cruise-CO.jpg,https://www.amawaterways.au/destination/europe-river-cruises/2026/romantic-danube#forward-direction_0,,,,,,,,,,,,,,
286528,2026,Europe,7,15-Jun-26,"Vilshofen, Germany","Budapest, Hungary","Romantic Danube  (Smithsonian Journey, Cruise Only)",AmaWaterways,AmaBella,,,,,Quote Available,Quote Available,Quote Available,Quote Available,https://www.amawaterways.au/Assets/Desktop/Cruises/MAP_2026_romantic-danube-cruise-CO.jpg,https://www.amawaterways.au/destination/europe-river-cruises/2026/romantic-danube#forward-direction_0,,,,,,,,,,,,,,
107768,2026,Europe,14,16-Jun-26,"Amsterdam, Netherlands","Zurich, Switzerland",Captivating Rhine ,AmaWaterways,AmaSiena,,,,,Quote Available,Quote Available,Quote Available,Quote Available,https://www.amawaterways.au/Assets/Desktop/Cruises/MAP_2025_Captivating%20Rhine_CL.jpg,https://www.amawaterways.au/destination/europe-river-cruises/2026/captivating-rhine#forward-direction_1,,,,,,,,,,,,,,
84607,2026,Europe,7,16-Jun-26,"Porto, Portugal","Porto, Portugal",Enticing Douro  ,AmaWaterways,AmaDouro,,,,,Quote Available,Quote Available,Quote Available,Quote Available,https://www.amawaterways.au/Assets/Desktop/Cruises/MAP_2025_Enticing%20Douro_CO.jpg,https://www.amawaterways.au/destination/europe-river-cruises/2026/enticing-douro#forward-direction_0,,,,,,,,,,,,,,
126699,2026,Europe,7,16-Jun-26,"Amsterdam, Netherlands","Basel, Switzerland",Rhine Castles & Swiss Alps  ,AmaWaterways,AmaSerena,,,,,Quote Available,Quote Available,Quote Available,Quote Available,https://www.amawaterways.au/Assets/Desktop/Cruises/MAP_2025_Rhine_Castles_Swiss_Alps_CO.jpg,https://www.amawaterways.au/destination/europe-river-cruises/2026/rhine-castles-swiss-alps#forward-direction_0,,,,,,,,,,,,,,
136400,2026,Europe,7,16-Jun-26,"Basel, Switzerland","Amsterdam, Netherlands",Swiss Alps & Rhine Castles  ,AmaWaterways,AmaVenita,,,,,Quote Available,Quote Available,Quote Available,Quote Available,https://www.amawaterways.au/Assets/Desktop/Cruises/MAP_2025_Swiss_Alps_Rhine_Castles_CO.jpg,https://www.amawaterways.au/destination/europe-river-cruises/2026/swiss-alps-rhine-castles#forward-direction_0,,,,,,,,,,,,,,
48152,2026,Europe,7,17-Jun-26,"Amsterdam, Netherlands","Basel, Switzerland",Captivating Rhine  ,AmaWaterways,AmaPrima,,,,,Quote Available,Quote Available,Quote Available,Quote Available,https://www.amawaterways.au/Assets/Desktop/Cruises/MAP_2025_Captivating%20Rhine_CO.jpg,https://www.amawaterways.au/destination/europe-river-cruises/2026/captivating-rhine#forward-direction_0,,,,,,,,,,,,,,
70783,2026,Europe,7,17-Jun-26,"Basel, Switzerland","Amsterdam, Netherlands",Enchanting Rhine  ,AmaWaterways,AmaCerto,,,,,Quote Available,Quote Available,Quote Available,Quote Available,https://www.amawaterways.au/Assets/Desktop/Cruises/MAP_2025_Enchanting%20Rhine_CO.jpg,https://www.amawaterways.au/destination/europe-river-cruises/2026/enchanting-rhine#forward-direction_0,,,,,,,,,,,,,,
257386,2026,Europe,14,17-Jun-26,"Madrid, Spain","Lisbon, Portugal",Flavors of Portugal & Spain ,AmaWaterways,AmaVida,,,,,Quote Available,Quote Available,Quote Available,Quote Available,https://www.amawaterways.au/Assets/Desktop/Cruises/MAP_2025_Flavors%20of%20Port&Spain_CL-LM.jpg,https://www.amawaterways.au/destination/europe-river-cruises/2026/flavors-of-portugal-spain#reverse-direction_1,,,,,,,,,,,,,,
166868,2026,Europe,7,17-Jun-26,"Budapest, Hungary","Vilshofen, Germany",Melodies of the Danube  ,AmaWaterways,AmaReina,,,,,Quote Available,Quote Available,Quote Available,Quote Available,https://www.amawaterways.au/Assets/Desktop/Cruises/MAP_2026_melodies-of-danube-CO.jpg,https://www.amawaterways.au/destination/europe-river-cruises/2026/melodies-of-the-danube,,,,,,,,,,,,,,
49707,2026,Europe,7,18-Jun-26,"Amsterdam, Netherlands","Basel, Switzerland",Captivating Rhine  ,AmaWaterways,AmaSiena,,,,,Quote Available,Quote Available,Quote Available,Quote Available,https://www.amawaterways.au/Assets/Desktop/Cruises/MAP_2025_Captivating%20Rhine_CO.jpg,https://www.amawaterways.au/destination/europe-river-cruises/2026/captivating-rhine#forward-direction_0,,,,,,,,,,,,,,
286560,2026,Europe,14,18-Jun-26,"Amsterdam, Netherlands","Zurich, Switzerland",Captivating Rhine  (Smithsonian Journey),AmaWaterways,AmaViola,,,,,Quote Available,Quote Available,Quote Available,Quote Available,https://www.amawaterways.au/Assets/Desktop/Cruises/MAP_2025_Captivating%20Rhine_CL.jpg,https://www.amawaterways.au/destination/europe-river-cruises/2026/captivating-rhine#forward-direction_1,,,,,,,,,,,,,,
73225,2026,Europe,7,18-Jun-26,"Basel, Switzerland","Amsterdam, Netherlands",Enchanting Rhine  ,AmaWaterways,AmaLucia,,,,,Quote Available,Quote Available,Quote Available,Quote Available,https://www.amawaterways.au/Assets/Desktop/Cruises/MAP_2025_Enchanting%20Rhine_CO.jpg,https://www.amawaterways.au/destination/europe-river-cruises/2026/enchanting-rhine#forward-direction_0,,,,,,,,,,,,,,
18471,2026,Europe,20,18-Jun-26,"Paris, France","Nice, France",Grand Seine & Rhone ,AmaWaterways,AmaLyra,,,,,Quote Available,Quote Available,Quote Available,Quote Available,https://www.amawaterways.au/Assets/Desktop/Cruises/grand_seine_rhone_map_2025.jpg,https://www.amawaterways.au/destination/europe-river-cruises/2026/grand-seine-rhone#forward-direction_1,,,,,,,,,,,,,,
11061,2026,Europe,15,18-Jun-26,"Paris, France","Arles, France",Grand Seine & Rhone  ,AmaWaterways,AmaLyra,,,,,Quote Available,Quote Available,Quote Available,Quote Available,https://www.amawaterways.au/Assets/Desktop/Cruises/grand_seine_rhone_map_CO_2025.jpg,https://www.amawaterways.au/destination/europe-river-cruises/2026/grand-seine-rhone#forward-direction_0,,,,,,,,,,,,,,
87982,2026,Europe,7,18-Jun-26,"Bordeaux, France","Bordeaux, France",Taste of Bordeaux  ,AmaWaterways,AmaDolce,,,,,Quote Available,Quote Available,Quote Available,Quote Available,https://www.amawaterways.au/Assets/Desktop/Cruises/MAP_Taste_of_Bordeaux_2026_CO.png,https://www.amawaterways.au/destination/europe-river-cruises/2026/taste-of-bordeaux#forward-direction_0,,,,,,,,,,,,,,
193552,2026,Europe,13,19-Jun-26,"Budapest, Hungary","Prague, Czech Republic",Melodies of the Danube ,AmaWaterways,AmaSofia,,,,,Quote Available,Quote Available,Quote Available,Quote Available,https://www.amawaterways.au/Assets/Desktop/Cruises/MAP_2026_melodies-of-danube-cruise.jpg,https://www.amawaterways.au/destination/europe-river-cruises/2026/melodies-of-the-danube#forward-direction_1,,,,,,,,,,,,,,
286556,2026,Europe,7,20-Jun-26,"Amsterdam, Netherlands","Basel, Switzerland","Captivating Rhine  (Smithsonian Journey, Cruise Only)",AmaWaterways,AmaViola,,,,,Quote Available,Quote Available,Quote Available,Quote Available,https://www.amawaterways.au/Assets/Desktop/Cruises/MAP_2025_Captivating%20Rhine_CO.jpg,https://www.amawaterways.au/destination/europe-river-cruises/2026/captivating-rhine#forward-direction_0,,,,,,,,,,,,,,
215583,2026,Europe,12,20-Jun-26,"Zurich, Switzerland","Amsterdam, Netherlands",Enchanting Rhine  ,AmaWaterways,AmaPrima,,,,,Quote Available,Quote Available,Quote Available,Quote Available,https://www.amawaterways.au/Assets/Desktop/Cruises/MAP_2025_Enchanting%20Rhine_CL.jpg,https://www.amawaterways.au/destination/europe-river-cruises/2026/enchanting-rhine#forward-direction_1,,,,,,,,,,,,,,
256653,2026,Europe,7,20-Jun-26,"Vega Terrón, Spain","Porto, Portugal",Flavors of Portugal & Spain  ,AmaWaterways,AmaVida,,,,,Quote Available,Quote Available,Quote Available,Quote Available,https://www.amawaterways.au/Assets/Desktop/Cruises/MAP_2025_Flavors_of_Port_Spain_CO-PV.jpg,https://www.amawaterways.au/destination/europe-river-cruises/2026/flavors-of-portugal-spain#reverse-direction_0,,,,,,,,,,,,,,
24403,2026,Europe,14,20-Jun-26,"Vienna, Austria","Bucharest, Romania",Gems of Southeast Europe ,AmaWaterways,AmaBella,,,,,Quote Available,Quote Available,Quote Available,Quote Available,https://www.amawaterways.au/Assets/Desktop/Cruises/MAP_2026-Gems-of-Southeast-Europe_Full-Land_Vienna-Giurgiu-(AJ).jpg,https://www.amawaterways.au/destination/europe-river-cruises/2026/gems-of-southeast-europe#forward-direction_1,,,,,,,,,,,,,,
286574,2026,Europe,14,20-Jun-26,"Vienna, Austria","Bucharest, Romania",Gems of Southeast Europe  (Smithsonian Journey),AmaWaterways,AmaBella,,,,,Quote Available,Quote Available,Quote Available,Quote Available,https://www.amawaterways.au/Assets/Desktop/Cruises/MAP_2026-Gems-of-Southeast-Europe_Full-Land_Vienna-Giurgiu-(AJ).jpg,https://www.amawaterways.au/destination/europe-river-cruises/2026/gems-of-southeast-europe#forward-direction_1,,,,,,,,,,,,,,
21951,2026,Europe,7,20-Jun-26,"Paris, France","Le Havre, France",Impressions of the Seine & Paris  ,AmaWaterways,AmaDante,,,,,Quote Available,Quote Available,Quote Available,Quote Available,https://www.amawaterways.au/Assets/Desktop/Cruises/MAP_2026_Impressions%20of%20Seine_CO-PL.jpg,https://www.amawaterways.au/destination/europe-river-cruises/2026/impressions-of-the-seine-paris#forward-direction_0,,,,,,,,,,,,,,
193555,2026,Europe,13,20-Jun-26,"Budapest, Hungary","Prague, Czech Republic",Melodies of the Danube ,AmaWaterways,AmaVerde,,,,,Quote Available,Quote Available,Quote Available,Quote Available,https://www.amawaterways.au/Assets/Desktop/Cruises/MAP_2026_melodies-of-danube-cruise.jpg,https://www.amawaterways.au/destination/europe-river-cruises/2026/melodies-of-the-danube#forward-direction_1,,,,,,,,,,,,,,
31099,2026,Europe,11,20-Jun-26,"Lake Como, Italy","Amsterdam, Netherlands",Swiss Alps & Rhine Castles ,AmaWaterways,AmaSerena,,,,,Quote Available,Quote Available,Quote Available,Quote Available,https://www.amawaterways.au/Assets/Desktop/Cruises/MAP_2025_Swiss%20Alps%20&%20Rhine%20Castles_CL.jpg,https://www.amawaterways.au/destination/europe-river-cruises/2026/swiss-alps-rhine-castles#forward-direction_1,,,,,,,,,,,,,,
268822,2026,Europe,12,21-Jun-26,"Zurich, Switzerland","Amsterdam, Netherlands",Enchanting Rhine  ,AmaWaterways,AmaSiena,,,,,Quote Available,Quote Available,Quote Available,Quote Available,https://www.amawaterways.au/Assets/Desktop/Cruises/MAP_2025_Enchanting%20Rhine_CL.jpg,https://www.amawaterways.au/destination/europe-river-cruises/2026/enchanting-rhine#forward-direction_1,,,,,,,,,,,,,,
174062,2026,Europe,7,21-Jun-26,"Budapest, Hungary","Vilshofen, Germany",Melodies of the Danube  ,AmaWaterways,AmaSofia,,,,,Quote Available,Quote Available,Quote Available,Quote Available,https://www.amawaterways.au/Assets/Desktop/Cruises/MAP_2026_melodies-of-danube-CO.jpg,https://www.amawaterways.au/destination/europe-river-cruises/2026/melodies-of-the-danube,,,,,,,,,,,,,,
133258,2026,Europe,13,21-Jun-26,"Amsterdam, Netherlands","Lake Como, Italy",Rhine Castles & Swiss Alps ,AmaWaterways,AmaVenita,,,,,Quote Available,Quote Available,Quote Available,Quote Available,https://www.amawaterways.au/Assets/Desktop/Cruises/MAP_2025_Rhine%20Castles%20&%20Swiss%20Alps_CL.jpg,https://www.amawaterways.au/destination/europe-river-cruises/2026/rhine-castles-swiss-alps#forward-direction_1,,,,,,,,,,,,,,
152946,2026,Europe,11,21-Jun-26,"Prague, Czech Republic","Budapest, Hungary",Romantic Danube ,AmaWaterways,AmaReina,,,,,Quote Available,Quote Available,Quote Available,Quote Available,https://www.amawaterways.au/Assets/Desktop/Cruises/MAP_2026_romantic-danube-prague.jpg,https://www.amawaterways.au/destination/europe-river-cruises/2026/romantic-danube#forward-direction_2,,,,,,,,,,,,,,
31462,2026,Europe,13,22-Jun-26,"Budapest, Hungary","Prague, Czech Republic",Blue Danube Discovery ,AmaWaterways,AmaSonata,,,,,Quote Available,Quote Available,Quote Available,Quote Available,https://www.amawaterways.au/Assets/Desktop/Cruises/MAP_2026_Blue-Danube-Discovery.jpg,https://www.amawaterways.au/destination/europe-river-cruises/2026/blue-danube-discovery#forward-direction_1,,,,,,,,,,,,,,
87815,2026,Europe,14,22-Jun-26,"Barcelona, Spain","Paris, France",Colors of Provence ,AmaWaterways,AmaKristina,,,,,Quote Available,Quote Available,Quote Available,Quote Available,https://www.amawaterways.au/Assets/Desktop/Cruises/MAP_2025_Colors%20of%20Provence_CL-PB.jpg,https://www.amawaterways.au/destination/europe-river-cruises/2026/colors-of-provence#reverse-direction_1,,,,,,,,,,,,,,
31873,2026,Europe,7,22-Jun-26,"Budapest, Hungary","Giurgiu, Romania",Gems of Southeast Europe  ,AmaWaterways,AmaBella,,,,,Quote Available,Quote Available,Quote Available,Quote Available,https://www.amawaterways.au/Assets/Desktop/Cruises/MAP_2026-Gems-of-Southeast-Europe_Cruise-Only_Bud-Giurgiu_AJ.jpg,https://www.amawaterways.au/destination/europe-river-cruises/2026/gems-of-southeast-europe#forward-direction_0,,,,,,,,,,,,,,
286568,2026,Europe,7,22-Jun-26,"Budapest, Hungary","Giurgiu, Romania","Gems of Southeast Europe  (Smithsonian Journey, Cruise Only)",AmaWaterways,AmaBella,,,,,Quote Available,Quote Available,Quote Available,Quote Available,https://www.amawaterways.au/Assets/Desktop/Cruises/MAP_2026-Gems-of-Southeast-Europe_Cruise-Only_Bud-Giurgiu_AJ.jpg,https://www.amawaterways.au/destination/europe-river-cruises/2026/gems-of-southeast-europe#forward-direction_0,,,,,,,,,,,,,,
174860,2026,Europe,7,22-Jun-26,"Budapest, Hungary","Vilshofen, Germany",Melodies of the Danube  ,AmaWaterways,AmaVerde,,,,,Quote Available,Quote Available,Quote Available,Quote Available,https://www.amawaterways.au/Assets/Desktop/Cruises/MAP_2026_melodies-of-danube-CO.jpg,https://www.amawaterways.au/destination/europe-river-cruises/2026/melodies-of-the-danube,,,,,,,,,,,,,,
107817,2026,Europe,14,23-Jun-26,"Amsterdam, Netherlands","Zurich, Switzerland",Captivating Rhine ,AmaWaterways,AmaLucia,,,,,Quote Available,Quote Available,Quote Available,Quote Available,https://www.amawaterways.au/Assets/Desktop/Cruises/MAP_2025_Captivating%20Rhine_CL.jpg,https://www.amawaterways.au/destination/europe-river-cruises/2026/captivating-rhine#forward-direction_1,,,,,,,,,,,,,,
268823,2026,Europe,12,23-Jun-26,"Zurich, Switzerland","Amsterdam, Netherlands",Enchanting Rhine  ,AmaWaterways,AmaViola,,,,,Quote Available,Quote Available,Quote Available,Quote Available,https://www.amawaterways.au/Assets/Desktop/Cruises/MAP_2025_Enchanting%20Rhine_CL.jpg,https://www.amawaterways.au/destination/europe-river-cruises/2026/enchanting-rhine#forward-direction_1,,,,,,,,,,,,,,
87614,2026,Europe,10,23-Jun-26,"Paris, France","Paris, France",Paris & Normandy ,AmaWaterways,AmaLyra,,,,,Quote Available,Quote Available,Quote Available,Quote Available,https://www.amawaterways.au/Assets/Desktop/Cruises/MAP_2025_Paris_Normandy_CO.jpg,https://www.amawaterways.au/destination/europe-river-cruises/2026/paris-normandy#forward-direction_0,,,,,,,,,,,,,,
126706,2026,Europe,7,23-Jun-26,"Amsterdam, Netherlands","Basel, Switzerland",Rhine Castles & Swiss Alps  ,AmaWaterways,AmaVenita,,,,,Quote Available,Quote Available,Quote Available,Quote Available,https://www.amawaterways.au/Assets/Desktop/Cruises/MAP_2025_Rhine_Castles_Swiss_Alps_CO.jpg,https://www.amawaterways.au/destination/europe-river-cruises/2026/rhine-castles-swiss-alps#forward-direction_0,,,,,,,,,,,,,,
136491,2026,Europe,7,23-Jun-26,"Basel, Switzerland","Amsterdam, Netherlands",Swiss Alps & Rhine Castles  ,AmaWaterways,AmaSerena,,,,,Quote Available,Quote Available,Quote Available,Quote Available,https://www.amawaterways.au/Assets/Desktop/Cruises/MAP_2025_Swiss_Alps_Rhine_Castles_CO.jpg,https://www.amawaterways.au/destination/europe-river-cruises/2026/swiss-alps-rhine-castles#forward-direction_0,,,,,,,,,,,,,,
284780,2026,Europe,7,24-Jun-26,"Budapest, Hungary","Nuremberg, Germany",Blue Danube Discovery  ,AmaWaterways,AmaSonata,,,,,Quote Available,Quote Available,Quote Available,Quote Available,https://www.amawaterways.au/Assets/Desktop/Cruises/MAP_2025_Blue_Danube_Discovery_CO.jpg,https://www.amawaterways.au/destination/europe-river-cruises/2026/blue-danube-discovery#forward-direction_0,,,,,,,,,,,,,,
212613,2026,Europe,7,24-Jun-26,"Basel, Switzerland","Amsterdam, Netherlands",Enchanting Rhine  ,AmaWaterways,AmaPrima,,,,,Quote Available,Quote Available,Quote Available,Quote Available,https://www.amawaterways.au/Assets/Desktop/Cruises/MAP_2025_Enchanting%20Rhine_CO.jpg,https://www.amawaterways.au/destination/europe-river-cruises/2026/enchanting-rhine#forward-direction_0,,,,,,,,,,,,,,
258526,2026,Europe,7,24-Jun-26,"Vilshofen, Germany","Budapest, Hungary",Romantic Danube  ,AmaWaterways,AmaReina,,,,,Quote Available,Quote Available,Quote Available,Quote Available,https://www.amawaterways.au/Assets/Desktop/Cruises/MAP_2026_romantic-danube-cruise-CO.jpg,https://www.amawaterways.au/destination/europe-river-cruises/2026/romantic-danube#forward-direction_0,,,,,,,,,,,,,,
67152,2026,Europe,10,25-Jun-26,"Amsterdam, Netherlands","Amsterdam, Netherlands",Best of Holland & Belgium ,AmaWaterways,AmaStella,,,,,Quote Available,Quote Available,Quote Available,Quote Available,https://www.amawaterways.au/Assets/Desktop/Cruises/MAP_2025_BestofHolland_CL.jpg,https://www.amawaterways.au/destination/europe-river-cruises/2026/best-of-holland-belgium#forward-direction_1,,,,,,,,,,,,,,
50270,2026,Europe,7,25-Jun-26,"Amsterdam, Netherlands","Basel, Switzerland",Captivating Rhine  ,AmaWaterways,AmaLucia,,,,,Quote Available,Quote Available,Quote Available,Quote Available,https://www.amawaterways.au/Assets/Desktop/Cruises/MAP_2025_Captivating%20Rhine_CO.jpg,https://www.amawaterways.au/destination/europe-river-cruises/2026/captivating-rhine#forward-direction_0,,,,,,,,,,,,,,
87793,2026,Europe,7,25-Jun-26,"Arles, France","Lyon, France",Colors of Provence  ,AmaWaterways,AmaKristina,,,,,Quote Available,Quote Available,Quote Available,Quote Available,https://www.amawaterways.au/Assets/Desktop/Cruises/MAP_2025_Colors%20of%20Provence_CO-LA.jpg,https://www.amawaterways.au/destination/europe-river-cruises/2026/colors-of-provence#reverse-direction_0,,,,,,,,,,,,,,
74042,2026,Europe,7,25-Jun-26,"Basel, Switzerland","Amsterdam, Netherlands",Enchanting Rhine  ,AmaWaterways,AmaSiena,,,,,Quote Available,Quote Available,Quote Available,Quote Available,https://www.amawaterways.au/Assets/Desktop/Cruises/MAP_2025_Enchanting%20Rhine_CO.jpg,https://www.amawaterways.au/destination/europe-river-cruises/2026/enchanting-rhine#forward-direction_0,,,,,,,,,,,,,,
193933,2026,Europe,14,25-Jun-26,"Bucharest, Romania","Vienna, Austria",Gems of Southeast Europe ,AmaWaterways,AmaBella,,,,,Quote Available,Quote Available,Quote Available,Quote Available,https://www.amawaterways.au/Assets/Desktop/Cruises/MAP_2026-Gems-of-Southeast-Europe_Full-Land_Vienna-Giurgiu-(AJ).jpg,https://www.amawaterways.au/destination/europe-river-cruises/2026/gems-of-southeast-europe#reverse-direction_1,,,,,,,,,,,,,,
256561,2026,Europe,22,25-Jun-26,"Giurgiu, Romania","Vilshofen, Germany",Grand Danube Cruise ,AmaWaterways,AmaBella,,,,,Quote Available,Quote Available,Quote Available,Quote Available,https://www.amawaterways.au/Assets/Desktop/Cruises/MAP_2025_Grand_Danube_CO-VG.jpg,https://www.amawaterways.au/destination/europe-river-cruises/2026/grand-danube-cruise#reverse-direction_3,,,,,,,,,,,,,,
11671,2026,Europe,20,25-Jun-26,"Paris, France","Paris, France",Grand Seine & Bordeaux ,AmaWaterways,AmaLyra,,,,,Quote Available,Quote Available,Quote Available,Quote Available,https://www.amawaterways.au/Assets/Desktop/Cruises/grand_seine_bordeaux_map_2025.jpg,https://www.amawaterways.au/destination/europe-river-cruises/2026/grand-seine-bordeaux#forward-direction_1,,,,,,,,,,,,,,
11769,2026,Europe,15,25-Jun-26,"Paris, France","Bordeaux, France",Grand Seine & Bordeaux  ,AmaWaterways,AmaLyra,,,,,Quote Available,Quote Available,Quote Available,Quote Available,https://www.amawaterways.au/Assets/Desktop/Cruises/grand_seine_bordeaux_map_CO_2025.jpg,https://www.amawaterways.au/destination/europe-river-cruises/2026/grand-seine-bordeaux#forward-direction_0,,,,,,,,,,,,,,
87519,2026,Europe,7,25-Jun-26,"Paris, France","Paris, France",Paris & Normandy  ,AmaWaterways,AmaLyra,,,,,Quote Available,Quote Available,Quote Available,Quote Available,https://www.amawaterways.au/Assets/Desktop/Cruises/MAP_2025_Paris_Normandy_CO.jpg,https://www.amawaterways.au/destination/europe-river-cruises/2026/paris-normandy#forward-direction_0,,,,,,,,,,,,,,
253999,2026,Europe,22,26-Jun-26,"Prague, Czech Republic","Bucharest, Romania",Grand Danube Cruise ,AmaWaterways,AmaVerde,,,,,Quote Available,Quote Available,Quote Available,Quote Available,https://www.amawaterways.au/Assets/Desktop/Cruises/MAP_2025_Grand_Danube_CL-PB.jpg,https://www.amawaterways.au/destination/europe-river-cruises/2026/grand-danube-cruise#forward-direction_1,,,,,,,,,,,,,,
153826,2026,Europe,11,26-Jun-26,"Prague, Czech Republic","Budapest, Hungary",Romantic Danube ,AmaWaterways,AmaVerde,,,,,Quote Available,Quote Available,Quote Available,Quote Available,https://www.amawaterways.au/Assets/Desktop/Cruises/MAP_2026_romantic-danube-prague.jpg,https://www.amawaterways.au/destination/europe-river-cruises/2026/romantic-danube#forward-direction_2,,,,,,,,,,,,,,
74256,2026,Europe,7,27-Jun-26,"Basel, Switzerland","Amsterdam, Netherlands",Enchanting Rhine  ,AmaWaterways,AmaViola,,,,,Quote Available,Quote Available,Quote Available,Quote Available,https://www.amawaterways.au/Assets/Desktop/Cruises/MAP_2025_Enchanting%20Rhine_CO.jpg,https://www.amawaterways.au/destination/europe-river-cruises/2026/enchanting-rhine#forward-direction_0,,,,,,,,,,,,,,
43915,2026,Europe,11,27-Jun-26,"Lisbon, Portugal","Porto, Portugal",Enticing Douro ,AmaWaterways,AmaDouro,,,,,Quote Available,Quote Available,Quote Available,Quote Available,https://www.amawaterways.au/Assets/Desktop/Cruises/MAP_2025_Enticing%20Douro_CL.jpg,https://www.amawaterways.au/destination/europe-river-cruises/2026/enticing-douro#forward-direction_1,,,,,,,,,,,,,,
17348,2026,Europe,7,27-Jun-26,"Le Havre, France","Paris, France",Impressions of the Seine & Paris  ,AmaWaterways,AmaDante,,,,,Quote Available,Quote Available,Quote Available,Quote Available,https://www.amawaterways.au/Assets/Desktop/Cruises/MAP_2026_Impressions%20of%20Seine_CO-PL.jpg,https://www.amawaterways.au/destination/europe-river-cruises/2026/impressions-of-the-seine-paris#reverse-direction_0,,,,,,,,,,,,,,
32324,2026,Europe,10,27-Jun-26,"Munich, Germany","Budapest, Hungary",Romantic Danube ,AmaWaterways,AmaVerde,,,,,Quote Available,Quote Available,Quote Available,Quote Available,https://www.amawaterways.au/Assets/Desktop/Cruises/MAP_2026_romantic-danube-munich.jpg,https://www.amawaterways.au/destination/europe-river-cruises/2026/romantic-danube#forward-direction_1,,,,,,,,,,,,,,
35299,2026,Europe,11,27-Jun-26,"Lake Como, Italy","Amsterdam, Netherlands",Swiss Alps & Rhine Castles ,AmaWaterways,AmaVenita,,,,,Quote Available,Quote Available,Quote Available,Quote Available,https://www.amawaterways.au/Assets/Desktop/Cruises/MAP_2025_Swiss%20Alps%20&%20Rhine%20Castles_CL.jpg,https://www.amawaterways.au/destination/europe-river-cruises/2026/swiss-alps-rhine-castles#forward-direction_1,,,,,,,,,,,,,,
268824,2026,Europe,12,28-Jun-26,"Zurich, Switzerland","Amsterdam, Netherlands",Enchanting Rhine  ,AmaWaterways,AmaLucia,,,,,Quote Available,Quote Available,Quote Available,Quote Available,https://www.amawaterways.au/Assets/Desktop/Cruises/MAP_2025_Enchanting%20Rhine_CL.jpg,https://www.amawaterways.au/destination/europe-river-cruises/2026/enchanting-rhine#forward-direction_1,,,,,,,,,,,,,,
331161,2026,Europe,7,28-Jun-26,"Budapest, Hungary","Vilshofen, Germany",Magna On The Danube  ,AmaWaterways,AmaMagna,,,,,Quote Available,Quote Available,Quote Available,Quote Available,https://www.amawaterways.au/Assets/Desktop/Cruises/MAP_2026_danube-magna-cruise-BE-CO.jpg,https://www.amawaterways.au/destination/europe-river-cruises/2026/magna-on-the-danube#forward-direction_0,,,,,,,,,,,,,,
133259,2026,Europe,13,28-Jun-26,"Amsterdam, Netherlands","Lake Como, Italy",Rhine Castles & Swiss Alps ,AmaWaterways,AmaSerena,,,,,Quote Available,Quote Available,Quote Available,Quote Available,https://www.amawaterways.au/Assets/Desktop/Cruises/MAP_2025_Rhine%20Castles%20&%20Swiss%20Alps_CL.jpg,https://www.amawaterways.au/destination/europe-river-cruises/2026/rhine-castles-swiss-alps#forward-direction_1,,,,,,,,,,,,,,
88084,2026,Europe,15,28-Jun-26,"Bilbao, Spain","Paris, France",Taste of Bordeaux  ,AmaWaterways,AmaDolce,,,,,Quote Available,Quote Available,Quote Available,Quote Available,https://www.amawaterways.au/Assets/Desktop/Cruises/taste_of_bordeaux_basque_PRE_loire-paris_POST_2026.jpg,https://www.amawaterways.au/destination/europe-river-cruises/2026/taste-of-bordeaux#forward-direction_1,,,,,,,,,,,,,,
194015,2026,Europe,10,29-Jun-26,"Budapest, Hungary","Budapest, Hungary",Best of the Danube ,AmaWaterways,AmaReina,,,,,Quote Available,Quote Available,Quote Available,Quote Available,https://www.amawaterways.au/Assets/Desktop/Cruises/MAP_2026_CelebrationOfMusic_cruise-land.jpg,https://www.amawaterways.au/destination/europe-river-cruises/2026/best-of-the-danube#forward-direction_1,,,,,,,,,,,,,,
193957,2026,Europe,7,29-Jun-26,"Giurgiu, Romania","Budapest, Hungary",Gems of Southeast Europe  ,AmaWaterways,AmaBella,,,,,Quote Available,Quote Available,Quote Available,Quote Available,https://www.amawaterways.au/Assets/Desktop/Cruises/MAP_2026-Gems-of-Southeast-Europe_Cruise-Only_Bud-Giurgiu_AJ.jpg,https://www.amawaterways.au/destination/europe-river-cruises/2026/gems-of-southeast-europe#reverse-direction_0,,,,,,,,,,,,,,
255117,2026,Europe,15,29-Jun-26,"Giurgiu, Romania","Vilshofen, Germany",Grand Danube Cruise  ,AmaWaterways,AmaBella,,,,,Quote Available,Quote Available,Quote Available,Quote Available,https://www.amawaterways.au/Assets/Desktop/Cruises/MAP_2025_Grand_Danube_CO-VG.jpg,https://www.amawaterways.au/destination/europe-river-cruises/2026/grand-danube-cruise#reverse-direction_3,,,,,,,,,,,,,,
254561,2026,Europe,15,29-Jun-26,"Vilshofen, Germany","Giurgiu, Romania",Grand Danube Cruise  ,AmaWaterways,AmaVerde,,,,,Quote Available,Quote Available,Quote Available,Quote Available,https://www.amawaterways.au/Assets/Desktop/Cruises/MAP_2025_Grand_Danube_CO-VG.jpg,https://www.amawaterways.au/destination/europe-river-cruises/2026/grand-danube-cruise#forward-direction_0,,,,,,,,,,,,,,
32673,2026,Europe,18,29-Jun-26,"Amsterdam, Netherlands","Zurich, Switzerland",Rhine & Moselle Fairytales ,AmaWaterways,AmaPrima,,,,,Quote Available,Quote Available,Quote Available,Quote Available,https://www.amawaterways.au/Assets/Desktop/Cruises/MAP_2025_Rhine%20&%20Mos%20Fairytales_CL.jpg,https://www.amawaterways.au/destination/europe-river-cruises/2026/rhine-moselle-fairytales#forward-direction_1,,,,,,,,,,,,,,
258608,2026,Europe,7,29-Jun-26,"Vilshofen, Germany","Budapest, Hungary",Romantic Danube  ,AmaWaterways,AmaVerde,,,,,Quote Available,Quote Available,Quote Available,Quote Available,https://www.amawaterways.au/Assets/Desktop/Cruises/MAP_2026_romantic-danube-cruise-CO.jpg,https://www.amawaterways.au/destination/europe-river-cruises/2026/romantic-danube#forward-direction_0,,,,,,,,,,,,,,
107867,2026,Europe,14,30-Jun-26,"Amsterdam, Netherlands","Zurich, Switzerland",Captivating Rhine ,AmaWaterways,AmaSiena,,,,,Quote Available,Quote Available,Quote Available,Quote Available,https://www.amawaterways.au/Assets/Desktop/Cruises/MAP_2025_Captivating%20Rhine_CL.jpg,https://www.amawaterways.au/destination/europe-river-cruises/2026/captivating-rhine#forward-direction_1,,,,,,,,,,,,,,
48643,2026,Europe,11,30-Jun-26,"Lisbon, Portugal","Porto, Portugal",Enticing Douro ,AmaWaterways,AmaSintra,,,,,Quote Available,Quote Available,Quote Available,Quote Available,https://www.amawaterways.au/Assets/Desktop/Cruises/MAP_2025_Enticing%20Douro_CL.jpg,https://www.amawaterways.au/destination/europe-river-cruises/2026/enticing-douro#forward-direction_1,,,,,,,,,,,,,,
84612,2026,Europe,7,30-Jun-26,"Porto, Portugal","Porto, Portugal",Enticing Douro  ,AmaWaterways,AmaDouro,,,,,Quote Available,Quote Available,Quote Available,Quote Available,https://www.amawaterways.au/Assets/Desktop/Cruises/MAP_2025_Enticing%20Douro_CO.jpg,https://www.amawaterways.au/destination/europe-river-cruises/2026/enticing-douro#forward-direction_0,,,,,,,,,,,,,,
128403,2026,Europe,7,30-Jun-26,"Amsterdam, Netherlands","Basel, Switzerland",Rhine Castles & Swiss Alps  ,AmaWaterways,AmaSerena,,,,,Quote Available,Quote Available,Quote Available,Quote Available,https://www.amawaterways.au/Assets/Desktop/Cruises/MAP_2025_Rhine_Castles_Swiss_Alps_CO.jpg,https://www.amawaterways.au/destination/europe-river-cruises/2026/rhine-castles-swiss-alps#forward-direction_0,,,,,,,,,,,,,,
136521,2026,Europe,7,30-Jun-26,"Basel, Switzerland","Amsterdam, Netherlands",Swiss Alps & Rhine Castles  ,AmaWaterways,AmaVenita,,,,,Quote Available,Quote Available,Quote Available,Quote Available,https://www.amawaterways.au/Assets/Desktop/Cruises/MAP_2025_Swiss_Alps_Rhine_Castles_CO.jpg,https://www.amawaterways.au/destination/europe-river-cruises/2026/swiss-alps-rhine-castles#forward-direction_0,,,,,,,,,,,,,,
229076,2025,Europe,7,11-Dec-26,"Amsterdam, Netherlands","Basel, Switzerland",Christmas Markets on the Rhine  ,AmaWaterways,AmaLucia,,,,,Quote Available,Quote Available,Quote Available,Quote Available,https://www.amawaterways.au/Assets/Desktop/Cruises/christmas_markets_on_rhine_cruise_only_2025.jpg,https://www.amawaterways.au/destination/europe-river-cruises/2025/christmas-markets-on-the-rhine#forward-direction_0,,,,,,,,,,,,,,
228312,2025,Europe,7,11-Dec-26,"Basel, Switzerland","Amsterdam, Netherlands",Christmas Markets on the Rhine  ,AmaWaterways,AmaSiena,,,,,Quote Available,Quote Available,Quote Available,Quote Available,https://www.amawaterways.au/Assets/Desktop/Cruises/christmas_markets_on_rhine_cruise_only_2025.jpg,https://www.amawaterways.au/destination/europe-river-cruises/2025/christmas-markets-on-the-rhine#reverse-direction_0,,,,,,,,,,,,,,
232205,2025,Europe,7,12-Dec-26,"Porto, Portugal","Porto, Portugal",Enticing Douro  ,AmaWaterways,AmaSintra,,,,,Quote Available,Quote Available,Quote Available,Quote Available,https://www.amawaterways.au/Assets/Desktop/Cruises/MAP_2025_Enticing%20Douro_CO.jpg,https://www.amawaterways.au/destination/europe-river-cruises/2025/enticing-douro,,,,,,,,,,,,,,
227859,2025,Europe,7,13-Dec-26,"Nuremberg, Germany","Budapest, Hungary",Iconic Christmas Markets  ,AmaWaterways,AmaLea,,,,,Quote Available,Quote Available,Quote Available,Quote Available,https://www.amawaterways.au/Assets/Desktop/Cruises/MAP_2025_Iconic_Christmas_Markets_CO-BN.jpg,https://www.amawaterways.au/destination/europe-river-cruises/2025/iconic-christmas-markets#forward-direction_0,,,,,,,,,,,,,,
227847,2025,Europe,7,13-Dec-26,"Budapest, Hungary","Nuremberg, Germany",Iconic Christmas Markets  ,AmaWaterways,AmaMora,,,,,Quote Available,Quote Available,Quote Available,Quote Available,https://www.amawaterways.au/Assets/Desktop/Cruises/MAP_2025_Iconic_Christmas_Markets_CO-BN.jpg,https://www.amawaterways.au/destination/europe-river-cruises/2025/iconic-christmas-markets#reverse-direction_0,,,,,,,,,,,,,,
102875,2025,Europe,7,13-Dec-26,"Porto, Portugal","Vega Terrón, Spain",Flavors of Portugal & Spain  ,AmaWaterways,AmaVida,,,,,Quote Available,Quote Available,Quote Available,Quote Available,https://www.amawaterways.au/Assets/Desktop/Cruises/MAP_2025_Flavors%20of%20Port&Spain_CO-PV.jpg,https://www.amawaterways.au/destination/europe-river-cruises/2025/flavors-of-portugal-spain#forward-direction_0,,,,,,,,,,,,,,
228313,2025,Europe,7,13-Dec-26,"Basel, Switzerland","Amsterdam, Netherlands",Christmas Markets on the Rhine  ,AmaWaterways,AmaViola,,,,,Quote Available,Quote Available,Quote Available,Quote Available,https://www.amawaterways.au/Assets/Desktop/Cruises/christmas_markets_on_rhine_cruise_only_2025.jpg,https://www.amawaterways.au/destination/europe-river-cruises/2025/christmas-markets-on-the-rhine#reverse-direction_0,,,,,,,,,,,,,,
312063,2025,Europe,7,15-Dec-26,"Giurgiu, Romania","Budapest, Hungary",Gems of Southeast Europe  (Christmas),AmaWaterways,AmaBella,,,,,Quote Available,Quote Available,Quote Available,Quote Available,https://www.amawaterways.au/Assets/Desktop/Cruises/MAP_2025_Gems_of_SE_Eur_CO_BG.jpg,https://www.amawaterways.au/destination/europe-river-cruises/2025/gems-of-southeast-europe#reverse-direction_0,,,,,,,,,,,,,,
189261,2025,Europe,7,15-Dec-26,"Amsterdam, Netherlands","Basel, Switzerland",Rhine Castles & Swiss Alps  (Christmas),AmaWaterways,AmaSerena,,,,,Quote Available,Quote Available,Quote Available,Quote Available,https://www.amawaterways.au/Assets/Desktop/Cruises/MAP_2025_Rhine%20Castles%20&%20Swiss%20Alps_CO.jpg,https://www.amawaterways.au/destination/europe-river-cruises/2025/rhine-castles-swiss-alps-christmas,,,,,,,,,,,,,,
227860,2025,Europe,7,15-Dec-26,"Nuremberg, Germany","Budapest, Hungary",Iconic Christmas Markets  ,AmaWaterways,AmaVerde,,,,,Quote Available,Quote Available,Quote Available,Quote Available,https://www.amawaterways.au/Assets/Desktop/Cruises/MAP_2025_Iconic_Christmas_Markets_CO-BN.jpg,https://www.amawaterways.au/destination/europe-river-cruises/2025/iconic-christmas-markets#forward-direction_0,,,,,,,,,,,,,,
232206,2025,Europe,7,16-Dec-26,"Porto, Portugal","Porto, Portugal",Enticing Douro  ,AmaWaterways,AmaDouro,,,,,Quote Available,Quote Available,Quote Available,Quote Available,https://www.amawaterways.au/Assets/Desktop/Cruises/MAP_2025_Enticing%20Douro_CO.jpg,https://www.amawaterways.au/destination/europe-river-cruises/2025/enticing-douro,,,,,,,,,,,,,,
229077,2025,Europe,7,17-Dec-26,"Amsterdam, Netherlands","Basel, Switzerland",Christmas Markets on the Rhine  ,AmaWaterways,AmaCerto,,,,,Quote Available,Quote Available,Quote Available,Quote Available,https://www.amawaterways.au/Assets/Desktop/Cruises/christmas_markets_on_rhine_cruise_only_2025.jpg,https://www.amawaterways.au/destination/europe-river-cruises/2025/christmas-markets-on-the-rhine#forward-direction_0,,,,,,,,,,,,,,
228314,2025,Europe,7,17-Dec-26,"Basel, Switzerland","Amsterdam, Netherlands",Christmas Markets on the Rhine  ,AmaWaterways,AmaPrima,,,,,Quote Available,Quote Available,Quote Available,Quote Available,https://www.amawaterways.au/Assets/Desktop/Cruises/christmas_markets_on_rhine_cruise_only_2025.jpg,https://www.amawaterways.au/destination/europe-river-cruises/2025/christmas-markets-on-the-rhine#reverse-direction_0,,,,,,,,,,,,,,
227848,2025,Europe,7,17-Dec-26,"Budapest, Hungary","Nuremberg, Germany",Iconic Christmas Markets  ,AmaWaterways,AmaReina,,,,,Quote Available,Quote Available,Quote Available,Quote Available,https://www.amawaterways.au/Assets/Desktop/Cruises/MAP_2025_Iconic_Christmas_Markets_CO-BN.jpg,https://www.amawaterways.au/destination/europe-river-cruises/2025/iconic-christmas-markets#reverse-direction_0,,,,,,,,,,,,,,
227861,2025,Europe,7,17-Dec-26,"Nuremberg, Germany","Budapest, Hungary",Iconic Christmas Markets  ,AmaWaterways,AmaSonata,,,,,Quote Available,Quote Available,Quote Available,Quote Available,https://www.amawaterways.au/Assets/Desktop/Cruises/MAP_2025_Iconic_Christmas_Markets_CO-BN.jpg,https://www.amawaterways.au/destination/europe-river-cruises/2025/iconic-christmas-markets#forward-direction_0,,,,,,,,,,,,,,
229078,2025,Europe,7,18-Dec-26,"Amsterdam, Netherlands","Basel, Switzerland",Christmas Markets on the Rhine  ,AmaWaterways,AmaSiena,,,,,Quote Available,Quote Available,Quote Available,Quote Available,https://www.amawaterways.au/Assets/Desktop/Cruises/christmas_markets_on_rhine_cruise_only_2025.jpg,https://www.amawaterways.au/destination/europe-river-cruises/2025/christmas-markets-on-the-rhine#forward-direction_0,,,,,,,,,,,,,,
232207,2025,Europe,7,19-Dec-26,"Porto, Portugal","Porto, Portugal",Enticing Douro  ,AmaWaterways,AmaSintra,,,,,Quote Available,Quote Available,Quote Available,Quote Available,https://www.amawaterways.au/Assets/Desktop/Cruises/MAP_2025_Enticing%20Douro_CO.jpg,https://www.amawaterways.au/destination/europe-river-cruises/2025/enticing-douro,,,,,,,,,,,,,,
227862,2025,Europe,7,20-Dec-26,"Nuremberg, Germany","Budapest, Hungary",Iconic Christmas Markets  ,AmaWaterways,AmaMora,,,,,Quote Available,Quote Available,Quote Available,Quote Available,https://www.amawaterways.au/Assets/Desktop/Cruises/MAP_2025_Iconic_Christmas_Markets_CO-BN.jpg,https://www.amawaterways.au/destination/europe-river-cruises/2025/iconic-christmas-markets#forward-direction_0,,,,,,,,,,,,,,
12606,2025,Europe,7,20-Dec-26,"Amsterdam, Netherlands","Amsterdam, Netherlands",Best of Holland & Belgium  (Christmas),AmaWaterways,AmaStella,,,,,Quote Available,Quote Available,Quote Available,Quote Available,https://www.amawaterways.au/Assets/Desktop/Cruises/MAP_2025_BestofHolland_CO.jpg,https://www.amawaterways.au/destination/europe-river-cruises/2025/best-of-holland-belgium-christmas,,,,,,,,,,,,,,
49157,2025,Europe,7,20-Dec-26,"Vega Terrón, Spain","Porto, Portugal",Flavors of Portugal & Spain  ,AmaWaterways,AmaVida,,,,,Quote Available,Quote Available,Quote Available,Quote Available,https://www.amawaterways.au/Assets/Desktop/Cruises/MAP_2025_Flavors%20of%20Port&Spain_CO-PV.jpg,https://www.amawaterways.au/destination/europe-river-cruises/2025/flavors-of-portugal-spain#reverse-direction_0,,,,,,,,,,,,,,
59265,2025,Europe,7,21-Dec-26,"Vilshofen, Germany","Budapest, Hungary",Magna On The Danube  ,AmaWaterways,AmaMagna,,,,,Quote Available,Quote Available,Quote Available,Quote Available,https://www.amawaterways.au/Assets/Desktop/Cruises/magna_on_the_danube_BE_BUD-VIL_cruise_only_2025.jpg,https://www.amawaterways.au/destination/europe-river-cruises/2025/magna-on-the-danube#reverse-direction_0,,,,,,,,,,,,,,
83125,2025,Europe,7,22-Dec-26,"Budapest, Hungary","Budapest, Hungary",Celebration of Music: Imperial Danube Cruise  ,AmaWaterways,AmaBella,,,,,Quote Available,Quote Available,Quote Available,Quote Available,https://www.amawaterways.au/Assets/Desktop/Cruises/MAP_2026-Celebration-of-music-cruise-only.jpg,https://www.amawaterways.au/music#2025,,,,,,,,,,,,,,
181100,2025,Europe,7,22-Dec-26,"Budapest, Hungary","Budapest, Hungary",Best of the Danube  ,AmaWaterways,AmaBella,,,,,Quote Available,Quote Available,Quote Available,Quote Available,https://www.amawaterways.au/Assets/Desktop/Cruises/MAP_2026-Celebration-of-music-cruise-only.jpg,https://www.amawaterways.au/destination/europe-river-cruises/2025/best-of-the-danube,,,,,,,,,,,,,,
87742,2025,Europe,7,22-Dec-26,"Budapest, Hungary","Vilshofen, Germany","Melodies of the Danube  (Taste of Christmas, Cruise Only)",AmaWaterways,AmaVerde,,,,,Quote Available,Quote Available,Quote Available,Quote Available,https://www.amawaterways.au/Assets/Desktop/Cruises/melodiesofthedanube_bud_vil_map_2020.jpg,https://www.amawaterways.au/destination/europe-river-cruises/2025/melodies-of-the-danube,,,,,,,,,,,,,,
232208,2025,Europe,7,23-Dec-26,"Porto, Portugal","Porto, Portugal",Enticing Douro  ,AmaWaterways,AmaDouro,,,,,Quote Available,Quote Available,Quote Available,Quote Available,https://www.amawaterways.au/Assets/Desktop/Cruises/MAP_2025_Enticing%20Douro_CO.jpg,https://www.amawaterways.au/destination/europe-river-cruises/2025/enticing-douro,,,,,,,,,,,,,,
198126,2025,Europe,7,24-Dec-26,"Basel, Switzerland","Amsterdam, Netherlands",Enchanting Rhine  ,AmaWaterways,AmaCerto,,,,,Quote Available,Quote Available,Quote Available,Quote Available,https://www.amawaterways.au/Assets/Desktop/Cruises/MAP_2025_Enchanting%20Rhine_CO.jpg,https://www.amawaterways.au/destination/europe-river-cruises/2025/enchanting-rhine,,,,,,,,,,,,,,
213414,2025,Europe,7,24-Dec-26,"Amsterdam, Netherlands","Basel, Switzerland",Captivating Rhine  ,AmaWaterways,AmaPrima,,,,,Quote Available,Quote Available,Quote Available,Quote Available,https://www.amawaterways.au/Assets/Desktop/Cruises/MAP_2025_Captivating%20Rhine_CO.jpg,https://www.amawaterways.au/destination/europe-river-cruises/2025/captivating-rhine,,,,,,,,,,,,,,
188352,2025,Europe,7,24-Dec-26,"Nuremberg, Germany","Budapest, Hungary",Legendary Danube  ,AmaWaterways,AmaReina,,,,,Quote Available,Quote Available,Quote Available,Quote Available,https://www.amawaterways.au/Assets/Desktop/Cruises/MAP_2025_Legendary_Danube_CO.jpg,https://www.amawaterways.au/destination/europe-river-cruises/2025/legendary-danube,,,,,,,,,,,,,,
87744,2025,Europe,7,24-Dec-26,"Budapest, Hungary","Vilshofen, Germany","Melodies of the Danube  (Taste of Christmas, Cruise Only)",AmaWaterways,AmaSonata,,,,,Quote Available,Quote Available,Quote Available,Quote Available,https://www.amawaterways.au/Assets/Desktop/Cruises/melodiesofthedanube_bud_vil_map_2020.jpg,https://www.amawaterways.au/destination/europe-river-cruises/2025/melodies-of-the-danube,,,,,,,,,,,,,,
82404,2025,Europe,7,25-Dec-26,"Arles, France","Lyon, France",Colors of Provence  ,AmaWaterways,AmaKristina,,,,,Quote Available,Quote Available,Quote Available,Quote Available,https://www.amawaterways.au/Assets/Desktop/Cruises/MAP_2025_Colors%20of%20Provence_CO-LA.jpg,https://www.amawaterways.au/destination/europe-river-cruises/2025/colors-of-provence#reverse-direction_0,,,,,,,,,,,,,,
230292,2025,Europe,7,25-Dec-26,"Amsterdam, Netherlands","Amsterdam, Netherlands",Best of Holland & Belgium  ,AmaWaterways,AmaLucia,,,,,Quote Available,Quote Available,Quote Available,Quote Available,https://www.amawaterways.au/Assets/Desktop/Cruises/MAP_2025_BestofHolland_CO.jpg,https://www.amawaterways.au/destination/europe-river-cruises/2025/best-of-holland-belgium,,,,https://www.amawaterways.au/destination/europe-river-cruises/2025/best-of-holland-belgium,,,,,,,,,,
198132,2025,Europe,7,25-Dec-26,"Basel, Switzerland","Amsterdam, Netherlands",Enchanting Rhine  ,AmaWaterways,AmaSiena,,,,,Quote Available,Quote Available,Quote Available,Quote Available,https://www.amawaterways.au/Assets/Desktop/Cruises/MAP_2025_Enchanting%20Rhine_CO.jpg,https://www.amawaterways.au/destination/europe-river-cruises/2025/enchanting-rhine,,,,,,,,,,,,,,
232209,2025,Europe,7,26-Dec-26,"Porto, Portugal","Porto, Portugal",Enticing Douro  ,AmaWaterways,AmaSintra,,,,,Quote Available,Quote Available,Quote Available,Quote Available,https://www.amawaterways.au/Assets/Desktop/Cruises/MAP_2025_Enticing%20Douro_CO.jpg,https://www.amawaterways.au/destination/europe-river-cruises/2025/enticing-douro,,,,,,,,,,,,,,
87746,2025,Europe,7,27-Dec-26,"Budapest, Hungary","Vilshofen, Germany","Melodies of the Danube  (Taste of Christmas, Cruise Only)",AmaWaterways,AmaMora,,,,,Quote Available,Quote Available,Quote Available,Quote Available,https://www.amawaterways.au/Assets/Desktop/Cruises/melodiesofthedanube_bud_vil_map_2020.jpg,https://www.amawaterways.au/destination/europe-river-cruises/2025/melodies-of-the-danube,,,,,,,,,,,,,,
230293,2025,Europe,7,27-Dec-26,"Amsterdam, Netherlands","Amsterdam, Netherlands",Best of Holland & Belgium  ,AmaWaterways,AmaStella,,,,,Quote Available,Quote Available,Quote Available,Quote Available,https://www.amawaterways.au/Assets/Desktop/Cruises/MAP_2025_BestofHolland_CO.jpg,https://www.amawaterways.au/destination/europe-river-cruises/2025/best-of-holland-belgium,,,,,,,,,,,,,,
198138,2025,Europe,7,27-Dec-26,"Basel, Switzerland","Amsterdam, Netherlands",Enchanting Rhine  ,AmaWaterways,AmaViola,,,,,Quote Available,Quote Available,Quote Available,Quote Available,https://www.amawaterways.au/Assets/Desktop/Cruises/MAP_2025_Enchanting%20Rhine_CO.jpg,https://www.amawaterways.au/destination/europe-river-cruises/2025/enchanting-rhine,,,,,,,,,,,,,,
105716,2025,Europe,7,27-Dec-26,"Porto, Portugal","Vega Terrón, Spain",Flavors of Portugal & Spain  ,AmaWaterways,,,,,,Quote Available,Quote Available,Quote Available,Quote Available,https://www.amawaterways.au/Assets/Desktop/Cruises/MAP_2025_Flavors%20of%20Port&Spain_CO-PV.jpg,https://www.amawaterways.au/destination/europe-river-cruises/2025/flavors-of-portugal-spain#forward-direction_0,,,,,,,,,,,,,,
191346,2025,Europe,7,29-Dec-26,"Amsterdam, Netherlands","Basel, Switzerland",Rhine Castles & Swiss Alps  ,AmaWaterways,AmaSerena,,,,,Quote Available,Quote Available,Quote Available,Quote Available,https://www.amawaterways.au/Assets/Desktop/Cruises/MAP_2025_Rhine%20Castles%20&%20Swiss%20Alps_CO.jpg,https://www.amawaterways.au/destination/europe-river-cruises/2025/rhine-castles-swiss-alps,,,,,,,,,,,,,,
232210,2025,Europe,7,30-Dec-26,"Porto, Portugal","Porto, Portugal",Enticing Douro  ,AmaWaterways,AmaDouro,,,,,Quote Available,Quote Available,Quote Available,Quote Available,https://www.amawaterways.au/Assets/Desktop/Cruises/MAP_2025_Enticing%20Douro_CO.jpg,https://www.amawaterways.au/destination/europe-river-cruises/2025/enticing-douro,,,,,,,,,,,,,,
276252,2025,Asia,9,01-Aug-25,"Ho Chi Minh City, Vietnam","Siem Reap, Cambodia",Meandering along the Mekong,Scenic,Scenic Spirit,,,,,"$5,299.00","$6,265.00","$6,583.00","$6,820.00",,,,,,,,,,,,,,,,
276269,2025,Asia,9,10-Aug-25,"Siem Reap, Cambodia","Ho Chi Minh City, Vietnam",Meandering along the Mekong,Scenic,Scenic Spirit,,,,,"$5,375.00","$6,265.00","$6,583.00","$6,820.00",,,,,,,,,,,,,,,,
276253,2025,Asia,9,19-Aug-25,"Ho Chi Minh City, Vietnam","Siem Reap, Cambodia",Meandering along the Mekong,Scenic,Scenic Spirit,,,,,"$5,375.00","$6,265.00","$6,583.00","$6,820.00",,,,,,,,,,,,,,,,
276270,2025,Asia,9,28-Aug-25,"Siem Reap, Cambodia","Ho Chi Minh City, Vietnam",Meandering along the Mekong,Scenic,Scenic Spirit,,,,,"$5,375.00","$6,265.00","$6,583.00","$6,820.00",,,,,,,,,,,,,,,,
276254,2025,Asia,9,06-Sep-25,"Ho Chi Minh City, Vietnam","Siem Reap, Cambodia",Meandering along the Mekong,Scenic,Scenic Spirit,,,,,"$5,825.00","$6,715.00","$7,033.00","$7,270.00",,,,,,,,,,,,,,,,
276271,2025,Asia,9,15-Sep-25,"Siem Reap, Cambodia","Ho Chi Minh City, Vietnam",Meandering along the Mekong,Scenic,Scenic Spirit,,,,,"$5,825.00","$6,715.00","$7,033.00","$7,270.00",,,,,,,,,,,,,,,,
276255,2025,Asia,9,24-Sep-25,"Ho Chi Minh City, Vietnam","Siem Reap, Cambodia",Meandering along the Mekong,Scenic,Scenic Spirit,,,,,"$6,075.00","$6,965.00","$7,283.00","$7,520.00",,,,,,,,,,,,,,,,
276272,2025,Asia,9,03-Oct-25,"Siem Reap, Cambodia","Ho Chi Minh City, Vietnam",Meandering along the Mekong,Scenic,Scenic Spirit,,,,,"$6,075.00","$6,965.00","$7,283.00","$7,520.00",,,,,,,,,,,,,,,,
40857,2025,Asia,12,09-Oct-25,"Ho Chi Minh City, Vietnam","Siem Reap, Cambodia","Wonders of Cambodia, Vietnam & the Mekong",Emerald,Emerald Harmony,,,,,"$4,449.00","$4,908.00","$5,168.00","$5,468.00",,,,,,,,,,,,,,,,
55142,2025,Asia,12,16-Aug-25,"Ho Chi Minh City, Vietnam","Siem Reap, Cambodia","Wonders of Cambodia, Vietnam & the Mekong",Emerald,Emerald Harmony,,,,,"$4,468.00","$4,908.00","$5,168.00","$5,468.00",,,,,,,,,,,,,,,,
300001,2025,Asia,12,06-Aug-25,"Ho Chi Minh City, Vietnam","Siem Reap, Cambodia","Wonders of Cambodia, Vietnam & the Mekong",Emerald,Emerald Harmony,,,,,"$5,108.00","$5,548.00","$5,808.00","$6,108.00",,,,,,,,,,,,,,,,
300002,2025,Asia,12,24-Aug-25,"Siem Reap, Cambodia","Ho Chi Minh City, Vietnam","Wonders of Cambodia, Vietnam & the Mekong",Emerald,Emerald Harmony,,,,,"$5,108.00","$5,548.00","$5,808.00","$6,108.00",,,,,,,,,,,,,,,,
300003,2025,Asia,12,11-Sep-25,"Siem Reap, Cambodia","Ho Chi Minh City, Vietnam","Wonders of Cambodia, Vietnam & the Mekong",Emerald,Emerald Harmony,,,,,"$5,018.00","$5,458.00","$5,718.00","$6,018.00",,,,,,,,,,,,,,,,
300004,2025,Asia,12,29-Sep-25,"Siem Reap, Cambodia","Ho Chi Minh City, Vietnam","Wonders of Cambodia, Vietnam & the Mekong",Emerald,Emerald Harmony,,,,,"$5,773.00","$6,213.00","$6,473.00","$6,773.00",,,,,,,,,,,,,,,,
300005,2025,Asia,12,29-Oct-25,"Siem Reap, Cambodia","Ho Chi Minh City, Vietnam","Wonders of Cambodia, Vietnam & the Mekong",Emerald,Emerald Harmony,,,,,"$6,123.00","$6,563.00","$6,823.00","$7,123.00",,,,,,,,,,,,,,,,
300006,2025,Asia,12,26-Nov-25,"Siem Reap, Cambodia","Ho Chi Minh City, Vietnam","Wonders of Cambodia, Vietnam & the Mekong",Emerald,Emerald Harmony,,,,,"$6,123.00","$6,563.00","$6,823.00","$7,123.00",,,,,,,,,,,,,,,,
300007,2025,Asia,12,10-Dec-25,"Siem Reap, Cambodia","Ho Chi Minh City, Vietnam","Wonders of Cambodia, Vietnam & the Mekong",Emerald,Emerald Harmony,,,,,"$5,873.00","$6,313.00","$6,573.00","$6,873.00",,,,,,,,,,,,,,,,
