"company_name","email","source_url","category","search_query","timestamp"
"Contact Us","officeemailbaggageservices@dnata.comtelephone","https://www.singaporeair.com/en_UK/sg/contact-us/","Airlines","airlines Singapore contact","2025-07-18T09:11:47.222Z"
"Contact Us","sqin_taxinvoice@singaporeair.com.sg","https://www.singaporeair.com/en_UK/sg/contact-us/","Airlines","airlines Singapore contact","2025-07-18T09:11:47.222Z"
"Contact Us","officeemailamd_baggage@singaporeair.com.sgoperating","https://www.singaporeair.com/en_UK/sg/contact-us/","Airlines","airlines Singapore contact","2025-07-18T09:11:47.222Z"
"Contact Us","servicesemailamm_reservations@singaporeair.com.sgtelephone","https://www.singaporeair.com/en_UK/sg/contact-us/","Airlines","airlines Singapore contact","2025-07-18T09:11:47.222Z"
"Contact Us","ams.mybag@swissport.comtelephone","https://www.singaporeair.com/en_UK/sg/contact-us/","Airlines","airlines Singapore contact","2025-07-18T09:11:47.222Z"
"Contact Us","servicesemailsia@asianaviation.cotelephone","https://www.singaporeair.com/en_UK/sg/contact-us/","Airlines","airlines Singapore contact","2025-07-18T09:11:47.222Z"
"Contact Us","officeemailakl.baggage.services@menziesaviation.comtelephone","https://www.singaporeair.com/en_UK/sg/contact-us/","Airlines","airlines Singapore contact","2025-07-18T09:11:47.222Z"
"Contact Us","addressayan_zeynalova@singaporeair.com.sgoffice","https://www.singaporeair.com/en_UK/sg/contact-us/","Airlines","airlines Singapore contact","2025-07-18T09:11:47.222Z"
"Contact Us","officeemailbaggage_bkk@singaporeair.com.sgtelephone","https://www.singaporeair.com/en_UK/sg/contact-us/","Airlines","airlines Singapore contact","2025-07-18T09:11:47.222Z"
"Contact Us","servicesemailbey_reservations@singaporeair.com.sgtelephone","https://www.singaporeair.com/en_UK/sg/contact-us/","Airlines","airlines Singapore contact","2025-07-18T09:11:47.222Z"
"Contact Us","addresssingaporeairlines@talaviation.rstelephone","https://www.singaporeair.com/en_UK/sg/contact-us/","Airlines","airlines Singapore contact","2025-07-18T09:11:47.222Z"
"Contact Us","officeemailblr_traffic@singaporeair.com.sgoperating","https://www.singaporeair.com/en_UK/sg/contact-us/","Airlines","airlines Singapore contact","2025-07-18T09:11:47.222Z"
"Contact Us","addressinformace@discovertheworld.biztelephone","https://www.singaporeair.com/en_UK/sg/contact-us/","Airlines","airlines Singapore contact","2025-07-18T09:11:47.222Z"
"Contact Us","officeemailsq.bne.baggage@swissport.com.autelephone","https://www.singaporeair.com/en_UK/sg/contact-us/","Airlines","airlines Singapore contact","2025-07-18T09:11:47.222Z"
"Contact Us","officee-mailbaggagebrupax@securitas.betelephone","https://www.singaporeair.com/en_UK/sg/contact-us/","Airlines","airlines Singapore contact","2025-07-18T09:11:47.222Z"
"Contact Us","addressmonica_sane@singaporeair.com.sgtelephone","https://www.singaporeair.com/en_UK/sg/contact-us/","Airlines","airlines Singapore contact","2025-07-18T09:11:47.222Z"
"Contact Us","addresssingaporeair@tensi.hutelephone","https://www.singaporeair.com/en_UK/sg/contact-us/","Airlines","airlines Singapore contact","2025-07-18T09:11:47.223Z"
"Contact Us","officeemailbaggage_pus@singaporeair.com.sgtelephone","https://www.singaporeair.com/en_UK/sg/contact-us/","Airlines","airlines Singapore contact","2025-07-18T09:11:47.223Z"
"Contact Us","officeemailsqcns.ops@swissport.com.auaddresscairns","https://www.singaporeair.com/en_UK/sg/contact-us/","Airlines","airlines Singapore contact","2025-07-18T09:11:47.223Z"
"Contact Us","servicesemailcai_reservations@singaporeair.com.sg","https://www.singaporeair.com/en_UK/sg/contact-us/","Airlines","airlines Singapore contact","2025-07-18T09:11:47.223Z"
"Contact Us","officeemailmaa_baggage@singaporeair.com.sgoperating","https://www.singaporeair.com/en_UK/sg/contact-us/","Airlines","airlines Singapore contact","2025-07-18T09:11:47.223Z"
"Contact Us","officeemailbaggagetracing@planebiz.co.nztelephone","https://www.singaporeair.com/en_UK/sg/contact-us/","Airlines","airlines Singapore contact","2025-07-18T09:11:47.223Z"
"Contact Us","servicesemailksa_reservations@singaporeair.com.sgtelephone","https://www.singaporeair.com/en_UK/sg/contact-us/","Airlines","airlines Singapore contact","2025-07-18T09:11:47.223Z"
"Contact Us","officeemaildrw.baggage@menziesaviation.comaddressdarwin","https://www.singaporeair.com/en_UK/sg/contact-us/","Airlines","airlines Singapore contact","2025-07-18T09:11:47.223Z"
"Contact Us","officeemailsqdel_baggage@singaporeair.com.sgoperating","https://www.singaporeair.com/en_UK/sg/contact-us/","Airlines","airlines Singapore contact","2025-07-18T09:11:47.223Z"
"Contact Us","officeemaildps_bagops@singaporeair.com.sgtelephone","https://www.singaporeair.com/en_UK/sg/contact-us/","Airlines","airlines Singapore contact","2025-07-18T09:11:47.223Z"
"Contact Us","officeemailbaggage-tracing@fraport.deopening","https://www.singaporeair.com/en_UK/sg/contact-us/","Airlines","airlines Singapore contact","2025-07-18T09:11:47.223Z"
"Contact Us","reservationshan_cgosales@singaporeair.com","https://www.singaporeair.com/en_UK/sg/contact-us/","Airlines","airlines Singapore contact","2025-07-18T09:11:47.223Z"
"Contact Us",".sgoperationshan_cgoops@singaporeair.com.sgoperating","https://www.singaporeair.com/en_UK/sg/contact-us/","Airlines","airlines Singapore contact","2025-07-18T09:11:47.223Z"
"Contact Us","addresssgn_cgosales@singaporeair.com.sgoperations","https://www.singaporeair.com/en_UK/sg/contact-us/","Airlines","airlines Singapore contact","2025-07-18T09:11:47.223Z"
"Contact Us","addresssgn_cgoops@singaporeair.com.sgsales","https://www.singaporeair.com/en_UK/sg/contact-us/","Airlines","airlines Singapore contact","2025-07-18T09:11:47.223Z"
"Contact Us","addresslostandfoundtsn@viags.vntelephone","https://www.singaporeair.com/en_UK/sg/contact-us/","Airlines","airlines Singapore contact","2025-07-18T09:11:47.223Z"
"Contact Us","officeemailsatshk_lostandfound@satshk.comtelephone","https://www.singaporeair.com/en_UK/sg/contact-us/","Airlines","airlines Singapore contact","2025-07-18T09:11:47.223Z"
"Contact Us","officeemailcbsiah@hallmark-aviation.comtelephone","https://www.singaporeair.com/en_UK/sg/contact-us/","Airlines","airlines Singapore contact","2025-07-18T09:11:47.223Z"
"Contact Us","officeemailhyd_traffic@singaporeair.com.sgoperating","https://www.singaporeair.com/en_UK/sg/contact-us/","Airlines","airlines Singapore contact","2025-07-18T09:11:47.223Z"
"Contact Us","servicesemailisb_reservations@singaporeair.com.sgtelephone","https://www.singaporeair.com/en_UK/sg/contact-us/","Airlines","airlines Singapore contact","2025-07-18T09:11:47.223Z"
"Contact Us","officeemailistll@havas.nettelephone","https://www.singaporeair.com/en_UK/sg/contact-us/","Airlines","airlines Singapore contact","2025-07-18T09:11:47.223Z"
"Contact Us","officeemailist_cgosales@singaporeair.com.sgtelephone","https://www.singaporeair.com/en_UK/sg/contact-us/","Airlines","airlines Singapore contact","2025-07-18T09:11:47.223Z"
"Contact Us","officeemailsqll@ptjas.co.idtelephone","https://www.singaporeair.com/en_UK/sg/contact-us/","Airlines","airlines Singapore contact","2025-07-18T09:11:47.223Z"
"Contact Us","officeemaillostpropertyjnb@nascolossal.co.zatelephone","https://www.singaporeair.com/en_UK/sg/contact-us/","Airlines","airlines Singapore contact","2025-07-18T09:11:47.223Z"
"Contact Us","servicesemailkhi_reservations@singaporeair.com.sgtelephone","https://www.singaporeair.com/en_UK/sg/contact-us/","Airlines","airlines Singapore contact","2025-07-18T09:11:47.223Z"
"Contact Us","addresssq.ukraine@aviareps.comtelephone","https://www.singaporeair.com/en_UK/sg/contact-us/","Airlines","airlines Singapore contact","2025-07-18T09:11:47.223Z"
"Contact Us","officeemailcok_baggage@singaporeair.com.sgoperating","https://www.singaporeair.com/en_UK/sg/contact-us/","Airlines","airlines Singapore contact","2025-07-18T09:11:47.223Z"
"Contact Us","officeemailccu_baggage@singaporeair.com.sgoperating","https://www.singaporeair.com/en_UK/sg/contact-us/","Airlines","airlines Singapore contact","2025-07-18T09:11:47.223Z"
"Contact Us","emailbaggageservices@pos.com.my","https://www.singaporeair.com/en_UK/sg/contact-us/","Airlines","airlines Singapore contact","2025-07-18T09:11:47.223Z"
"Contact Us","servicesemailkwi_reservations@singaporeair.com.sgtelephone","https://www.singaporeair.com/en_UK/sg/contact-us/","Airlines","airlines Singapore contact","2025-07-18T09:11:47.223Z"
"Contact Us","servicesemaillhe_reservations@singaporeair.com.sgtelephone","https://www.singaporeair.com/en_UK/sg/contact-us/","Airlines","airlines Singapore contact","2025-07-18T09:11:47.223Z"
"Contact Us","addresssingaporeairlines@tal-aviation.comtelephone","https://www.singaporeair.com/en_UK/sg/contact-us/","Airlines","airlines Singapore contact","2025-07-18T09:11:47.223Z"
"Contact Us","queriessquk_salesops@singaporeair.com.sg","https://www.singaporeair.com/en_UK/sg/contact-us/","Airlines","airlines Singapore contact","2025-07-18T09:11:47.223Z"
"Contact Us","lhr.bagfacs@dnata.co.ukaddressdnata","https://www.singaporeair.com/en_UK/sg/contact-us/","Airlines","airlines Singapore contact","2025-07-18T09:11:47.223Z"
"Contact Us","ggsqc@gatwickgroundservices.comaddressexcess","https://www.singaporeair.com/en_UK/sg/contact-us/","Airlines","airlines Singapore contact","2025-07-18T09:11:47.223Z"
"Contact Us","officeemailbaggageservice@hallmark-aviation.com","https://www.singaporeair.com/en_UK/sg/contact-us/","Airlines","airlines Singapore contact","2025-07-18T09:11:47.223Z"
"Contact Us","lax_baggage@singaporeair.com.sg","https://www.singaporeair.com/en_UK/sg/contact-us/","Airlines","airlines Singapore contact","2025-07-18T09:11:47.223Z"
"Contact Us","servicesemailmle_queries@singaporeair.com.sgtelephone","https://www.singaporeair.com/en_UK/sg/contact-us/","Airlines","airlines Singapore contact","2025-07-18T09:11:47.223Z"
"Contact Us","airportgsd_mle@singaporeair.com.sgmobile","https://www.singaporeair.com/en_UK/sg/contact-us/","Airlines","airlines Singapore contact","2025-07-18T09:11:47.223Z"
"Contact Us","servicesemailbah_reservations@singaporeair.com.sgtelephone","https://www.singaporeair.com/en_UK/sg/contact-us/","Airlines","airlines Singapore contact","2025-07-18T09:11:47.223Z"
"Contact Us","officeemailadmin1@globalbaggage.co.ukaddressglobal","https://www.singaporeair.com/en_UK/sg/contact-us/","Airlines","airlines Singapore contact","2025-07-18T09:11:47.223Z"
"Contact Us","officeemailsq.agencysales@currimjee.comtelephone","https://www.singaporeair.com/en_UK/sg/contact-us/","Airlines","airlines Singapore contact","2025-07-18T09:11:47.223Z"
"Contact Us","officeemaillostfound.kno@ptjas.co.id","https://www.singaporeair.com/en_UK/sg/contact-us/","Airlines","airlines Singapore contact","2025-07-18T09:11:47.223Z"
"Contact Us","programmeemailhighflyer_support@singaporeair.com.sgoperating","https://www.singaporeair.com/en_UK/sg/contact-us/","Airlines","airlines Singapore contact","2025-07-18T09:11:47.223Z"
"Contact Us","officeemailbom_baggage@singaporeair.com.sgoperating","https://www.singaporeair.com/en_UK/sg/contact-us/","Airlines","airlines Singapore contact","2025-07-18T09:11:47.223Z"
"Contact Us","officeemailmuc_baggage@singaporeair.com.sglufthansa","https://www.singaporeair.com/en_UK/sg/contact-us/","Airlines","airlines Singapore contact","2025-07-18T09:11:47.223Z"
"Contact Us","servicesemailmct_reservations@singaporeair.com.sgtelephone","https://www.singaporeair.com/en_UK/sg/contact-us/","Airlines","airlines Singapore contact","2025-07-18T09:11:47.223Z"
"Contact Us","flightsjfk_lostnfound@singaporeair.com.sgemail","https://www.singaporeair.com/en_UK/sg/contact-us/","Airlines","airlines Singapore contact","2025-07-18T09:11:47.223Z"
"Contact Us","flightsewr_baggage@singaporeair.com.sgtelephone","https://www.singaporeair.com/en_UK/sg/contact-us/","Airlines","airlines Singapore contact","2025-07-18T09:11:47.223Z"
"Contact Us","addresssia@asianaviation.cotelephone","https://www.singaporeair.com/en_UK/sg/contact-us/","Airlines","airlines Singapore contact","2025-07-18T09:11:47.223Z"
"Contact Us","mailtest@test.tsohrid","https://www.singaporeair.com/en_UK/sg/contact-us/","Airlines","airlines Singapore contact","2025-07-18T09:11:47.223Z"
"Contact Us","addresssingaporeair@talaviation.rstelephone","https://www.singaporeair.com/en_UK/sg/contact-us/","Airlines","airlines Singapore contact","2025-07-18T09:11:47.223Z"
"Contact Us","emaillostandfound.cdg1@dirby.frlost","https://www.singaporeair.com/en_UK/sg/contact-us/","Airlines","airlines Singapore contact","2025-07-18T09:11:47.223Z"
"Contact Us","emailbaggageservices.pen@pos.com.my","https://www.singaporeair.com/en_UK/sg/contact-us/","Airlines","airlines Singapore contact","2025-07-18T09:11:47.223Z"
"Contact Us","officeemailpnhllxh@cambodia-airports.aerotelephone","https://www.singaporeair.com/en_UK/sg/contact-us/","Airlines","airlines Singapore contact","2025-07-18T09:11:47.223Z"
"Contact Us","officeemailhktll@aotga.comtelephone","https://www.singaporeair.com/en_UK/sg/contact-us/","Airlines","airlines Singapore contact","2025-07-18T09:11:47.223Z"
"Contact Us","officeemailphuket_airport@singaporeair.com.sgoperating","https://www.singaporeair.com/en_UK/sg/contact-us/","Airlines","airlines Singapore contact","2025-07-18T09:11:47.223Z"
"Contact Us","addressams_passengerservices@singaporeair.com.sgtelephone","https://www.singaporeair.com/en_UK/sg/contact-us/","Airlines","airlines Singapore contact","2025-07-18T09:11:47.223Z"
"Contact Us","officeemailfco.handling.bag@aviapartner.aerotelephone","https://www.singaporeair.com/en_UK/sg/contact-us/","Airlines","airlines Singapore contact","2025-07-18T09:11:47.223Z"
"Contact Us","officeemailsfoll_sq@singaporeair.com.sgtelephone","https://www.singaporeair.com/en_UK/sg/contact-us/","Airlines","airlines Singapore contact","2025-07-18T09:11:47.223Z"
"Contact Us","servicesemailsingaporeair.brazil@aviareps.comtelephone","https://www.singaporeair.com/en_UK/sg/contact-us/","Airlines","airlines Singapore contact","2025-07-18T09:11:47.223Z"
"Contact Us","officeemailbaggageservice@hallmark-aviation.comtelephone","https://www.singaporeair.com/en_UK/sg/contact-us/","Airlines","airlines Singapore contact","2025-07-18T09:11:47.223Z"
"Contact Us","officeemailsea_baggage@singaporeair.com","https://www.singaporeair.com/en_UK/sg/contact-us/","Airlines","airlines Singapore contact","2025-07-18T09:11:47.223Z"
"Contact Us","officeemailbaggage_icn@singaporeair.com.sgtelephone","https://www.singaporeair.com/en_UK/sg/contact-us/","Airlines","airlines Singapore contact","2025-07-18T09:11:47.223Z"
"Contact Us","officeemailpvgmut2@126.comtelephone","https://www.singaporeair.com/en_UK/sg/contact-us/","Airlines","airlines Singapore contact","2025-07-18T09:11:47.223Z"
"Contact Us","officeemailyaca_baggage@sai-airport.comtelephone","https://www.singaporeair.com/en_UK/sg/contact-us/","Airlines","airlines Singapore contact","2025-07-18T09:11:47.223Z"
"Contact Us","addresssales@talaviation.bgtelephone","https://www.singaporeair.com/en_UK/sg/contact-us/","Airlines","airlines Singapore contact","2025-07-18T09:11:47.223Z"
"Contact Us","servicesemailtw_reservations@singaporeair.com.sgtelephone","https://www.singaporeair.com/en_UK/sg/contact-us/","Airlines","airlines Singapore contact","2025-07-18T09:11:47.223Z"
"Contact Us","officeemailtpellcibox@email.china-airlines.comtelephone","https://www.singaporeair.com/en_UK/sg/contact-us/","Airlines","airlines Singapore contact","2025-07-18T09:11:47.223Z"
"Contact Us","addressinfo@open-sky.co.iltelephone","https://www.singaporeair.com/en_UK/sg/contact-us/","Airlines","airlines Singapore contact","2025-07-18T09:11:47.223Z"
"Contact Us","addresssia.poland@aviareps.comtelephone","https://www.singaporeair.com/en_UK/sg/contact-us/","Airlines","airlines Singapore contact","2025-07-18T09:11:47.223Z"
"Contact Us","servicessingaporeairlines@tal-aviation.comsingaporeairlines","https://www.singaporeair.com/en_UK/sg/contact-us/","Airlines","airlines Singapore contact","2025-07-18T09:11:47.223Z"
"Contact Us","officeemailzrh.lostbag@swissport.comtelephone","https://www.singaporeair.com/en_UK/sg/contact-us/","Airlines","airlines Singapore contact","2025-07-18T09:11:47.223Z"
"Contact Us","public_affairs@singaporeair.com.sg","https://www.singaporeair.com/en_UK/sg/contact-us/","Airlines","airlines Singapore contact","2025-07-18T09:11:47.223Z"
"Get Help - Everything Else",,"https://www.singaporeair.com/get-help/others","Airlines","airlines Singapore contact","2025-07-18T09:11:52.410Z"
"JAL Group Offices and Contact us in SINGAPORE",,"https://www.jal.co.jp/en/information/branch/sr/sg/","Airlines","airlines Singapore contact","2025-07-18T09:11:55.171Z"
"Contact Us","contact.us@jewelchangiairport.com","https://www.changiairport.com/en/help/contact-us.html","Airlines","airlines Singapore contact","2025-07-18T09:11:57.601Z"
"Contact Us","hubandspoke@changiairport.com","https://www.changiairport.com/en/help/contact-us.html","Airlines","airlines Singapore contact","2025-07-18T09:11:57.601Z"
"Contact numbers",,"https://www.jetstar.com/sg/en/help/contact-numbers","Airlines","airlines Singapore contact","2025-07-18T09:12:00.149Z"
"Contact Us  Scoot",,"https://www.flyscoot.com/en/support/contact-us","Airlines","airlines Singapore contact","2025-07-18T09:12:02.875Z"
"Contact Singapore Airlines Customer Service","sqflightinfo@flightinfo.singaporeair.com","https://singapore-airlines.pissedconsumer.com/customer-service.html","Airlines","airlines Singapore contact","2025-07-18T09:12:05.197Z"
"Contact Singapore Airlines Customer Service","highflyer_support@singaporeair.com.sg","https://singapore-airlines.pissedconsumer.com/customer-service.html","Airlines","airlines Singapore contact","2025-07-18T09:12:05.197Z"
"Phone Numbers  Contact Details  Air New Zealand","resasia@airnz.co.nz","https://www.airnewzealand.com.sg/phone-numbers","Airlines","airlines Singapore contact","2025-07-18T09:12:08.347Z"
"Phone Numbers  Contact Details  Air New Zealand","airnz@discovertheworld.com.mx","https://www.airnewzealand.com.sg/phone-numbers","Airlines","airlines Singapore contact","2025-07-18T09:12:08.347Z"
"Phone Numbers  Contact Details  Air New Zealand","rarotongatravelcentre@airnz.co.nz","https://www.airnewzealand.com.sg/phone-numbers","Airlines","airlines Singapore contact","2025-07-18T09:12:08.347Z"
"Phone Numbers  Contact Details  Air New Zealand","airnzfiji@airnz.co.nz","https://www.airnewzealand.com.sg/phone-numbers","Airlines","airlines Singapore contact","2025-07-18T09:12:08.347Z"
"Phone Numbers  Contact Details  Air New Zealand","info@pelenistravel.com","https://www.airnewzealand.com.sg/phone-numbers","Airlines","airlines Singapore contact","2025-07-18T09:12:08.347Z"
"Phone Numbers  Contact Details  Air New Zealand","airnzsamoa@airnz.co.nz","https://www.airnewzealand.com.sg/phone-numbers","Airlines","airlines Singapore contact","2025-07-18T09:12:08.347Z"
"Phone Numbers  Contact Details  Air New Zealand","airnztahiti@airnz.co.nz","https://www.airnewzealand.com.sg/phone-numbers","Airlines","airlines Singapore contact","2025-07-18T09:12:08.347Z"
"Phone Numbers  Contact Details  Air New Zealand","info@travelcentre.to","https://www.airnewzealand.com.sg/phone-numbers","Airlines","airlines Singapore contact","2025-07-18T09:12:08.347Z"
"How Can I Talk To Someone at Singapore Airlines",,"https://amtrakoig.gov/sites/default/files/webform/foia_form/_sid_/19%20Ways%20to%20Contact%20How%20Can%20I%20Talk%20To%20Someone%20at%20Singapore%20Airlines%20Detailed%20Guide.pdf","Airlines","airlines Singapore contact","2025-07-18T09:12:23.524Z"
"Airline Information - Singapore",,"https://www.changiairport.com/en/fly/airline-information.html","Airlines","airlines Singapore contact","2025-07-18T09:12:25.865Z"
"International Reservation Numbers",,"https://www.united.com/en/us/fly/help/international-reservations-contact-information.html","Airlines","airlines Singapore contact","2025-07-18T09:12:28.195Z"
"12 Ways To Connect at Singapore Airlines Customer",,"https://www.sweetprocess.com/kb/57AbuE0BvESAwr/article/ZQ4vf6fWrrp/12-ways-to-connect-at-singapore-airlines-customer-service-via-email-phone-or-live-chat-with-complete-guide/","Airlines","airlines Singapore contact","2025-07-18T09:12:33.720Z"
"Vietnam Airlines Branch Offices",,"https://www.vietnamairlines.com/us/en/support/vietnam-branches","Airlines","airlines Singapore contact","2025-07-18T09:13:21.752Z"
"Singapore Airlines Singapore Office Address","public_affairs@singaporeair.com.sg","https://airlineofficedetails.com/singapore-airlines-office-in-singapore/","Airlines","airlines Singapore contact","2025-07-18T09:13:21.752Z"
"Contact the KLM Customer Contact Centre - KLM Singapore",,"https://www.klm.sg/contact","Airlines","airlines Singapore contact","2025-07-18T09:13:30.449Z"
"Our Subsidiaries",,"https://www.singaporeair.com/en_UK/sg/flying-withus/our-story/our-subsidiaries/","Airlines","Singapore airlines companies","2025-07-18T09:13:34.739Z"
"Partners and Benefits  Singapore Airlines",,"https://www.singaporeair.com/en_UK/sg/plan-travel/partner-airlines/","Airlines","Singapore airlines companies","2025-07-18T09:13:36.911Z"
"Singapore Airlines Group",,"https://centreforaviation.com/data/profiles/airline-groups/singapore-airlines-group","Airlines","Singapore airlines companies","2025-07-18T09:13:40.189Z"
"About Us  Corporate Information",,"https://www.singaporeair.com/en_UK/sg/about-us/","Airlines","Singapore airlines companies","2025-07-18T09:13:42.358Z"
"Singapore Air Operators","csc@changiairport.com","https://www.caas.gov.sg/operations-safety/air-operations/singapore-air-operators","Airlines","Singapore airlines companies","2025-07-18T09:13:44.684Z"
"Singapore Air Operators","seletar.airside@changiairport.com","https://www.caas.gov.sg/operations-safety/air-operations/singapore-air-operators","Airlines","Singapore airlines companies","2025-07-18T09:13:44.684Z"
"Our Fleet",,"https://www.singaporeair.com/en_UK/sg/flying-withus/our-story/our-fleet/","Airlines","Singapore airlines companies","2025-07-18T09:13:46.887Z"
"How Many Airlines Are Registered In Singapore",,"https://simpleflying.com/how-many-airlines-are-registered-in-singapore/","Airlines","Singapore airlines companies","2025-07-18T09:13:50.934Z"
"Singapore Airlines Ltd","investor_relations@singaporeair.com.sg","https://links.sgx.com/1.0.0/corporate-information/2128","Airlines","Singapore airlines companies","2025-07-18T09:13:53.201Z"
"List of International  Domestic Airlines - Singapore",,"https://www.wego.com.sg/airlines","Airlines","Singapore airlines companies","2025-07-18T09:13:55.678Z"
"Singapore Airlines Ltd Company Profile - GlobalData",,"https://www.globaldata.com/company-profile/singapore-airlines-ltd/","Airlines","Singapore airlines companies","2025-07-18T09:13:58.823Z"
"Singapore Airlines",,"https://www.nlb.gov.sg/main/article-detail?cmsuuid=92e3c6a0-7caf-4f7d-bb53-bce412781cb5","Airlines","Singapore airlines companies","2025-07-18T09:14:02.104Z"
"Corporate",,"https://www.singaporeair.com/en_UK/sg/corporate/","Airlines","Singapore airlines companies","2025-07-18T09:14:04.376Z"
"Singapore Airlines  Company Overview  News",,"https://www.forbes.com/companies/singapore-airlines/","Airlines","Singapore airlines companies","2025-07-18T09:14:07.731Z"
"List of airline in Singapore",,"https://www.fastbase.com/countryindex/singapore/a/airline","Airlines","Singapore airlines companies","2025-07-18T09:14:11.218Z"
"Top Airline Companies in Singapore",,"https://ensun.io/search/airline/singapore","Airlines","Singapore airlines companies","2025-07-18T09:14:19.704Z"
"SIA ranked top airline clinches 28th overall spot in",,"https://www.straitstimes.com/singapore/sia-ranked-top-airline-28th-overall-spot-in-fortunes-list-of-worlds-most-admired-companies","Airlines","Singapore airlines companies","2025-07-18T09:14:22.161Z"
"Singapore Airlines is top airline in Fortune most admired",,"https://sg.news.yahoo.com/live/singapore-airlines-is-top-airline-in-fortune-most-admired-companies-list-which-is-the-most-annoying-chinese-new-year-greeting-live-news-020258625.html","Airlines","Singapore airlines companies","2025-07-18T09:14:24.932Z"
"Singapore Airlines",,"https://www.iata.org/en/about/members/airline-list/singapore-airlines/177/","Airlines","Singapore airlines companies","2025-07-18T09:14:27.053Z"
"10 Aerospace Companies in Singapore to Know",,"https://builtinsingapore.com/articles/aerospace-companies-in-singapore","Airlines","aviation companies Singapore","2025-07-18T09:14:31.317Z"
"Aviation and Aerospace industry - Singapore",,"https://www.moe.gov.sg/sgis/sponsoring-organisations/industries/aviation-and-aerospace","Airlines","aviation companies Singapore","2025-07-18T09:14:33.686Z"
"Civil Aviation Authority of Singapore CAAS",,"https://www.caas.gov.sg/docs/default-source/pdf/list-of-sar-145-organisations_04may20204bbbbf73101b40d09f960ed3f92c478a.pdf","Airlines","aviation companies Singapore","2025-07-18T09:14:36.276Z"
"Top Airlines and aviation companies in Singapore",,"https://www.lusha.com/company-search/airlines-and-aviation/a28cb76183/singapore/43/","Airlines","aviation companies Singapore","2025-07-18T09:14:39.662Z"
"Leading Aerospace Hub  EDB Singapore",,"https://www.edb.gov.sg/en/our-industries/aerospace.html","Airlines","aviation companies Singapore","2025-07-18T09:14:41.915Z"
"SIA Engineering Company Home",,"https://www.siaec.com.sg/","Airlines","aviation companies Singapore","2025-07-18T09:14:44.839Z"
"Singapore Aviation Industry Directory",,"https://aais.org.sg/publications/singapore-aviation-industry-directory/","Airlines","aviation companies Singapore","2025-07-18T09:14:47.683Z"
"BOC Aviation",,"https://www.bocaviation.com/","Airlines","aviation companies Singapore","2025-07-18T09:14:50.228Z"
"Top 100 Aviation Companies in Singapore 2025",,"https://ensun.io/search/aviation/singapore","Airlines","aviation companies Singapore","2025-07-18T09:14:58.715Z"
"Aerospace",,"https://www.stengg.com/en/aerospace/","Airlines","aviation companies Singapore","2025-07-18T09:15:01.427Z"
"Top Aerospace and defence Companies in Singapore",,"https://www.glassdoor.sg/Explore/top-aerospace-and-defence-companies-singapore_IS.4,25_ISEC10002_IL.36,45_IM1123.htm","Airlines","aviation companies Singapore","2025-07-18T09:15:09.815Z"
"Singapore",,"https://www.collinsaerospace.com/who-we-are/about-us/global/asia/singapore","Airlines","aviation companies Singapore","2025-07-18T09:15:18.145Z"
"Singapore - Private Jet Charter FBO Staffing","aog@jetaviation.com","https://www.jetaviation.com/location/singapore/","Airlines","aviation companies Singapore","2025-07-18T09:15:20.381Z"
"Singapore - Private Jet Charter FBO Staffing","khansinfbo@jetaviation.com","https://www.jetaviation.com/location/singapore/","Airlines","aviation companies Singapore","2025-07-18T09:15:20.381Z"
"Singapore - Private Jet Charter FBO Staffing","grantjsin@jetaviation.com","https://www.jetaviation.com/location/singapore/","Airlines","aviation companies Singapore","2025-07-18T09:15:20.381Z"
"Singapore Aerospace Manufacturing SAM",,"https://www.sam.sg/","Airlines","aviation companies Singapore","2025-07-18T09:15:23.144Z"
"FBO  Ground Handling -Seletar Airport  Singapore WSSL",,"https://www.universalaviation.aero/locations/singapore/wssl/","Airlines","aviation companies Singapore","2025-07-18T09:15:27.547Z"
"Airbus in Singapore",,"https://www.airbus.com/en/about-us/our-worldwide-presence/airbus-in-asia-pacific/airbus-in-singapore","Airlines","aviation companies Singapore","2025-07-18T09:15:30.868Z"
"Singapore  Rolls-Royce",,"https://www.rolls-royce.com/country-sites/sea/our-locations/singapore.aspx","Airlines","aviation companies Singapore","2025-07-18T09:15:33.526Z"
"Local Emirates Offices  Help  Emirates Singapore",,"https://www.emirates.com/sg/english/help/offices/","Airlines","airline offices Singapore","2025-07-18T09:15:43.111Z"
"Singapore Airlines Ltd Locations - Headquarters  Offices",,"https://www.globaldata.com/company-profile/singapore-airlines-ltd/locations/","Airlines","airline offices Singapore","2025-07-18T09:15:46.061Z"
"Branches And Offices","sin@xiamenair.com","https://www.xiamenair.com/en-sg/article-detail?articleLink=/cms-i18n-ow/cms-en-sg/channels/11122.json","Airlines","airline offices Singapore","2025-07-18T09:15:52.424Z"
"Branches And Offices","zhz@xiamenair.comlongyan","https://www.xiamenair.com/en-sg/article-detail?articleLink=/cms-i18n-ow/cms-en-sg/channels/11122.json","Airlines","airline offices Singapore","2025-07-18T09:15:52.424Z"
"Branches And Offices","pek@xiamenair.comfax","https://www.xiamenair.com/en-sg/article-detail?articleLink=/cms-i18n-ow/cms-en-sg/channels/11122.json","Airlines","airline offices Singapore","2025-07-18T09:15:52.424Z"
"Branches And Offices","mfckg@xiamenair.comairport","https://www.xiamenair.com/en-sg/article-detail?articleLink=/cms-i18n-ow/cms-en-sg/channels/11122.json","Airlines","airline offices Singapore","2025-07-18T09:15:52.424Z"
"Branches And Offices","cgq@xiamenair.comfax","https://www.xiamenair.com/en-sg/article-detail?articleLink=/cms-i18n-ow/cms-en-sg/channels/11122.json","Airlines","airline offices Singapore","2025-07-18T09:15:52.424Z"
"Branches And Offices","ctu@xiamenair.comfax","https://www.xiamenair.com/en-sg/article-detail?articleLink=/cms-i18n-ow/cms-en-sg/channels/11122.json","Airlines","airline offices Singapore","2025-07-18T09:15:52.424Z"
"Branches And Offices","dlc@xiamenair.comfax","https://www.xiamenair.com/en-sg/article-detail?articleLink=/cms-i18n-ow/cms-en-sg/channels/11122.json","Airlines","airline offices Singapore","2025-07-18T09:15:52.424Z"
"Branches And Offices","can@xiamenair.comairport","https://www.xiamenair.com/en-sg/article-detail?articleLink=/cms-i18n-ow/cms-en-sg/channels/11122.json","Airlines","airline offices Singapore","2025-07-18T09:15:52.424Z"
"Branches And Offices","kwe@xiamenair.comfax","https://www.xiamenair.com/en-sg/article-detail?articleLink=/cms-i18n-ow/cms-en-sg/channels/11122.json","Airlines","airline offices Singapore","2025-07-18T09:15:52.424Z"
"Branches And Offices","kwl@xiamenair.comfax","https://www.xiamenair.com/en-sg/article-detail?articleLink=/cms-i18n-ow/cms-en-sg/channels/11122.json","Airlines","airline offices Singapore","2025-07-18T09:15:52.424Z"
"Branches And Offices","3509361623@qq.comairport","https://www.xiamenair.com/en-sg/article-detail?articleLink=/cms-i18n-ow/cms-en-sg/channels/11122.json","Airlines","airline offices Singapore","2025-07-18T09:15:52.424Z"
"Branches And Offices","hrb@xiamenair.comfax","https://www.xiamenair.com/en-sg/article-detail?articleLink=/cms-i18n-ow/cms-en-sg/channels/11122.json","Airlines","airline offices Singapore","2025-07-18T09:15:52.424Z"
"Branches And Offices","hak@xiamenair.comfax","https://www.xiamenair.com/en-sg/article-detail?articleLink=/cms-i18n-ow/cms-en-sg/channels/11122.json","Airlines","airline offices Singapore","2025-07-18T09:15:52.424Z"
"Branches And Offices","hfe@xiamenair.comfax","https://www.xiamenair.com/en-sg/article-detail?articleLink=/cms-i18n-ow/cms-en-sg/channels/11122.json","Airlines","airline offices Singapore","2025-07-18T09:15:52.424Z"
"Branches And Offices","het@xiamenair.comfax","https://www.xiamenair.com/en-sg/article-detail?articleLink=/cms-i18n-ow/cms-en-sg/channels/11122.json","Airlines","airline offices Singapore","2025-07-18T09:15:52.424Z"
"Branches And Offices","tna@xiamenair.comfax","https://www.xiamenair.com/en-sg/article-detail?articleLink=/cms-i18n-ow/cms-en-sg/channels/11122.json","Airlines","airline offices Singapore","2025-07-18T09:15:52.424Z"
"Branches And Offices","kmg@xiamenair.comfax","https://www.xiamenair.com/en-sg/article-detail?articleLink=/cms-i18n-ow/cms-en-sg/channels/11122.json","Airlines","airline offices Singapore","2025-07-18T09:15:52.424Z"
"Branches And Offices","lhw@xiamenair.comfax","https://www.xiamenair.com/en-sg/article-detail?articleLink=/cms-i18n-ow/cms-en-sg/channels/11122.json","Airlines","airline offices Singapore","2025-07-18T09:15:52.424Z"
"Branches And Offices","lxa@xiamenair.comnanjing","https://www.xiamenair.com/en-sg/article-detail?articleLink=/cms-i18n-ow/cms-en-sg/channels/11122.json","Airlines","airline offices Singapore","2025-07-18T09:15:52.424Z"
"Branches And Offices","nkg@xiamenair.comfax","https://www.xiamenair.com/en-sg/article-detail?articleLink=/cms-i18n-ow/cms-en-sg/channels/11122.json","Airlines","airline offices Singapore","2025-07-18T09:15:52.424Z"
"Branches And Offices","nng@xiamenair.comfax","https://www.xiamenair.com/en-sg/article-detail?articleLink=/cms-i18n-ow/cms-en-sg/channels/11122.json","Airlines","airline offices Singapore","2025-07-18T09:15:52.424Z"
"Branches And Offices","mfnid@qq.comfax","https://www.xiamenair.com/en-sg/article-detail?articleLink=/cms-i18n-ow/cms-en-sg/channels/11122.json","Airlines","airline offices Singapore","2025-07-18T09:15:52.424Z"
"Branches And Offices","put@xiamenair.comfax","https://www.xiamenair.com/en-sg/article-detail?articleLink=/cms-i18n-ow/cms-en-sg/channels/11122.json","Airlines","airline offices Singapore","2025-07-18T09:15:52.424Z"
"Branches And Offices","tao@xiamenair.comshanghai","https://www.xiamenair.com/en-sg/article-detail?articleLink=/cms-i18n-ow/cms-en-sg/channels/11122.json","Airlines","airline offices Singapore","2025-07-18T09:15:52.424Z"
"Branches And Offices","sha@xiamenair.comairport","https://www.xiamenair.com/en-sg/article-detail?articleLink=/cms-i18n-ow/cms-en-sg/channels/11122.json","Airlines","airline offices Singapore","2025-07-18T09:15:52.424Z"
"Branches And Offices","san@xiamenair.comzhuhai","https://www.xiamenair.com/en-sg/article-detail?articleLink=/cms-i18n-ow/cms-en-sg/channels/11122.json","Airlines","airline offices Singapore","2025-07-18T09:15:52.424Z"
"Branches And Offices","zuh@xiamenair.comzhengzhou","https://www.xiamenair.com/en-sg/article-detail?articleLink=/cms-i18n-ow/cms-en-sg/channels/11122.json","Airlines","airline offices Singapore","2025-07-18T09:15:52.424Z"
"Branches And Offices","cgo@xiamenair.comyinchuan","https://www.xiamenair.com/en-sg/article-detail?articleLink=/cms-i18n-ow/cms-en-sg/channels/11122.json","Airlines","airline offices Singapore","2025-07-18T09:15:52.424Z"
"Branches And Offices","inc@xiamenair.comxining","https://www.xiamenair.com/en-sg/article-detail?articleLink=/cms-i18n-ow/cms-en-sg/channels/11122.json","Airlines","airline offices Singapore","2025-07-18T09:15:52.424Z"
"Branches And Offices","xnn@xiamenair.comfax","https://www.xiamenair.com/en-sg/article-detail?articleLink=/cms-i18n-ow/cms-en-sg/channels/11122.json","Airlines","airline offices Singapore","2025-07-18T09:15:52.424Z"
"Branches And Offices","sia@xiamenair.comurumqi","https://www.xiamenair.com/en-sg/article-detail?articleLink=/cms-i18n-ow/cms-en-sg/channels/11122.json","Airlines","airline offices Singapore","2025-07-18T09:15:52.424Z"
"Branches And Offices","urc@xiamenair.comfax","https://www.xiamenair.com/en-sg/article-detail?articleLink=/cms-i18n-ow/cms-en-sg/channels/11122.json","Airlines","airline offices Singapore","2025-07-18T09:15:52.424Z"
"Branches And Offices","tyn@xiamenair.comfax","https://www.xiamenair.com/en-sg/article-detail?articleLink=/cms-i18n-ow/cms-en-sg/channels/11122.json","Airlines","airline offices Singapore","2025-07-18T09:15:52.424Z"
"Branches And Offices","tsn@xiamenair.comfax","https://www.xiamenair.com/en-sg/article-detail?articleLink=/cms-i18n-ow/cms-en-sg/channels/11122.json","Airlines","airline offices Singapore","2025-07-18T09:15:52.424Z"
"Branches And Offices","syx@xiamenair.comfax","https://www.xiamenair.com/en-sg/article-detail?articleLink=/cms-i18n-ow/cms-en-sg/channels/11122.json","Airlines","airline offices Singapore","2025-07-18T09:15:52.424Z"
"Branches And Offices","she@xiamenair.comfax","https://www.xiamenair.com/en-sg/article-detail?articleLink=/cms-i18n-ow/cms-en-sg/channels/11122.json","Airlines","airline offices Singapore","2025-07-18T09:15:52.424Z"
"Branches And Offices","szx@xiamenair.comfax","https://www.xiamenair.com/en-sg/article-detail?articleLink=/cms-i18n-ow/cms-en-sg/channels/11122.json","Airlines","airline offices Singapore","2025-07-18T09:15:52.424Z"
"Branches And Offices","mnl@xiamenair.combangkok","https://www.xiamenair.com/en-sg/article-detail?articleLink=/cms-i18n-ow/cms-en-sg/channels/11122.json","Airlines","airline offices Singapore","2025-07-18T09:15:52.424Z"
"Branches And Offices","bkk@xiamenair.comfax","https://www.xiamenair.com/en-sg/article-detail?articleLink=/cms-i18n-ow/cms-en-sg/channels/11122.json","Airlines","airline offices Singapore","2025-07-18T09:15:52.424Z"
"Branches And Offices","pnh@xiamenair.com","https://www.xiamenair.com/en-sg/article-detail?articleLink=/cms-i18n-ow/cms-en-sg/channels/11122.json","Airlines","airline offices Singapore","2025-07-18T09:15:52.424Z"
"Branches And Offices","kul@xiamenair.com","https://www.xiamenair.com/en-sg/article-detail?articleLink=/cms-i18n-ow/cms-en-sg/channels/11122.json","Airlines","airline offices Singapore","2025-07-18T09:15:52.424Z"
"Branches And Offices","kulxiamenairlines@gmail.com","https://www.xiamenair.com/en-sg/article-detail?articleLink=/cms-i18n-ow/cms-en-sg/channels/11122.json","Airlines","airline offices Singapore","2025-07-18T09:15:52.424Z"
"Branches And Offices","tpe@xiamenair.comfax","https://www.xiamenair.com/en-sg/article-detail?articleLink=/cms-i18n-ow/cms-en-sg/channels/11122.json","Airlines","airline offices Singapore","2025-07-18T09:15:52.424Z"
"Branches And Offices","mfm@xiamenair.comhong","https://www.xiamenair.com/en-sg/article-detail?articleLink=/cms-i18n-ow/cms-en-sg/channels/11122.json","Airlines","airline offices Singapore","2025-07-18T09:15:52.424Z"
"Branches And Offices","hkg@xiamenair.comfax","https://www.xiamenair.com/en-sg/article-detail?articleLink=/cms-i18n-ow/cms-en-sg/channels/11122.json","Airlines","airline offices Singapore","2025-07-18T09:15:52.424Z"
"Branches And Offices","sgn@xiamenair.comvancouver","https://www.xiamenair.com/en-sg/article-detail?articleLink=/cms-i18n-ow/cms-en-sg/channels/11122.json","Airlines","airline offices Singapore","2025-07-18T09:15:52.424Z"
"Branches And Offices","yvr@xiamenair.com","https://www.xiamenair.com/en-sg/article-detail?articleLink=/cms-i18n-ow/cms-en-sg/channels/11122.json","Airlines","airline offices Singapore","2025-07-18T09:15:52.424Z"
"Branches And Offices","yvrapmf@xiamenair.com","https://www.xiamenair.com/en-sg/article-detail?articleLink=/cms-i18n-ow/cms-en-sg/channels/11122.json","Airlines","airline offices Singapore","2025-07-18T09:15:52.424Z"
"Branches And Offices","ams@xiamenair.comdoha","https://www.xiamenair.com/en-sg/article-detail?articleLink=/cms-i18n-ow/cms-en-sg/channels/11122.json","Airlines","airline offices Singapore","2025-07-18T09:15:52.424Z"
"Branches And Offices","doh@xiamenair.comhanoi","https://www.xiamenair.com/en-sg/article-detail?articleLink=/cms-i18n-ow/cms-en-sg/channels/11122.json","Airlines","airline offices Singapore","2025-07-18T09:15:52.424Z"
"Branches And Offices","hanoi@xiamenair.comosaka","https://www.xiamenair.com/en-sg/article-detail?articleLink=/cms-i18n-ow/cms-en-sg/channels/11122.json","Airlines","airline offices Singapore","2025-07-18T09:15:52.424Z"
"Branches And Offices","osa@xiamenair.comfax","https://www.xiamenair.com/en-sg/article-detail?articleLink=/cms-i18n-ow/cms-en-sg/channels/11122.json","Airlines","airline offices Singapore","2025-07-18T09:15:52.424Z"
"Branches And Offices","mftyo@xiamenair.comfax","https://www.xiamenair.com/en-sg/article-detail?articleLink=/cms-i18n-ow/cms-en-sg/channels/11122.json","Airlines","airline offices Singapore","2025-07-18T09:15:52.424Z"
"Branches And Offices","nycoffice@xiamenair.com","https://www.xiamenair.com/en-sg/article-detail?articleLink=/cms-i18n-ow/cms-en-sg/channels/11122.json","Airlines","airline offices Singapore","2025-07-18T09:15:52.424Z"
"Branches And Offices","jfk_handling@xiamenair.com","https://www.xiamenair.com/en-sg/article-detail?articleLink=/cms-i18n-ow/cms-en-sg/channels/11122.json","Airlines","airline offices Singapore","2025-07-18T09:15:52.424Z"
"Branches And Offices","lax@xiamenair.com","https://www.xiamenair.com/en-sg/article-detail?articleLink=/cms-i18n-ow/cms-en-sg/channels/11122.json","Airlines","airline offices Singapore","2025-07-18T09:15:52.424Z"
"Branches And Offices","cdgllt2@sba60.frmelbourne","https://www.xiamenair.com/en-sg/article-detail?articleLink=/cms-i18n-ow/cms-en-sg/channels/11122.json","Airlines","airline offices Singapore","2025-07-18T09:15:52.424Z"
"Branches And Offices","mel@xiamenair.comoffice","https://www.xiamenair.com/en-sg/article-detail?articleLink=/cms-i18n-ow/cms-en-sg/channels/11122.json","Airlines","airline offices Singapore","2025-07-18T09:15:52.424Z"
"Branches And Offices","syd@xiamenair.comjakarta","https://www.xiamenair.com/en-sg/article-detail?articleLink=/cms-i18n-ow/cms-en-sg/channels/11122.json","Airlines","airline offices Singapore","2025-07-18T09:15:52.424Z"
"Branches And Offices","jkt@xiamenair.comfax","https://www.xiamenair.com/en-sg/article-detail?articleLink=/cms-i18n-ow/cms-en-sg/channels/11122.json","Airlines","airline offices Singapore","2025-07-18T09:15:52.424Z"
"Branches And Offices","sin@xiamenair.comfax","https://www.xiamenair.com/en-sg/article-detail?articleLink=/cms-i18n-ow/cms-en-sg/channels/11122.json","Airlines","airline offices Singapore","2025-07-18T09:15:52.424Z"
"Branches And Offices","sel@xiamenair.comfax","https://www.xiamenair.com/en-sg/article-detail?articleLink=/cms-i18n-ow/cms-en-sg/channels/11122.json","Airlines","airline offices Singapore","2025-07-18T09:15:52.424Z"
"Swiss International Airlines Singapore Office","contactus@swiss.com","https://www.findairlineoffices.com/swiss-international-airlines/singapore/","Airlines","airline offices Singapore","2025-07-18T09:15:55.467Z"
"Swiss International Airlines Singapore Office","contactus@swiss.comswiss","https://www.findairlineoffices.com/swiss-international-airlines/singapore/","Airlines","airline offices Singapore","2025-07-18T09:15:55.467Z"
"Swiss International Airlines Singapore Office","info@findairlineoffices.com","https://www.findairlineoffices.com/swiss-international-airlines/singapore/","Airlines","airline offices Singapore","2025-07-18T09:15:55.467Z"
"SINGAPORE AIRLINES",,"https://www.ionorchard.com/en/shop/singapore-airlines.html","Airlines","airline offices Singapore","2025-07-18T09:15:57.738Z"
"Vietnam Airlines Opens City Office  Singapores Raffles","reservation.sg@vietnamairlines.com","https://enews.vietnamairlines.com/2024/07/vietnam-airlines-opens-city-office-in-singapores-raffles-quay/","Airlines","airline offices Singapore","2025-07-18T09:16:03.468Z"
"Vietnam Airlines Opens City Office  Singapores Raffles","sin.station@vietnamairlines.com","https://enews.vietnamairlines.com/2024/07/vietnam-airlines-opens-city-office-in-singapores-raffles-quay/","Airlines","airline offices Singapore","2025-07-18T09:16:03.468Z"
"Vietnam Airlines Opens City Office  Singapores Raffles","telesales@vietnamairlines.com","https://enews.vietnamairlines.com/2024/07/vietnam-airlines-opens-city-office-in-singapores-raffles-quay/","Airlines","airline offices Singapore","2025-07-18T09:16:03.468Z"
"Singapore Airlines Official Website",,"https://www.singaporeair.com/en_UK/sg/home","Airlines","airline offices Singapore","2025-07-18T09:16:05.808Z"
"Contact Us","saa@caas.gov.sg","https://www.caas.gov.sg/who-we-are/contact-us","Airlines","airline offices Singapore","2025-07-18T09:16:08.874Z"
"Our contact details in Singapore  Local Emirates Offices",,"https://www.emirates.com/sg/english/help/offices/sin/singapore/","Airlines","airline offices Singapore","2025-07-18T09:16:11.639Z"
"Spring Airlines Singapore Office","cs@ch.com","https://www.findairlineoffices.com/spring-airlines/singapore/","Airlines","airline offices Singapore","2025-07-18T09:16:15.062Z"
"Spring Airlines Singapore Office","cs@ch.combooking","https://www.findairlineoffices.com/spring-airlines/singapore/","Airlines","airline offices Singapore","2025-07-18T09:16:15.062Z"
"Spring Airlines Singapore Office","info@findairlineoffices.com","https://www.findairlineoffices.com/spring-airlines/singapore/","Airlines","airline offices Singapore","2025-07-18T09:16:15.062Z"
"Contact Us","mf@xiamenair.comsingapore","https://www.xiamenair.com/en-sg/article-detail?articleLink=/cms-i18n-ow/cms-en-sg/contents/47493.json","Airlines","airline offices Singapore","2025-07-18T09:16:17.558Z"
"Contact Us","mf@xiamenair.comfeedback","https://www.xiamenair.com/en-sg/article-detail?articleLink=/cms-i18n-ow/cms-en-sg/contents/47493.json","Airlines","airline offices Singapore","2025-07-18T09:16:17.558Z"
"United Airlines Singapore Office","addresscustomercare@united.comonline","https://airlineofficedetail.com/offices/united-airlines-singapore-office/","Airlines","airline offices Singapore","2025-07-18T09:16:21.075Z"
"United Airlines Singapore Office","info@airlineofficedetail.com","https://airlineofficedetail.com/offices/united-airlines-singapore-office/","Airlines","airline offices Singapore","2025-07-18T09:16:21.075Z"
"SIA relocating corporate headquarters to new hub in",,"https://www.straitstimes.com/singapore/sia-relocating-corporate-headquarters-to-new-hub-in-upper-changi-road-east","Airlines","airline offices Singapore","2025-07-18T09:16:23.685Z"
"Singapore Airlines Singapore Ticket Office","info@airlines-office.com","https://airlines-office.com/singapore-airlines/singapore-airlines-singapore-ticket-office/","Airlines","airline offices Singapore","2025-07-18T09:16:26.502Z"
"Locate the Nearest Singapore Airlines Office Branch",,"https://www.airwaysoffices.com/singapore-airlines/","Airlines","airline offices Singapore","2025-07-18T09:16:30.419Z"
"National Association of Travel Agents Singapore",,"https://www.natas.travel/","Travel Associations","travel associations Singapore","2025-07-18T09:16:35.201Z"
"Membership Directory",,"https://natas.travel/members/list","Travel Associations","travel associations Singapore","2025-07-18T09:16:37.740Z"
"Travel Agents  Singapore Tourism","stb_ta@stb.gov.sg.back","https://www.stb.gov.sg/industries-experience-development/travel-agents/","Travel Associations","travel associations Singapore","2025-07-18T09:16:40.778Z"
"Travel Agency in Singapore  Tours Cruises Flights Hotels",,"https://www.chanbrothers.com/","Travel Associations","travel associations Singapore","2025-07-18T09:16:55.427Z"
"Travel Agent Directory - TRUST - Singapore Tourism Board","support@12go.asia","https://trust.stb.gov.sg/site/content/tagaem/landing-page/travel-agent.html?service=ALL&type=ALL&status=TA_A","Travel Associations","travel associations Singapore","2025-07-18T09:16:58.656Z"
"Travel Agent Directory - TRUST - Singapore Tourism Board","1872shanshantravel@gmail.com","https://trust.stb.gov.sg/site/content/tagaem/landing-page/travel-agent.html?service=ALL&type=ALL&status=TA_A","Travel Associations","travel associations Singapore","2025-07-18T09:16:58.656Z"
"Travel Agent Directory - TRUST - Singapore Tourism Board","1derlust.sg@gmail.com","https://trust.stb.gov.sg/site/content/tagaem/landing-page/travel-agent.html?service=ALL&type=ALL&status=TA_A","Travel Associations","travel associations Singapore","2025-07-18T09:16:58.656Z"
"Travel Agent Directory - TRUST - Singapore Tourism Board","mehta@2xploredmc.com","https://trust.stb.gov.sg/site/content/tagaem/landing-page/travel-agent.html?service=ALL&type=ALL&status=TA_A","Travel Associations","travel associations Singapore","2025-07-18T09:16:58.656Z"
"Travel Agent Directory - TRUST - Singapore Tourism Board","info@360privatetravel.com","https://trust.stb.gov.sg/site/content/tagaem/landing-page/travel-agent.html?service=ALL&type=ALL&status=TA_A","Travel Associations","travel associations Singapore","2025-07-18T09:16:58.656Z"
"Travel Agent Directory - TRUST - Singapore Tourism Board","chiefs@3playtopia.com","https://trust.stb.gov.sg/site/content/tagaem/landing-page/travel-agent.html?service=ALL&type=ALL&status=TA_A","Travel Associations","travel associations Singapore","2025-07-18T09:16:58.656Z"
"Travel Agent Directory - TRUST - Singapore Tourism Board","contact49travelmice@gmail.com","https://trust.stb.gov.sg/site/content/tagaem/landing-page/travel-agent.html?service=ALL&type=ALL&status=TA_A","Travel Associations","travel associations Singapore","2025-07-18T09:16:58.656Z"
"Travel Agent Directory - TRUST - Singapore Tourism Board","sevenwonders@7wonders.com.sg","https://trust.stb.gov.sg/site/content/tagaem/landing-page/travel-agent.html?service=ALL&type=ALL&status=TA_A","Travel Associations","travel associations Singapore","2025-07-18T09:16:58.656Z"
"Travel Agent Directory - TRUST - Singapore Tourism Board","admin.sin@707-inc.com","https://trust.stb.gov.sg/site/content/tagaem/landing-page/travel-agent.html?service=ALL&type=ALL&status=TA_A","Travel Associations","travel associations Singapore","2025-07-18T09:16:58.656Z"
"Travel Agent Directory - TRUST - Singapore Tourism Board","tours@8pmevents.com","https://trust.stb.gov.sg/site/content/tagaem/landing-page/travel-agent.html?service=ALL&type=ALL&status=TA_A","Travel Associations","travel associations Singapore","2025-07-18T09:16:58.656Z"
"Travel Agent Directory - TRUST - Singapore Tourism Board","ideas@8th-wave.com","https://trust.stb.gov.sg/site/content/tagaem/landing-page/travel-agent.html?service=ALL&type=ALL&status=TA_A","Travel Associations","travel associations Singapore","2025-07-18T09:16:58.656Z"
"Travel Agent Directory - TRUST - Singapore Tourism Board","enquiry@96travel.com.sg","https://trust.stb.gov.sg/site/content/tagaem/landing-page/travel-agent.html?service=ALL&type=ALL&status=TA_A","Travel Associations","travel associations Singapore","2025-07-18T09:16:58.656Z"
"Travel Agent Directory - TRUST - Singapore Tourism Board","kali64ros@yahoo.com.sg","https://trust.stb.gov.sg/site/content/tagaem/landing-page/travel-agent.html?service=ALL&type=ALL&status=TA_A","Travel Associations","travel associations Singapore","2025-07-18T09:16:58.656Z"
"Travel Agent Directory - TRUST - Singapore Tourism Board","abmgroup@singnet.com.sg","https://trust.stb.gov.sg/site/content/tagaem/landing-page/travel-agent.html?service=ALL&type=ALL&status=TA_A","Travel Associations","travel associations Singapore","2025-07-18T09:16:58.656Z"
"Travel Agent Directory - TRUST - Singapore Tourism Board","ask@blueskyescapes.co","https://trust.stb.gov.sg/site/content/tagaem/landing-page/travel-agent.html?service=ALL&type=ALL&status=TA_A","Travel Associations","travel associations Singapore","2025-07-18T09:16:58.656Z"
"Singapore Hotel Association  Home","secretariat@sha.org.sg","https://www.sha.org.sg/","Travel Associations","travel associations Singapore","2025-07-18T09:17:01.232Z"
"Welcome to Association of Singapore Attractions - Association",,"https://www.singapore-attractions.org.sg/","Travel Associations","travel associations Singapore","2025-07-18T09:17:05.421Z"
"Tour  Travel Agency Singapore  Cruise Package  SA Tours","enquiry@satours.com.sg","https://www.satours.com/","Travel Associations","travel associations Singapore","2025-07-18T09:17:07.830Z"
"Tour  Travel Agency Singapore  Cruise Package  SA Tours","mice@satours.com.sg","https://www.satours.com/","Travel Associations","travel associations Singapore","2025-07-18T09:17:07.830Z"
"Society of Tourist Guides Singapore","info@societyoftouristguides.org.sg","https://societyoftouristguides.org.sg/","Travel Associations","travel associations Singapore","2025-07-18T09:17:11.765Z"
"NATAS Travel Fairs",,"https://www.natastravelfair.travel/","Travel Associations","travel associations Singapore","2025-07-18T09:17:13.964Z"
"Pacific Asia Travel Association",,"https://www.pata.org/","Travel Associations","travel associations Singapore","2025-07-18T09:17:16.227Z"
"National Association of Travel Agents Singapore",,"https://www.wta-web.org/eng/members/list/national-association-of-travel-agents-singapore-2","Travel Associations","travel associations Singapore","2025-07-18T09:17:22.239Z"
"Travel Agent List of Singapore","enquiry@asaholiday.com","https://www.japan.travel/en/sg/travel-agent-list-singapore/","Travel Associations","travel associations Singapore","2025-07-18T09:17:24.879Z"
"Travel Agent List of Singapore","enquiries@azzatravel.com","https://www.japan.travel/en/sg/travel-agent-list-singapore/","Travel Associations","travel associations Singapore","2025-07-18T09:17:24.879Z"
"Travel Agent List of Singapore","inquiry@chanbrothers.com.sg","https://www.japan.travel/en/sg/travel-agent-list-singapore/","Travel Associations","travel associations Singapore","2025-07-18T09:17:24.879Z"
"Travel Agent List of Singapore","enquiries@changirecommends.com.sg","https://www.japan.travel/en/sg/travel-agent-list-singapore/","Travel Associations","travel associations Singapore","2025-07-18T09:17:24.879Z"
"Travel Agent List of Singapore","enquiry@ctc.com.sg","https://www.japan.travel/en/sg/travel-agent-list-singapore/","Travel Associations","travel associations Singapore","2025-07-18T09:17:24.879Z"
"Travel Agent List of Singapore","enquiries@dynastytravel.com.sg","https://www.japan.travel/en/sg/travel-agent-list-singapore/","Travel Associations","travel associations Singapore","2025-07-18T09:17:24.879Z"
"Travel Agent List of Singapore","sales@euholidays.com.sg","https://www.japan.travel/en/sg/travel-agent-list-singapore/","Travel Associations","travel associations Singapore","2025-07-18T09:17:24.879Z"
"Travel Agent List of Singapore","sales@farmosa.com.sg","https://www.japan.travel/en/sg/travel-agent-list-singapore/","Travel Associations","travel associations Singapore","2025-07-18T09:17:24.879Z"
"Travel Agent List of Singapore","enquiry@followmejapan.com.sg","https://www.japan.travel/en/sg/travel-agent-list-singapore/","Travel Associations","travel associations Singapore","2025-07-18T09:17:24.879Z"
"Travel Agent List of Singapore","sin.info@his-world.com","https://www.japan.travel/en/sg/travel-agent-list-singapore/","Travel Associations","travel associations Singapore","2025-07-18T09:17:24.879Z"
"Travel Agent List of Singapore","enquiries@hongthai.com.sg","https://www.japan.travel/en/sg/travel-agent-list-singapore/","Travel Associations","travel associations Singapore","2025-07-18T09:17:24.879Z"
"Travel Agent List of Singapore","enquiry@joj.sg","https://www.japan.travel/en/sg/travel-agent-list-singapore/","Travel Associations","travel associations Singapore","2025-07-18T09:17:24.879Z"
"Travel Agent List of Singapore","jtbtravelsaloon.sg@jtbap.com","https://www.japan.travel/en/sg/travel-agent-list-singapore/","Travel Associations","travel associations Singapore","2025-07-18T09:17:24.879Z"
"Travel Agent List of Singapore","info@lge.com.sg","https://www.japan.travel/en/sg/travel-agent-list-singapore/","Travel Associations","travel associations Singapore","2025-07-18T09:17:24.879Z"
"Travel Agent List of Singapore","info@michiandco.com","https://www.japan.travel/en/sg/travel-agent-list-singapore/","Travel Associations","travel associations Singapore","2025-07-18T09:17:24.879Z"
"Travel Agent List of Singapore","sales_enquiries@namho.com.sg","https://www.japan.travel/en/sg/travel-agent-list-singapore/","Travel Associations","travel associations Singapore","2025-07-18T09:17:24.879Z"
"Travel Agent List of Singapore","travel@newshan.com","https://www.japan.travel/en/sg/travel-agent-list-singapore/","Travel Associations","travel associations Singapore","2025-07-18T09:17:24.879Z"
"Travel Agent List of Singapore","travel@nta.sg","https://www.japan.travel/en/sg/travel-agent-list-singapore/","Travel Associations","travel associations Singapore","2025-07-18T09:17:24.879Z"
"Travel Agent List of Singapore","enquiry@satours.com.sg","https://www.japan.travel/en/sg/travel-agent-list-singapore/","Travel Associations","travel associations Singapore","2025-07-18T09:17:24.879Z"
"Travel Agent List of Singapore","gen@super-travels.com","https://www.japan.travel/en/sg/travel-agent-list-singapore/","Travel Associations","travel associations Singapore","2025-07-18T09:17:24.879Z"
"Travel Agent List of Singapore","enquiry@travelstar.com.sg","https://www.japan.travel/en/sg/travel-agent-list-singapore/","Travel Associations","travel associations Singapore","2025-07-18T09:17:24.879Z"
"Travel Agent List of Singapore","travel@webuy.global","https://www.japan.travel/en/sg/travel-agent-list-singapore/","Travel Associations","travel associations Singapore","2025-07-18T09:17:24.879Z"
"Travel Agent List of Singapore","info@x-trekkers.com","https://www.japan.travel/en/sg/travel-agent-list-singapore/","Travel Associations","travel associations Singapore","2025-07-18T09:17:24.879Z"
"Tours and Travel Agency Singapore  Luxury Tours Agency","enquiry@intriqjourney.com","https://www.intriqjourney.com/","Travel Associations","travel associations Singapore","2025-07-18T09:17:28.193Z"
"ASA Holidays  Best travel deals and affordable holiday","enquiry@asaholiday.com","https://asaholiday.com/","Travel Associations","travel associations Singapore","2025-07-18T09:17:31.843Z"
"ASA Holidays  Best travel deals and affordable holiday","support@domain.com","https://asaholiday.com/","Travel Associations","travel associations Singapore","2025-07-18T09:17:31.843Z"
"Visit Singapore Official Site - Discover Singapores Best",,"https://www.visitsingapore.com/","Travel Associations","travel associations Singapore","2025-07-18T09:17:34.204Z"
"Dynasty Travel - Singapore","4455enquiries@dynastytravel.com.sgdestinationsbespokesustainabilityabout","https://www.dynastytravel.com.sg/","Travel Associations","travel associations Singapore","2025-07-18T09:17:37.339Z"
"10 best travel agencies in Singapore that will make your",,"https://sethlui.com/best-travel-agency-guide-singapore/","Travel Associations","travel associations Singapore","2025-07-18T09:17:45.875Z"
"JAPAN NATIONAL TOURISM ORGANIZATION Singapore",,"https://www.japan.travel/en/sg/","Travel Associations","travel associations Singapore","2025-07-18T09:17:52.131Z"
"Singapore Tourism Board",,"https://www.stb.gov.sg/","Travel Associations","tourism associations Singapore","2025-07-18T09:18:05.939Z"
"About",,"https://www.natas.travel/site/about?id=2","Travel Associations","tourism associations Singapore","2025-07-18T09:18:10.602Z"
"Society of Tourist Guides Singapore",,"https://www.myskillsfuture.gov.sg/content/portal/en/public/training-provider.html?UEN=T03SS0148B","Travel Associations","tourism associations Singapore","2025-07-18T09:18:13.715Z"
"about association of singapore attractions asa",,"https://www.singapore-attractions.org.sg/about-singapore-attractions/who-are-we","Travel Associations","tourism associations Singapore","2025-07-18T09:18:16.826Z"
"Society of Tourist Guides Singapore","info@societyoftouristguides.org.sg","https://www.societyoftouristguides.org.sg/home.htm","Travel Associations","tourism associations Singapore","2025-07-18T09:18:22.017Z"
"About SECB - Visit Singapore Official",,"https://www.visitsingapore.com/mice/en/why-singapore/about-secb/","Travel Associations","tourism associations Singapore","2025-07-18T09:18:24.286Z"
"Singapore Tourist Association",,"https://graphic.sg/gallery/singapore-tourist-association-logo-1960s","Travel Associations","tourism associations Singapore","2025-07-18T09:18:34.431Z"
"ASEAN Tourism Association - Commonwealth of Nations",,"https://www.commonwealthofnations.org/organisations/asean_tourism_association/","Travel Associations","tourism associations Singapore","2025-07-18T09:18:39.307Z"
"Singapore Tourism Board",,"https://www.mfa.gov.sg/Overseas-Mission/Wellington/About-Singapore/Tourism/Singapore-Tourism-Board","Travel Associations","tourism associations Singapore","2025-07-18T09:18:41.783Z"
"About TMIS - Tourism Management Institute of Singapore","info@tmis.edu.sg","https://www.tmis.edu.sg/about-us/about-tmis.html","Travel Associations","travel industry organizations Singapore","2025-07-18T09:18:59.406Z"
"Top Singapore Travel Companies 2025",,"https://builtinsingapore.com/companies/type/travel-companies","Travel Associations","travel industry organizations Singapore","2025-07-18T09:19:07.282Z"
"Best Travel Agent 2025 - Group Tours by Air Cruise Coach to",,"https://www.wtstravel.com.sg/","Travel Associations","travel industry organizations Singapore","2025-07-18T09:19:19.971Z"
"BCD Travel Singapore",,"https://www.bcdtravel.com/country/singapore/","Travel Associations","travel industry organizations Singapore","2025-07-18T09:19:28.293Z"
"Hospitality and Tourism industry",,"https://www.moe.gov.sg/sgis/sponsoring-organisations/industries/hospitality-and-tourism","Travel Associations","travel industry organizations Singapore","2025-07-18T09:19:30.764Z"
"ITB Asia","info@itb-asia.com","https://www.itb-asia.com/","Travel Associations","travel industry organizations Singapore","2025-07-18T09:19:36.208Z"
"ITB Asia","exhibitor@itb-asia.com","https://www.itb-asia.com/","Travel Associations","travel industry organizations Singapore","2025-07-18T09:19:36.208Z"
"ITB Asia","buyer@itb-asia.com","https://www.itb-asia.com/","Travel Associations","travel industry organizations Singapore","2025-07-18T09:19:36.208Z"
"ITB Asia","visitor@itb-asia.com","https://www.itb-asia.com/","Travel Associations","travel industry organizations Singapore","2025-07-18T09:19:36.208Z"
"Working in Market Singapore - Corporate","ilin@tourism.australia.com","https://www.tourism.australia.com/en/insights/markets/singapore/working-in-market.html","Travel Associations","travel industry organizations Singapore","2025-07-18T09:19:38.693Z"
"Working in Market Singapore - Corporate","alim@tourism.australia.com","https://www.tourism.australia.com/en/insights/markets/singapore/working-in-market.html","Travel Associations","travel industry organizations Singapore","2025-07-18T09:19:38.693Z"
"National Association of Travel Agents Singapore NATAS",,"https://amadeus.com/en/newsroom/press-releases/national-association-of-travel-agents-singapore-partners-with-amadeus","Travel Associations","travel industry organizations Singapore","2025-07-18T09:19:44.079Z"
"TACs  SBF",,"https://www.sbf.org.sg/membership-tacs/tacs","Travel Associations","Singapore travel trade associations","2025-07-18T09:20:17.100Z"
"TTG Asia  Asia-Pacifics Leading Travel Trade Business",,"https://www.ttgasia.com/","Travel Associations","Singapore travel trade associations","2025-07-18T09:20:22.673Z"
"Travel Trade",,"https://www.changiairport.com/en/corporate/partnering-us/travel-trade.html","Travel Associations","Singapore travel trade associations","2025-07-18T09:20:28.204Z"
"LEAD Trade Fairs and Business Missions",,"https://www.enterprisesg.gov.sg/grow-your-business/go-global/market-entry-support/lead-trade-fairs-and-business-missions","Travel Associations","Singapore travel trade associations","2025-07-18T09:20:32.644Z"
"Adventure Travel Trade Association",,"https://www.adventuretravel.biz/","Travel Associations","Singapore travel trade associations","2025-07-18T09:20:38.748Z"
"GBTA APAC Conference - Global Business Travel Association",,"https://apacconference.gbta.org/","Travel Associations","Singapore travel trade associations","2025-07-18T09:20:43.601Z"
"WHO WE ARE","secretariat@saceos.org.sg","https://saceos.org.sg/who-we-are/","Travel Associations","Singapore travel trade associations","2025-07-18T09:20:47.240Z"
"Singapore Tourism Board",,"https://www.nlb.gov.sg/main/article-detail?cmsuuid=05360b8a-1de6-4f50-9732-700ebbce9663","Tourism Boards","tourism boards Singapore","2025-07-18T09:21:03.603Z"
"ministry of trade and industry singapore tourism board","mci_test@xyz.gov.sg","https://www.sgdi.gov.sg/ministries/mti/statutory-boards/stb","Tourism Boards","tourism boards Singapore","2025-07-18T09:21:09.329Z"
"ministry of trade and industry singapore tourism board","www.stb.gov.sgstb_feedback@stb.gov.sgthe","https://www.sgdi.gov.sg/ministries/mti/statutory-boards/stb","Tourism Boards","tourism boards Singapore","2025-07-18T09:21:09.329Z"
"ministry of trade and industry singapore tourism board","3333olivier_lim@stb.gov.sgchief","https://www.sgdi.gov.sg/ministries/mti/statutory-boards/stb","Tourism Boards","tourism boards Singapore","2025-07-18T09:21:09.329Z"
"ministry of trade and industry singapore tourism board","3300melissa_ow@stb.gov.sgmembermr","https://www.sgdi.gov.sg/ministries/mti/statutory-boards/stb","Tourism Boards","tourism boards Singapore","2025-07-18T09:21:09.329Z"
"ministry of trade and industry singapore tourism board","jasteo@singtel.comtel","https://www.sgdi.gov.sg/ministries/mti/statutory-boards/stb","Tourism Boards","tourism boards Singapore","2025-07-18T09:21:09.329Z"
"ministry of trade and industry singapore tourism board","3826arthurlang@singtel.commemberms","https://www.sgdi.gov.sg/ministries/mti/statutory-boards/stb","Tourism Boards","tourism boards Singapore","2025-07-18T09:21:09.329Z"
"ministry of trade and industry singapore tourism board","janice_ng@sentosa.gov.sgtel","https://www.sgdi.gov.sg/ministries/mti/statutory-boards/stb","Tourism Boards","tourism boards Singapore","2025-07-18T09:21:09.329Z"
"ministry of trade and industry singapore tourism board","9389thien_kwee_eng@sentosa.gov.sgmemberms","https://www.sgdi.gov.sg/ministries/mti/statutory-boards/stb","Tourism Boards","tourism boards Singapore","2025-07-18T09:21:09.329Z"
"ministry of trade and industry singapore tourism board","ychow@metlife.comtel","https://www.sgdi.gov.sg/ministries/mti/statutory-boards/stb","Tourism Boards","tourism boards Singapore","2025-07-18T09:21:09.329Z"
"ministry of trade and industry singapore tourism board","7732siewchoo.soh@metlife.commembermr","https://www.sgdi.gov.sg/ministries/mti/statutory-boards/stb","Tourism Boards","tourism boards Singapore","2025-07-18T09:21:09.329Z"
"ministry of trade and industry singapore tourism board","4888rajeev.menon@marriott.commembermr","https://www.sgdi.gov.sg/ministries/mti/statutory-boards/stb","Tourism Boards","tourism boards Singapore","2025-07-18T09:21:09.329Z"
"ministry of trade and industry singapore tourism board","jessica_lim@nlb.gov.sgcontact","https://www.sgdi.gov.sg/ministries/mti/statutory-boards/stb","Tourism Boards","tourism boards Singapore","2025-07-18T09:21:09.329Z"
"ministry of trade and industry singapore tourism board","65956811lee_seow_hiang_from.board@nlb.gov.sgmemberdr","https://www.sgdi.gov.sg/ministries/mti/statutory-boards/stb","Tourism Boards","tourism boards Singapore","2025-07-18T09:21:09.329Z"
"ministry of trade and industry singapore tourism board","2071ho_kaiwei@moh.gov.sgmembermr","https://www.sgdi.gov.sg/ministries/mti/statutory-boards/stb","Tourism Boards","tourism boards Singapore","2025-07-18T09:21:09.329Z"
"ministry of trade and industry singapore tourism board","josephinekoh@temasekfoundation.org.sgamrinamin","https://www.sgdi.gov.sg/ministries/mti/statutory-boards/stb","Tourism Boards","tourism boards Singapore","2025-07-18T09:21:09.329Z"
"ministry of trade and industry singapore tourism board","doreen_ng@nparks.gov.sgtel","https://www.sgdi.gov.sg/ministries/mti/statutory-boards/stb","Tourism Boards","tourism boards Singapore","2025-07-18T09:21:09.329Z"
"ministry of trade and industry singapore tourism board","6471780164717801hwang_yu-ning@nparks.gov.sgmembermr","https://www.sgdi.gov.sg/ministries/mti/statutory-boards/stb","Tourism Boards","tourism boards Singapore","2025-07-18T09:21:09.329Z"
"ministry of trade and industry singapore tourism board","jngieng@meta.comhp","https://www.sgdi.gov.sg/ministries/mti/statutory-boards/stb","Tourism Boards","tourism boards Singapore","2025-07-18T09:21:09.329Z"
"ministry of trade and industry singapore tourism board","9170824491708244jngieng@meta.comshow","https://www.sgdi.gov.sg/ministries/mti/statutory-boards/stb","Tourism Boards","tourism boards Singapore","2025-07-18T09:21:09.329Z"
"Singapore Tourism Board Act 1963",,"https://sso.agc.gov.sg/Act/STBA1963","Tourism Boards","tourism boards Singapore","2025-07-18T09:21:12.558Z"
"Singapore Tourism Board",,"https://iaapa.org/partners/marketplace/singapore-tourism-board","Tourism Boards","tourism boards Singapore","2025-07-18T09:21:16.053Z"
"Singapore Tourism Board",,"https://www.nas.gov.sg/archivesonline/government_records/agency-details/184","Tourism Boards","tourism boards Singapore","2025-07-18T09:21:20.373Z"
"SINGAPORE TOURISM BOARD 2025 All You Should",,"https://www.tripadvisor.com.sg/Attraction_Review-g294265-d19120638-Reviews-Singapore_Tourism_Board-Singapore.html","Tourism Boards","tourism boards Singapore","2025-07-18T09:21:24.632Z"
"Latest Singapore Tourism Board",,"https://www.straitstimes.com/tags/singapore-tourism-board","Tourism Boards","tourism boards Singapore","2025-07-18T09:21:28.227Z"
"STB_sg - X",,"https://x.com/stb_sg?lang=en","Tourism Boards","tourism boards Singapore","2025-07-18T09:21:30.832Z"
"Singapore Tourism Board","enquiries2026@singaporeairshow.com","https://www.singaporeairshow.com/programmes/singapore-experience/stb/singapore-tourism-board","Tourism Boards","tourism boards Singapore","2025-07-18T09:21:30.832Z"
"DOS  SingStat Website - Tourism",,"https://www.singstat.gov.sg/publications/reference/ebook/industry/tourism","Tourism Boards","tourism boards Singapore","2025-07-18T09:21:34.456Z"
"Singapore Tourist Promotion Board",,"https://www.nas.gov.sg/archivesonline/government_records/agency-details/165","Tourism Boards","Singapore tourism promotion board","2025-07-18T09:21:49.084Z"
"Formation of the Singapore Tourist Promotion Board",,"https://www.nlb.gov.sg/main/article-detail?cmsuuid=0874705c-1e81-408c-ac4d-d4cf6b9c3713","Tourism Boards","Singapore tourism promotion board","2025-07-18T09:22:00.948Z"
"Top 3 Grants by the Singapore Tourism Board",,"https://www.realinboundconsulting.com/blog/top-3-grants-by-the-singapore-tourism-board","Tourism Boards","Singapore tourism promotion board","2025-07-18T09:22:07.430Z"
"Singapore Tourism Board  YourStudent Gemini Wiki - Fandom",,"https://yourstudent-gemini.fandom.com/wiki/Singapore_Tourism_Board","Tourism Boards","Singapore tourism promotion board","2025-07-18T09:22:09.676Z"
"Singapore Tourism Board Act 1963",,"https://sso.agc.gov.sg/Act/STBA1963?ProvIds=xv-.","Tourism Boards","Singapore tourism promotion board","2025-07-18T09:22:13.002Z"
"Singapore Tourism Board",,"https://mindtrip.ai/attraction/singapore/singapore-tourism-board/at-RObYs3P8","Tourism Boards","Singapore tourism promotion board","2025-07-18T09:22:16.195Z"
"Original Singapore Tourist Promotion Board logo 1964",,"https://www.researchgate.net/figure/Original-Singapore-Tourist-Promotion-Board-logo-1964_fig4_257744652","Tourism Boards","Singapore tourism promotion board","2025-07-18T09:22:24.792Z"
"Marketing Singapore",,"https://www.stb.gov.sg/about-stb/what-we-do/marketing-singapore/","Tourism Boards","destination marketing organizations Singapore","2025-07-18T09:22:42.859Z"
"Best Travel  Tourism Digital Marketing","usesitemapagencies@semrush.comsemrushmainpagefeaturespricingnewscompanycommunityhelp","https://agencies.semrush.com/list/travel-tourism-hospitality/singapore/","Tourism Boards","destination marketing organizations Singapore","2025-07-18T09:22:48.613Z"
"The 8 Best Agencies or Service Providers for Tourism",,"https://ecosystem.hubspot.com/marketplace/solutions/tourism-travel/singapore","Tourism Boards","destination marketing organizations Singapore","2025-07-18T09:22:51.379Z"
"Travel  Travel Tech PR  Marketing Agency",,"https://www.finnpartners.com/sg/sector/travel-traveltech/","Tourism Boards","destination marketing organizations Singapore","2025-07-18T09:22:54.554Z"
"The 10 Best Travel Marketing Companies in Singapore",,"https://www.sortlist.com/s/tourism-marketing/singapore-sg","Tourism Boards","destination marketing organizations Singapore","2025-07-18T09:23:06.931Z"
"Social Media Agency Launches Gamified Travel Marketing",,"https://skift.com/2025/01/29/social-media-agency-launches-gamified-travel-marketing-in-singapore-test/","Tourism Boards","destination marketing organizations Singapore","2025-07-18T09:23:12.546Z"
"Sojern - Travel Advertising Platform  Marketing Agency",,"https://www.sojern.com/","Tourism Boards","destination marketing organizations Singapore","2025-07-18T09:23:18.973Z"
"Singapore Tourism - a 360 Perspective",,"https://www.thinkdigital.travel/cases/singapore-tourism-a-360-perspective","Tourism Boards","destination marketing organizations Singapore","2025-07-18T09:23:26.226Z"
"Clients","contact@eduspace.sg","https://xzodus.sg/clients/","Tourism Boards","destination marketing organizations Singapore","2025-07-18T09:23:31.901Z"
"Horus New Caledonia Tourism representation agency in","pr@horusdvcs.comt","https://trade.newcaledonia.travel/horus-representation-agency-singapore/","Tourism Boards","destination marketing organizations Singapore","2025-07-18T09:23:36.162Z"
"Singapore Tourism Board names new digital and social",,"https://www.marketing-interactive.com/singapore-tourism-board-concludes-pr-digital-social-pitch-for-china","Tourism Boards","destination marketing organizations Singapore","2025-07-18T09:23:38.951Z"
"Tourism Marketing Strategies in Singapore - MediaOne",,"https://mediaonemarketing.com.sg/tourism-marketing-strategies-in-singapore/","Tourism Boards","destination marketing organizations Singapore","2025-07-18T09:23:52.656Z"
"Kaohsiung Destination Marketing Organization amazes",,"https://www.maolin-nsa.gov.tw/en/news/2298/","Tourism Boards","destination marketing organizations Singapore","2025-07-18T09:23:56.203Z"
"About STB",,"https://www.stb.gov.sg/about-stb","Tourism Boards","tourism development Singapore","2025-07-18T09:24:03.843Z"
"Sustainable Tourism Development in Singapore","susanah_toh@stb.gov.sg","https://www.gstc.org/wp-content/uploads/Huey-Hong-Ong-.pdf","Tourism Boards","tourism development Singapore","2025-07-18T09:24:12.809Z"
"Singapore targets 50 billion in tourism receipts by 2040",,"https://www.straitstimes.com/singapore/singapore-targets-50-billion-in-tourism-receipts-by-2040-eyes-mice-sector-as-key-growth-driver","Tourism Boards","tourism development Singapore","2025-07-18T09:24:15.822Z"
"Planning for Tourism Creating a Vibrant Singapore",,"https://knowledgehub.clc.gov.sg/publications-library/planning-for-tourism-creating-a-vibrant-singapore/","Tourism Boards","tourism development Singapore","2025-07-18T09:24:20.293Z"
"Tourism 2040 plan advances Singapore outlines",,"https://www.ttgasia.com/2025/04/11/tourism-2040-plan-advances-singapore-outlines-development-plans-through-three-key-pillars/","Tourism Boards","tourism development Singapore","2025-07-18T09:24:27.427Z"
"Singapores Travel Boom International Arrivals Set to",,"https://wttc.org/news/singapores-travel-boom-international-arrivals-set-to-break-records-in-2025","Tourism Boards","tourism development Singapore","2025-07-18T09:24:33.681Z"
"Tourism And Development In Singapore",,"https://www.emerald.com/insight/content/doi/10.1108/s2042-144320140000006015/full/pdf","Tourism Boards","tourism development Singapore","2025-07-18T09:24:38.134Z"
"Singapore to pump S300 million into tourism as part of",,"https://www.edb.gov.sg/en/business-insights/insights/singapore-to-pump-s300-million-into-tourism-as-part-of-broader-economic-plan.html","Tourism Boards","tourism development Singapore","2025-07-18T09:24:40.870Z"
"These Are the Latest Tourism Developments in Singapore",,"https://www.travelagewest.com/Travel/Asia-Pacific/singapore-tourism-board","Tourism Boards","tourism development Singapore","2025-07-18T09:24:48.652Z"
"Public-Private Collaboration in Singapore",,"https://www.gstcouncil.org/wp-content/uploads/S2-Cherie-Lee_compressed.pdf","Tourism Boards","tourism development Singapore","2025-07-18T09:24:56.361Z"
"Singapore to pump 300 million into tourism as part of",,"https://www.straitstimes.com/singapore/politics/singapore-to-pump-300-million-in-tourism-as-part-of-broader-economic-plan","Tourism Boards","tourism development Singapore","2025-07-18T09:24:59.243Z"
"Making Singapore More Vibrant With The Tourism  - MAJU",,"https://www.maju.sg/post/ready-jet-set-go-making-singapore-more-vibrant-with-the-tourism-development-fund","Tourism Boards","tourism development Singapore","2025-07-18T09:25:02.090Z"
"Singapores tourism sector gets S300 million boost  - CNA",,"https://www.channelnewsasia.com/singapore/singapore-tourism-sector-gets-s300-million-boost-develop-new-offerings-4162926","Tourism Boards","tourism development Singapore","2025-07-18T09:25:07.099Z"
"Avis Singapore Online Car Booking  Reservation  Leasing",,"https://www.avis.com.sg/","Car Rental Companies","car rental companies Singapore","2025-07-18T09:25:14.760Z"
"Car Rental Companies - Singapore",,"https://www.sgcarmart.com/directory/listing.php?CAT=5&APPS=1","Car Rental Companies","car rental companies Singapore","2025-07-18T09:25:19.177Z"
"SIXT Car Rental Company in Singapore",,"https://www.sixt.com.sg/","Car Rental Companies","car rental companies Singapore","2025-07-18T09:25:22.534Z"
"Car Rental Save More on Rental Cars Vans  Trucks  Hertz",,"https://www.hertz.com.sg/rentacar/reservation/","Car Rental Companies","car rental companies Singapore","2025-07-18T09:25:25.974Z"
"Singapore Car Rentals  Car Rental Service  Car Leasing",,"https://www.motorwaycarrentals.com/","Car Rental Companies","car rental companies Singapore","2025-07-18T09:25:30.120Z"
"30-40 Cheaper Car Rental in Singapore  247 Car Sharing","support@drivelah.sg","https://www.drivelah.sg/","Car Rental Companies","car rental companies Singapore","2025-07-18T09:25:33.151Z"
"ComfortDelGro Rent-A-Car Car Leasing and Rental",,"https://www.cdgrentacar.com.sg/","Car Rental Companies","car rental companies Singapore","2025-07-18T09:25:35.745Z"
"Car Lite Hourly or Daily Car Rental",,"https://carlite.sg/","Car Rental Companies","car rental companies Singapore","2025-07-18T09:25:38.179Z"
"Car Rental in Singapore  Ace Drive - Leading Car Rental",,"https://www.acedrive.sg/","Car Rental Companies","car rental companies Singapore","2025-07-18T09:25:40.576Z"
"Car Rental in Singapore from S 88day",,"https://www.kayak.sg/Cheap-Singapore-Car-Hire.20828.cars.ksp","Car Rental Companies","car rental companies Singapore","2025-07-18T09:25:43.899Z"
"Affordable Car Rental Services Company in Singapore  From",,"https://bizlinkrentacar.com.sg/","Car Rental Companies","car rental companies Singapore","2025-07-18T09:25:52.831Z"
"TOP 10 BEST Car Rental in Singapore",,"https://www.yelp.com/search?find_desc=Car+Rental&find_loc=Singapore","Car Rental Companies","car rental companies Singapore","2025-07-18T09:26:03.174Z"
"Car Rental Singapore  Rent  Lease Cars",,"https://www.sgcarmart.com/car_rental/index.php","Car Rental Companies","car rental companies Singapore","2025-07-18T09:26:05.366Z"
"Rent a Car",,"https://www.avis.com.sg/Rent-a-Car","Car Rental Companies","car rental companies Singapore","2025-07-18T09:26:07.970Z"
"Popular Rent A Car Car Rental  Car Sharing Singapore",,"https://www.popularcar.com/","Car Rental Companies","car rental companies Singapore","2025-07-18T09:26:10.578Z"
"Best Car Rental Companies in Singapore for 2025",,"https://www.singsaver.com.sg/car-insurance/blog/best-car-rental-companies-in-singapore-comparison","Car Rental Companies","car rental companies Singapore","2025-07-18T09:26:21.671Z"
"LyloDrive  Car Rental Singapore  Lylo",,"https://lylo.sg/lylodrive-car-rental/?srsltid=AfmBOopWayxSgRIKqhSUonHAptL-tKP1KJZ26dYo9HClf9fEaZiuxNv8","Car Rental Companies","car rental companies Singapore","2025-07-18T09:26:30.442Z"
"GetGo",,"https://getgo.sg/","Car Rental Companies","car rental companies Singapore","2025-07-18T09:26:34.542Z"
"Budget Car Rental Singapore Affordable  Last-Minute Hire","sales@singaporecarrental.com.sg","https://www.singaporecarrental.sg/","Car Rental Companies","car rental companies Singapore","2025-07-18T09:26:37.224Z"
"Rent a Car in Singapore - Ace Drive Car Rental",,"https://www.acedrive.sg/car-rental/","Car Rental Companies","vehicle rental Singapore","2025-07-18T09:27:05.415Z"
"LyloDrive  Car Rental Singapore  Lylo",,"https://lylo.sg/lylodrive-car-rental/?srsltid=AfmBOooI-GHVO9mrCESIHInt-JCMA-rBVwmMcpFcKMG3kHfaFu1e2Jk_","Car Rental Companies","vehicle rental Singapore","2025-07-18T09:27:14.002Z"
"Tribecar Car-Sharing In Your Neighbourhood",,"https://www.tribecar.com/","Car Rental Companies","vehicle rental Singapore","2025-07-18T09:27:30.176Z"
"Car Rental Singapore",,"https://www.budget.com/en/locations/sg/singapore","Car Rental Companies","vehicle rental Singapore","2025-07-18T09:27:33.699Z"
"Car Rental in Singapore  SIXT rent a car",,"https://www.sixt.com.sg/car-rental/singapore/singapore/","Car Rental Companies","vehicle rental Singapore","2025-07-18T09:27:36.788Z"
"Vehicle Rental for Delivery Driver",,"https://www.lalamove.com/en-sg/vehicle-rental","Car Rental Companies","vehicle rental Singapore","2025-07-18T09:27:40.947Z"
"GrabRentals - PHV Car Rental  Private Hire Leasing",,"https://www.grab.com/sg/driver/transport/rentals/grabrentals-promotion/","Car Rental Companies","vehicle rental Singapore","2025-07-18T09:27:47.447Z"
"Singapore car rentals starting from S10889",,"https://www.klook.com/en-SG/car-rentals/city/6-singapore-car-rentals/","Car Rental Companies","vehicle rental Singapore","2025-07-18T09:27:56.042Z"
"Singapore Car Rental with Driver  Chauffeur  Van for Hire","selfdrive@cnp.sg","https://www.cnp.sg/","Car Rental Companies","car hire Singapore companies","2025-07-18T09:29:25.131Z"
"Singapore Car Rental with Driver  Chauffeur  Van for Hire","chauffeurdrive@cnp.sg","https://www.cnp.sg/","Car Rental Companies","car hire Singapore companies","2025-07-18T09:29:25.131Z"
"Singapore Car Rental with Driver  Chauffeur  Van for Hire","enquiry@cnp.sg","https://www.cnp.sg/","Car Rental Companies","car hire Singapore companies","2025-07-18T09:29:25.131Z"
"GrabRentals  Rent from Grabs very own fleet  Grab SG",,"https://www.grab.com/sg/driver/transport/rentals/","Car Rental Companies","car hire Singapore companies","2025-07-18T09:29:30.689Z"
"Car rentals",,"https://www.singaporeair.com/en_UK/sg/plan-travel/promotions/cars/","Car Rental Companies","car hire Singapore companies","2025-07-18T09:29:36.419Z"
"Find the best car rental companies in Singapore",,"https://m.rentcars.com/en/companies/singapore","Car Rental Companies","car hire Singapore companies","2025-07-18T09:29:46.007Z"
"LyloDrive  Car Rental Singapore  Lylo",,"https://lylo.sg/lylodrive-car-rental/?srsltid=AfmBOooQtXEi_wfSejxtiLRS3pPBkLl1J0IT5eE5NVYVAJ-UfYJKi03O","Car Rental Companies","Singapore car rental services","2025-07-18T09:30:51.645Z"
"5 Star Hotels in Singapore  Contact Us","tfs.info@fullertonhotels.com","https://www.fullertonhotels.com/contact-us","Hotels","hotels Singapore contact","2025-07-18T09:31:34.343Z"
"Contact Us",,"https://www.fourseasons.com/singapore/contact-us/","Hotels","hotels Singapore contact","2025-07-18T09:31:37.635Z"
"Contact Us  InterContinental Singapore","singapore@ihg.com","https://singapore.intercontinental.com/contact","Hotels","hotels Singapore contact","2025-07-18T09:31:37.635Z"
"Contact Us  InterContinental Singapore","sinhb-resvn@ihg.com","https://singapore.intercontinental.com/contact","Hotels","hotels Singapore contact","2025-07-18T09:31:37.635Z"
"Contact Us Via Tel Fax Email  V Hotel Singapore","contact@vhotel.sg","https://www.wwhotels.com/v-hotel/contact-us/","Hotels","hotels Singapore contact","2025-07-18T09:31:37.635Z"
"The Singapore EDITION  Contact","reservations.sgedition@editionhotels.com","https://www.editionhotels.com/singapore/contact/","Hotels","hotels Singapore contact","2025-07-18T09:31:37.635Z"
"Contact Us  The Fullerton Hotel Singapore","tfs.reservations@fullertonhotels.com","https://www.fullertonhotels.com/fullerton-hotel-singapore/contact-us","Hotels","hotels Singapore contact","2025-07-18T09:31:37.635Z"
"Contact Us  The Fullerton Hotel Singapore","dining-rsvp@fullertonhotels.com","https://www.fullertonhotels.com/fullerton-hotel-singapore/contact-us","Hotels","hotels Singapore contact","2025-07-18T09:31:37.635Z"
"Capella Hotel Singapore - Contact",,"https://capellahotels.com/en/capella-singapore/contact","Hotels","hotels Singapore contact","2025-07-18T09:31:46.290Z"
"Contact Us  Hotel Email  Contact Numbers","singapore@fairmont.com","https://www.fairmont-singapore.com/contact-us/","Hotels","hotels Singapore contact","2025-07-18T09:31:46.290Z"
"Contact  Amara Singapore","reservation.sg@amarahotels.com","https://singapore.amarahotels.com/contact","Hotels","hotels Singapore contact","2025-07-18T09:31:46.290Z"
"Contact  Amara Singapore","sales.sg@amarahotels.com","https://singapore.amarahotels.com/contact","Hotels","hotels Singapore contact","2025-07-18T09:31:46.290Z"
"Contact Us - Naumi Hotel Singapore","info.nsg@naumihotels.com","https://naumihotels.com/singapore/contact/","Hotels","hotels Singapore contact","2025-07-18T09:31:46.290Z"
"Contact Us - Naumi Hotel Singapore","stay.nsg@naumihotels.com","https://naumihotels.com/singapore/contact/","Hotels","hotels Singapore contact","2025-07-18T09:31:46.290Z"
"Contact Us Via Tel Fax Email  Hotel Boss Singapore","sales@wwhotels.com","https://www.wwhotels.com/hotel-boss/contact-us/","Hotels","hotels Singapore contact","2025-07-18T09:31:46.290Z"
"Hotelscom Singapore",,"https://sg.hotels.com/","Hotels","hotels Singapore contact","2025-07-18T09:31:58.355Z"
"Contact Us - Above Outram Park MRT Station","info.singapore@dorsetthotels.com","https://www.dorsetthotels.com/dorsett-singapore/contact-us.html","Hotels","hotels Singapore contact","2025-07-18T09:31:58.355Z"
"Carlton Hotel Singapore  Upscale Hotel Near City Hall","mail@carltonhotel.sg","https://www.carltonhotel.sg/","Hotels","hotels Singapore contact","2025-07-18T09:31:58.355Z"
"Contact Us","info@linkhotel.com.sg","https://linkhotel.com.sg/contact-us/","Hotels","hotels Singapore contact","2025-07-18T09:31:58.355Z"
"Pan Pacific Singapore Official Site","enquiry.ppsin@panpacific.com","https://www.panpacific.com/en/hotels-and-resorts/pp-marina.html","Hotels","hotels Singapore contact","2025-07-18T09:32:03.554Z"
"Pan Pacific Singapore Official Site","enquiry.ppsin.panpacific@panpacific.panpacific.com.panpacific","https://www.panpacific.com/en/hotels-and-resorts/pp-marina.html","Hotels","hotels Singapore contact","2025-07-18T09:32:03.554Z"
"Hotel Bencoolen Singapore  Official Site","onlinereservation@hotelbencoolen.com","https://bencoolen-street.hotelbencoolen.com/contact-us/en","Hotels","hotels Singapore contact","2025-07-18T09:32:03.554Z"
"M Hotel Singapore City Centre",,"https://www.millenniumhotels.com/en/singapore/m-hotel-singapore/","Hotels","hotels Singapore contact","2025-07-18T09:32:12.125Z"
"Contact Us - Concorde Hotel Singapore","singapore@concorde.net","https://singapore.concordehotelsresorts.com/contact-us/","Hotels","hotels Singapore contact","2025-07-18T09:32:12.125Z"
"Hotel chains in Singapore",,"https://www.hotelchains.com/singapore/","Hotels","hotel chains Singapore","2025-07-18T09:32:18.889Z"
"Hotel chain overview for Singapore Singapore  Hotel chains",,"https://www.hotelchains.com/singapore/singapore/","Hotels","hotel chains Singapore","2025-07-18T09:32:21.383Z"
"Hotel chains in Singapore - Looking for Booking",,"https://www.lookingforbooking.com/hotel-chains/singapore","Hotels","hotel chains Singapore","2025-07-18T09:32:24.872Z"
"Pan Pacific Hotels Group Pan Pacific PARKROYAL",,"https://www.panpacific.com/","Hotels","hotel chains Singapore","2025-07-18T09:32:29.959Z"
"Hotel Chain in Asia  Park Hotel Group  Official Site",,"https://www.parkhotelgroup.com/","Hotels","hotel chains Singapore","2025-07-18T09:32:32.919Z"
"The Fullerton Hotels  Five Star Hotels  Luxury Hotels in","tfs.info@fullertonhotels.com","https://www.fullertonhotels.com/","Hotels","hotel chains Singapore","2025-07-18T09:32:36.136Z"
"The Fullerton Hotels  Five Star Hotels  Luxury Hotels in","fbh.info@fullertonhotels.com","https://www.fullertonhotels.com/","Hotels","hotel chains Singapore","2025-07-18T09:32:36.136Z"
"The Fullerton Hotels  Five Star Hotels  Luxury Hotels in","fsy.info@fullertonhotels.com","https://www.fullertonhotels.com/","Hotels","hotel chains Singapore","2025-07-18T09:32:36.136Z"
"The Fullerton Hotels  Five Star Hotels  Luxury Hotels in","fop.info@fullertonhotels.com","https://www.fullertonhotels.com/","Hotels","hotel chains Singapore","2025-07-18T09:32:36.136Z"
"About Us",,"https://www.millenniumhotels.com/en/about-us/our-heritage/","Hotels","hotel chains Singapore","2025-07-18T09:32:44.470Z"
"Far East Hospitality  Hotels  Serviced Apartments in",,"https://www.fareasthospitality.com/","Hotels","hotel chains Singapore","2025-07-18T09:32:47.711Z"
"The 36 Best Luxury Singapore Hotels",,"https://www.fivestaralliance.com/luxury-hotels/691/asia/republic-singapore/singapore","Hotels","hotel chains Singapore","2025-07-18T09:32:50.807Z"
"Pan Pacific Hotels Group  About Us",,"https://www.panpacific.com/en/about.html","Hotels","hotel chains Singapore","2025-07-18T09:32:55.106Z"
"Affordable Singapore Hotels  Worldwide Hotels Official Site","contact@wwhotels.com","https://www.wwhotels.com/","Hotels","hotel chains Singapore","2025-07-18T09:33:02.176Z"
"COMO Hotels and Resorts Luxury Hotels and Resorts",,"https://www.comohotels.com/","Hotels","hotel chains Singapore","2025-07-18T09:33:05.873Z"
"Hotels",,"https://www.hongleong.com.sg/our-businesses/hotels/","Hotels","hotel chains Singapore","2025-07-18T09:33:08.659Z"
"Raffles Hotels  Resorts  Luxury Hotels and Resorts",,"https://www.raffles.com/","Hotels","hotel chains Singapore","2025-07-18T09:33:12.783Z"
"Hotels  Serviced Residences  Singapore","reservation@akaryn.com","https://www.singaporeair.com/en_UK/sg/ppsclub-krisflyer/earn-miles/earn-on-the-ground/hotels-serviced-residences/","Hotels","hotel chains Singapore","2025-07-18T09:33:16.213Z"
"Hotels  Serviced Residences  Singapore","crystal.c@evolveback.com","https://www.singaporeair.com/en_UK/sg/ppsclub-krisflyer/earn-miles/earn-on-the-ground/hotels-serviced-residences/","Hotels","hotel chains Singapore","2025-07-18T09:33:16.213Z"
"Hotels  Serviced Residences  Singapore","partners.rotana@rotana.com","https://www.singaporeair.com/en_UK/sg/ppsclub-krisflyer/earn-miles/earn-on-the-ground/hotels-serviced-residences/","Hotels","hotel chains Singapore","2025-07-18T09:33:16.213Z"
"Hotels  Serviced Residences  Singapore","reservations@thekumaon.com","https://www.singaporeair.com/en_UK/sg/ppsclub-krisflyer/earn-miles/earn-on-the-ground/hotels-serviced-residences/","Hotels","hotel chains Singapore","2025-07-18T09:33:16.213Z"
"Hotels  Serviced Residences  Singapore","concierge@mydayaway.com","https://www.singaporeair.com/en_UK/sg/ppsclub-krisflyer/earn-miles/earn-on-the-ground/hotels-serviced-residences/","Hotels","hotel chains Singapore","2025-07-18T09:33:16.213Z"
"Hotels  Serviced Residences  Singapore","clubservices@anantaraclub.com","https://www.singaporeair.com/en_UK/sg/ppsclub-krisflyer/earn-miles/earn-on-the-ground/hotels-serviced-residences/","Hotels","hotel chains Singapore","2025-07-18T09:33:16.213Z"
"Hotels in Singapore  Marriott Bonvoy",,"https://www.marriott.com/en-us/destinations/singapore.mi","Hotels","hotel chains Singapore","2025-07-18T09:33:20.830Z"
"Hotel Singapore book online at allaccorcom","name@domain.com","https://all.accor.com/a/en/destination/country/hotels-singapore-psg.html","Hotels","hotel chains Singapore","2025-07-18T09:33:24.747Z"
"Hospitality Industry In Singapore Company List","info@mordorintelligence.com","https://www.mordorintelligence.com/industry-reports/hospitality-industry-in-singapore/companies","Hotels","hospitality companies Singapore","2025-07-18T09:33:37.127Z"
"Hospitality Industry In Singapore Company List","media@mordorintelligence.com","https://www.mordorintelligence.com/industry-reports/hospitality-industry-in-singapore/companies","Hotels","hospitality companies Singapore","2025-07-18T09:33:37.127Z"
"Hospitality Industry In Singapore Company List","careers@mordorintelligence.com","https://www.mordorintelligence.com/industry-reports/hospitality-industry-in-singapore/companies","Hotels","hospitality companies Singapore","2025-07-18T09:33:37.127Z"
"Top Hospitality companies in Singapore",,"https://www.lusha.com/company-search/hospitality/8/singapore/43/","Hotels","hospitality companies Singapore","2025-07-18T09:33:40.880Z"
"Associate Members members_listing","secretariat@sha.org.sg","https://sha.org.sg/members_listing/associate_members/Bar,%20Kitchen%20&%20Restaurant%20Suppliers","Hotels","hospitality companies Singapore","2025-07-18T09:33:43.828Z"
"Top Singapore Hospitality Companies 2025",,"https://builtinsingapore.com/companies/type/hospitality-companies","Hotels","hospitality companies Singapore","2025-07-18T09:33:49.097Z"
"Management Companies  Index",,"https://www.hospitalitynet.org/list/hotel-management-companies.html?location:Singapore","Hotels","hospitality companies Singapore","2025-07-18T09:33:52.860Z"
"Top Hospitality Management Companies in Singapore",,"https://ensun.io/search/hospitality-management/singapore","Hotels","hospitality companies Singapore","2025-07-18T09:34:01.395Z"
"Top Hotels  Resorts Companies in Singapore",,"https://www.glassdoor.sg/Explore/top-hotels-and-resorts-companies-singapore_II.4,22_IIND200139_IL.33,42_IM1123.htm","Hotels","hospitality companies Singapore","2025-07-18T09:34:10.052Z"
"Search Hospitality Companies in Singapore area",,"https://www.zoominfo.com/companies-search/location-singapore--central-singapore--singapore-industry-hospitality","Hotels","hospitality companies Singapore","2025-07-18T09:34:21.952Z"
"The Lo  Behold Group",,"https://www.lobehold.com/","Hotels","hospitality companies Singapore","2025-07-18T09:34:30.893Z"
"List of Hospitality Companies in Singapore",,"https://sg.hozpitality.com/hospitality-companies/city/best-hospitality-companies-in-singapore","Hotels","hospitality companies Singapore","2025-07-18T09:34:34.329Z"
"CDL  Hospitality",,"https://www.cdl.com.sg/hospitality","Hotels","hospitality companies Singapore","2025-07-18T09:34:36.860Z"
"HPL",,"https://www.hotelprop.com.sg/hotels/","Hotels","hospitality companies Singapore","2025-07-18T09:34:40.050Z"
"Hotel Groups  Index",,"https://www.hospitalitynet.org/list/hotel-groups.html?location:Singapore","Hotels","hospitality companies Singapore","2025-07-18T09:34:51.117Z"
"Hospitality Companies in Singapore",,"https://coresignal.com/discover/hospitality/singapore/","Hotels","hospitality companies Singapore","2025-07-18T09:34:54.536Z"
"Accor - The world-leading augmented hospitality Group",,"https://group.accor.com/en","Hotels","hospitality companies Singapore","2025-07-18T09:35:03.099Z"
"Hospitality and Tourism Management  Singapore",,"https://www.singaporetech.edu.sg/undergraduate-programmes/hospitality-and-tourism-management","Hotels","Singapore hotel management","2025-07-18T09:35:11.465Z"
"Diploma in Hotel Management - Singapore - dimensions","enquiry@dimensions.edu.sg","https://dimensions.edu.sg/academic-courses/diploma-in-hotel-management/","Hotels","Singapore hotel management","2025-07-18T09:35:14.372Z"
"Hotel and Hospitality Management Course in Singapore","enrolment@shatec.sg","https://www.shatec.sg/international-diploma-in-hospitality-management/","Hotels","Singapore hotel management","2025-07-18T09:35:21.198Z"
"Hotel and Hospitality Management Course in Singapore","enrolment@shatec.sgacademic","https://www.shatec.sg/international-diploma-in-hospitality-management/","Hotels","Singapore hotel management","2025-07-18T09:35:21.198Z"
"Universities in Singapore with courses in Hotel Management",,"https://www.easyuni.sg/singapore/hotel-management-and-hospitality/hotel-management/all-levels/","Hotels","Singapore hotel management","2025-07-18T09:35:24.837Z"
"Technical Diploma in Hospitality  Hotel Management",,"https://www.ite.edu.sg/courses/course-finder/course/technical-diploma-in-hospitality-hotel-management","Hotels","Singapore hotel management","2025-07-18T09:35:30.799Z"
"Hospitality  Tourism Management Courses in Singapore",,"https://www.psb-academy.edu.sg/disciplines/hospitality-tourism-courses","Hotels","Singapore hotel management","2025-07-18T09:35:34.546Z"
"Bachelor in International Hotel Management",,"https://www.vatel.sg/en/hospitality-degrees/bachelor-international","Hotels","Singapore hotel management","2025-07-18T09:35:37.747Z"
"Singapore Institute Of Hospitality Home",,"https://sih.edu.sg/","Hotels","Singapore hotel management","2025-07-18T09:35:46.670Z"
"Hospitality  Tourism Management Courses  MDIS","etc@mdis.edu.sg","https://www.mdis.edu.sg/tourism-and-hospitality","Hotels","Singapore hotel management","2025-07-18T09:35:49.699Z"
"Bachelor of Business Majoring in Hospitality and Tourism","admissions-singapore@jcu.edu.auenglish","https://www.jcu.edu.sg/courses-and-study/courses/course/bachelor-of-business-hospitality-And-tourism-management","Hotels","Singapore hotel management","2025-07-18T09:35:52.177Z"
"Bachelor of Business Majoring in Hospitality and Tourism","admissions-singapore@jcu.edu.au","https://www.jcu.edu.sg/courses-and-study/courses/course/bachelor-of-business-hospitality-And-tourism-management","Hotels","Singapore hotel management","2025-07-18T09:35:52.177Z"
"International Hospitality Hotel and Tourism Management","info@gstm.edu.sg","https://gstm.edu.sg/events,-hospitality-and-management-programmes/diploma-(specialized-in-international-hospitality-and-hotel-management)","Hotels","Singapore hotel management","2025-07-18T09:35:55.475Z"
"Diploma in Hospitality  Tourism Management T08","bushotline@tp.edu.sg","https://www.tp.edu.sg/schools-and-courses/students/schools/bus/hospitality-tourism-management.html","Hotels","Singapore hotel management","2025-07-18T09:36:01.124Z"
"Diploma in Hospitality Management",,"https://www.stei.edu.sg/diploma-in-hospitality-management/","Hotels","Singapore hotel management","2025-07-18T09:36:04.249Z"
"Hotel Management Course In Singapore","info@aac.edu.sg","https://www.aac.edu.sg/hotelmanagement","Hotels","Singapore hotel management","2025-07-18T09:36:06.847Z"
"SISH Institute Home Page","info@sish.edu.sg","https://sish.edu.sg/","Hotels","Singapore hotel management","2025-07-18T09:36:14.465Z"
"Diploma in International Hospitality Management","info@lsbf.edu.sg","https://www.lsbf.edu.sg/programmes/diploma/diploma-in-international-hospitality-management","Hotels","Singapore hotel management","2025-07-18T09:36:17.013Z"
"Study Hotel Management and Hospitality in Singapore  2023",,"https://www.easyuni.sg/singapore-hotel-management-and-hospitality/","Hotels","Singapore hotel management","2025-07-18T09:36:20.142Z"
"Diploma in Hospitality and Tourism Management",,"https://kingston.edu.sg/academic-programmers/diploma-in-hospitality-and-tourism-management/","Hotels","Singapore hotel management","2025-07-18T09:36:22.749Z"
"Study in the Best Hospitality Management School in Singapore",,"https://www.vatel.sg/","Hotels","Singapore hotel management","2025-07-18T09:36:25.332Z"
"247 Business Trip  Singapore No1 Wholesaler",,"https://site.giamso.com.sg/","Travel Wholesalers","travel wholesalers Singapore","2025-07-18T09:36:32.831Z"
"Travel Accessories Wholesale Singapore","408703hi@travelsupplies.com.sg","https://www.travelsupplies.com.sg/collections/travel-accessories?srsltid=AfmBOoq-pUvUujyLfCB1lnqw9CY_1sYkz7Vd6_VA7JALOhSFL6KKd-MR","Travel Wholesalers","travel wholesalers Singapore","2025-07-18T09:36:44.807Z"
"CTC Travel","enquiry@ctc.com.sg","https://ctc.com.sg/","Travel Wholesalers","travel wholesalers Singapore","2025-07-18T09:36:48.147Z"
"CTC Travel","salessupport@ctc.com.sg","https://ctc.com.sg/","Travel Wholesalers","travel wholesalers Singapore","2025-07-18T09:36:48.147Z"
"CTC Travel","0001enquiry@ctc.com.sglocate","https://ctc.com.sg/","Travel Wholesalers","travel wholesalers Singapore","2025-07-18T09:36:48.147Z"
"Travel Agent Directory - TRUST - Singapore Tourism Board","joe@adtravel.com.sg","https://trust.stb.gov.sg/site/content/tagaem/landing-page/travel-agent.html?service=ALL&type=ALL&status=TA_R","Travel Wholesalers","travel wholesalers Singapore","2025-07-18T09:36:57.444Z"
"Travel Agent Directory - TRUST - Singapore Tourism Board","himanshu@agitechnosys.com","https://trust.stb.gov.sg/site/content/tagaem/landing-page/travel-agent.html?service=ALL&type=ALL&status=TA_R","Travel Wholesalers","travel wholesalers Singapore","2025-07-18T09:36:57.444Z"
"Travel Agent Directory - TRUST - Singapore Tourism Board","tawakkal@singnet.com.sg","https://trust.stb.gov.sg/site/content/tagaem/landing-page/travel-agent.html?service=ALL&type=ALL&status=TA_R","Travel Wholesalers","travel wholesalers Singapore","2025-07-18T09:36:57.444Z"
"Travel Agent Directory - TRUST - Singapore Tourism Board","alisanexpress@singnet.com.sg","https://trust.stb.gov.sg/site/content/tagaem/landing-page/travel-agent.html?service=ALL&type=ALL&status=TA_R","Travel Wholesalers","travel wholesalers Singapore","2025-07-18T09:36:57.444Z"
"Travel Agent Directory - TRUST - Singapore Tourism Board","almuk@cyberway.com.sg","https://trust.stb.gov.sg/site/content/tagaem/landing-page/travel-agent.html?service=ALL&type=ALL&status=TA_R","Travel Wholesalers","travel wholesalers Singapore","2025-07-18T09:36:57.444Z"
"Travel Agent Directory - TRUST - Singapore Tourism Board","noreply_stb_ta@stb.gov.sg","https://trust.stb.gov.sg/site/content/tagaem/landing-page/travel-agent.html?service=ALL&type=ALL&status=TA_R","Travel Wholesalers","travel wholesalers Singapore","2025-07-18T09:36:57.444Z"
"Travel Agent Directory - TRUST - Singapore Tourism Board","info@ambassador.com.sg","https://trust.stb.gov.sg/site/content/tagaem/landing-page/travel-agent.html?service=ALL&type=ALL&status=TA_R","Travel Wholesalers","travel wholesalers Singapore","2025-07-18T09:36:57.444Z"
"Travel Agent Directory - TRUST - Singapore Tourism Board","info@ananda.com.sg","https://trust.stb.gov.sg/site/content/tagaem/landing-page/travel-agent.html?service=ALL&type=ALL&status=TA_R","Travel Wholesalers","travel wholesalers Singapore","2025-07-18T09:36:57.444Z"
"Travel Agent Directory - TRUST - Singapore Tourism Board","ariane@singnet.com.sg","https://trust.stb.gov.sg/site/content/tagaem/landing-page/travel-agent.html?service=ALL&type=ALL&status=TA_R","Travel Wholesalers","travel wholesalers Singapore","2025-07-18T09:36:57.444Z"
"Travel Agent Directory - TRUST - Singapore Tourism Board","sales@asiaeuroholidays.com.sg","https://trust.stb.gov.sg/site/content/tagaem/landing-page/travel-agent.html?service=ALL&type=ALL&status=TA_R","Travel Wholesalers","travel wholesalers Singapore","2025-07-18T09:36:57.444Z"
"Travel Agent Directory - TRUST - Singapore Tourism Board","babatrvl@singnet.com.sg","https://trust.stb.gov.sg/site/content/tagaem/landing-page/travel-agent.html?service=ALL&type=ALL&status=TA_R","Travel Wholesalers","travel wholesalers Singapore","2025-07-18T09:36:57.444Z"
"Travel Agent Directory - TRUST - Singapore Tourism Board","cwtravel@singnet.com.sg","https://trust.stb.gov.sg/site/content/tagaem/landing-page/travel-agent.html?service=ALL&type=ALL&status=TA_R","Travel Wholesalers","travel wholesalers Singapore","2025-07-18T09:36:57.444Z"
"Travel Agent Directory - TRUST - Singapore Tourism Board","andrew@ensogo.com","https://trust.stb.gov.sg/site/content/tagaem/landing-page/travel-agent.html?service=ALL&type=ALL&status=TA_R","Travel Wholesalers","travel wholesalers Singapore","2025-07-18T09:36:57.444Z"
"247 Business Trip  Singapore No1 Wholesaler - Our Services",,"https://site.giamso.com.sg/our-services","Travel Wholesalers","travel wholesalers Singapore","2025-07-18T09:37:00.603Z"
"WTS Travel Outlets - WTS Travel  Tours - Tours Packages",,"https://www.wtstravel.com.sg/outlets/","Travel Wholesalers","travel wholesalers Singapore","2025-07-18T09:37:03.020Z"
"Corporate Travel Services - Business Travel Made Simple","emailsales@corporate.com.sg","https://www.corporate.com.sg/","Travel Wholesalers","travel wholesalers Singapore","2025-07-18T09:37:18.783Z"
"New Shan Travel","travel@newshan.com","https://www.newshan.com/","Travel Wholesalers","travel wholesalers Singapore","2025-07-18T09:37:25.297Z"
"Travel Agency  Tour Agency  Pinnacle Travel Singapore",,"https://www.pinnacle-travel.com/","Travel Wholesalers","travel wholesalers Singapore","2025-07-18T09:37:29.285Z"
"Golden Travel Services Pte Ltd Singapore",,"https://gts.com.sg/","Travel Wholesalers","travel wholesalers Singapore","2025-07-18T09:37:33.165Z"
"List of appointed Agents",,"https://www.singaporeair.com/content/dam/sia/web-assets/pdfs/local/sg/list-of-appointed-agents.pdf","Travel Wholesalers","travel wholesalers Singapore","2025-07-18T09:37:37.072Z"
"Top 10 Travel Agencies in Singapore for Flight Booking","inquiry@chanbrothers.com.sg","https://www.singsaver.com.sg/blog/best-singapore-travel-agency","Travel Wholesalers","travel wholesalers Singapore","2025-07-18T09:37:41.037Z"
"Top 10 Travel Agencies in Singapore for Flight Booking","enquiries@dynastytravel.com.sg","https://www.singsaver.com.sg/blog/best-singapore-travel-agency","Travel Wholesalers","travel wholesalers Singapore","2025-07-18T09:37:41.037Z"
"Top 10 Travel Agencies in Singapore for Flight Booking","sales_enquiries@namho.com.sg","https://www.singsaver.com.sg/blog/best-singapore-travel-agency","Travel Wholesalers","travel wholesalers Singapore","2025-07-18T09:37:41.037Z"
"Top 10 Travel Agencies in Singapore for Flight Booking","travel@newshan.com","https://www.singsaver.com.sg/blog/best-singapore-travel-agency","Travel Wholesalers","travel wholesalers Singapore","2025-07-18T09:37:41.037Z"
"Top 10 Travel Agencies in Singapore for Flight Booking","enquiry@ctc.com.sg","https://www.singsaver.com.sg/blog/best-singapore-travel-agency","Travel Wholesalers","travel wholesalers Singapore","2025-07-18T09:37:41.037Z"
"Top 10 Travel Agencies in Singapore for Flight Booking","info@fayyaztravels.com","https://www.singsaver.com.sg/blog/best-singapore-travel-agency","Travel Wholesalers","travel wholesalers Singapore","2025-07-18T09:37:41.037Z"
"Top 10 Travel Agencies in Singapore for Flight Booking","kendra.tan@singsaver.com.sg","https://www.singsaver.com.sg/blog/best-singapore-travel-agency","Travel Wholesalers","travel wholesalers Singapore","2025-07-18T09:37:41.037Z"
"10 Best Singapore Tour Companies  Operators 20252026",,"https://www.tourradar.com/g/singapore-tour-operators?srsltid=AfmBOoo5o_XWy1kXq6Th4DRRzFRuVIspbrUifJC__Lx28hAyEEu4mRYU","Travel Wholesalers","tour operators Singapore","2025-07-18T09:37:58.181Z"
"Nam Ho Travel Tour  Travel Agency Singapore  Cruise","sales_enquiries@namho.com.sg","https://namho.com.sg/","Travel Wholesalers","tour operators Singapore","2025-07-18T09:38:06.888Z"
"The Singapore Tour Company with the Widest Range of","bookings@letsgotoursingapore.com","https://www.letsgotoursingapore.com/","Travel Wholesalers","tour operators Singapore","2025-07-18T09:38:12.519Z"
"Hello Singapore Tours","bookings@hellosingaporetours.com","https://www.hellosingaporetours.com/","Travel Wholesalers","tour operators Singapore","2025-07-18T09:38:15.037Z"
"Hello Singapore Tours","201701948nbookings@hellosingaporetours.com","https://www.hellosingaporetours.com/","Travel Wholesalers","tour operators Singapore","2025-07-18T09:38:15.037Z"
"Luxury Travel Company  Tour Operator  Lightfoot Travel",,"https://www.lightfoottravel.com/","Travel Wholesalers","tour operators Singapore","2025-07-18T09:38:17.871Z"
"Best of Singapore Inbound Tour 2025 with",,"https://www.wtstravel.com.sg/inbound/","Travel Wholesalers","tour operators Singapore","2025-07-18T09:38:20.089Z"
"Monster Day Tours Go Big or Go Home  Best Singapore Tours","info@monsterdaytours.comconnect","https://www.monsterdaytours.com/","Travel Wholesalers","tour operators Singapore","2025-07-18T09:38:22.790Z"
"Fayyaz Travels Luxury Travel Agency in Singapore",,"https://fayyaztravels.com/","Travel Wholesalers","tour operators Singapore","2025-07-18T09:38:28.692Z"
"Best Tour operator in Singapore - Singapore Forum",,"https://www.tripadvisor.com.sg/ShowTopic-g294265-i1748-k8004872-Best_Tour_operator_in_Singapore-Singapore.html","Travel Wholesalers","tour operators Singapore","2025-07-18T09:38:39.714Z"
"Tour Operator in Singapore","info@embassyalliance.com","https://embassyalliance.com/tour-operator-in-singapore/","Travel Wholesalers","tour operators Singapore","2025-07-18T09:38:43.983Z"
"Best Travel Agency in Singapore For Stress-Free",,"https://www.you.co/sg/blog/best-travel-agency-in-singapore/","Travel Wholesalers","travel agents Singapore","2025-07-18T09:40:10.055Z"
"EU Holidays - Leading Travel Agency in Singapore","sales@euholidays.com.sg","https://www.euholidays.com.sg/","Travel Wholesalers","travel agents Singapore","2025-07-18T09:40:17.944Z"
"LGE Travel -  - Lets Go Everywhere",,"https://lge.com.sg/","Travel Wholesalers","travel agents Singapore","2025-07-18T09:40:37.587Z"
"THE BEST 10 TRAVEL AGENTS in SINGAPORE",,"https://www.yelp.com/search?cflt=travelagents&find_loc=Singapore","Travel Wholesalers","travel agents Singapore","2025-07-18T09:40:53.035Z"
"10 Best Singapore Tour Companies  Operators 20252026",,"https://www.tourradar.com/g/singapore-tour-operators?srsltid=AfmBOopEMvMU_c2DX1O3CAoA8vq142_Xnnt89El-NyaDXcDx8PulWm5-","Travel Wholesalers","Singapore travel companies","2025-07-18T09:41:20.737Z"
"TOP 10 BEST Travel Agents in Singapore",,"https://www.yelp.com/search?find_desc=Travel+Agents&find_loc=Singapore","Travel Wholesalers","Singapore travel companies","2025-07-18T09:42:17.531Z"